FK_LOJA,LOJA,DATA,DESCRICAO,FERIADO_FIXO,LOJA_ABERTA,MES,ANO,SEMANA_DO_ANO,ESTACAO_DO_ANO,REGISTO_MAIS_RECENTE,ANO_NOVO,CARNAVAL,DIA_DO_TRABALHADOR,NATAL,PASCOA,SEXTA_FEIRA_SANTA,PASSAGEM_DE_ANO,DIA_DE_TODOS_OS_SANTOS,VERAO,PRIMAVERA,OUTONO,INVERNO
POR008,Gaia,2024-01-01,Ano Novo,S,1,1,2024,1,Inverno,1,1,0,0,0,0,0,0,0,0,0,0,1
POR008,Gaia,2023-01-01,Ano Novo,S,1,1,2023,52,Inverno,0,1,0,0,0,0,0,0,0,0,0,0,1
POR008,Gaia,2022-01-01,Ano Novo,N,0,1,2022,52,Inverno,0,1,0,0,0,0,0,0,0,0,0,0,1
POR008,Gaia,2022-01-01,Ano Novo,S,1,1,2022,52,Inverno,0,1,0,0,0,0,0,0,0,0,0,0,1
POR008,Gaia,2021-01-01,Ano Novo,S,1,1,2021,53,Inverno,0,1,0,0,0,0,0,0,0,0,0,0,1
POR008,Gaia,2020-01-01,Ano Novo,S,1,1,2020,1,Inverno,0,1,0,0,0,0,0,0,0,0,0,0,1
POR008,Gaia,2023-08-15,Assunção de Maria,S,1,8,2023,33,Verão,1,0,0,0,0,0,0,0,0,1,0,0,0
POR008,Gaia,2022-08-15,Assunção de Maria,N,1,8,2022,33,Verão,0,0,0,0,0,0,0,0,0,1,0,0,0
POR008,Gaia,2024-02-13,Carnaval,N,1,2,2024,7,Inverno,1,0,1,0,0,0,0,0,0,0,0,0,1
POR008,Gaia,2023-02-21,Carnaval,N,1,2,2023,8,Inverno,0,0,1,0,0,0,0,0,0,0,0,0,1
POR008,Gaia,2022-03-01,Carnaval,N,1,3,2022,9,Primavera,0,0,1,0,0,0,0,0,0,0,1,0,0
POR008,Gaia,2023-06-08,Corpo de Deus,S,1,6,2023,23,Verão,1,0,0,0,0,0,0,0,0,1,0,0,0
POR008,Gaia,2022-06-16,Corpo de Deus,N,1,6,2022,24,Verão,0,0,0,0,0,0,0,0,0,1,0,0,0
POR008,Gaia,2023-12-08,Dia da Imaculada Conceição,S,1,12,2023,49,Inverno,1,0,0,0,0,0,0,0,0,0,0,0,1
POR008,Gaia,2022-12-08,Dia da Imaculada Conceição,N,1,12,2022,49,Inverno,0,0,0,0,0,0,0,0,0,0,0,0,1
POR008,Gaia,2023-04-25,Dia da Liberdade,S,1,4,2023,17,Primavera,1,0,0,0,0,0,0,0,0,0,1,0,0
POR008,Gaia,2022-04-25,Dia da Liberdade,N,1,4,2022,17,Primavera,0,0,0,0,0,0,0,0,0,0,1,0,0
POR008,Gaia,2022-04-25,Dia da Liberdade,N,1,4,2022,17,Primavera,0,0,0,0,0,0,0,0,0,0,1,0,0
POR008,Gaia,2023-06-10,Dia de Portugal,S,1,6,2023,23,Verão,1,0,0,0,0,0,0,0,0,1,0,0,0
POR008,Gaia,2022-06-10,Dia de Portugal,N,1,6,2022,23,Verão,0,0,0,0,0,0,0,0,0,1,0,0,0
POR008,Gaia,2023-11-01,Dia de Todos os Santos,S,1,11,2023,44,Outono,1,0,0,0,0,0,0,0,1,0,0,1,0
POR008,Gaia,2022-11-01,Dia de Todos os Santos,N,1,11,2022,44,Outono,0,0,0,0,0,0,0,0,1,0,0,1,0
POR008,Gaia,2023-05-01,Dia do Trabalhador,S,1,5,2023,18,Primavera,1,0,0,1,0,0,0,0,0,0,1,0,0
POR008,Gaia,2022-05-01,Dia do Trabalhador,N,1,5,2022,17,Primavera,0,0,0,1,0,0,0,0,0,0,1,0,0
POR008,Gaia,2023-06-24,Feriado Municipal de Vila Nova de Gaia,S,1,6,2023,25,Verão,1,0,0,0,0,0,0,0,0,1,0,0,0
POR008,Gaia,2022-06-24,Feriado Municipal do Porto,N,1,6,2022,25,Verão,1,0,0,0,0,0,0,0,0,1,0,0,0
POR008,Gaia,2023-10-05,Implantação da República,S,1,10,2023,40,Outono,1,0,0,0,0,0,0,0,0,0,0,1,0
POR008,Gaia,2022-10-05,Implantação da República,N,1,10,2022,40,Outono,0,0,0,0,0,0,0,0,0,0,0,1,0
POR008,Gaia,2024-12-25,Natal,S,1,12,2024,52,Inverno,1,0,0,0,1,0,0,0,0,0,0,0,1
POR008,Gaia,2023-12-25,Natal,S,1,12,2023,52,Inverno,0,0,0,0,1,0,0,0,0,0,0,0,1
POR008,Gaia,2022-12-25,Natal,N,0,12,2022,51,Inverno,0,0,0,0,1,0,0,0,0,0,0,0,1
POR008,Gaia,2022-12-25,Natal,S,1,12,2022,51,Inverno,0,0,0,0,1,0,0,0,0,0,0,0,1
POR008,Gaia,2021-12-25,Natal,S,1,12,2021,51,Inverno,0,0,0,0,1,0,0,0,0,0,0,0,1
POR008,Gaia,2020-12-25,Natal,S,1,12,2020,52,Inverno,0,0,0,0,1,0,0,0,0,0,0,0,1
POR008,Gaia,2024-03-31,Páscoa,N,1,3,2024,13,Primavera,1,0,0,0,0,1,0,0,0,0,1,0,0
POR008,Gaia,2023-04-09,Páscoa,N,1,4,2023,14,Primavera,0,0,0,0,0,1,0,0,0,0,1,0,0
POR008,Gaia,2022-04-17,Páscoa,N,1,4,2022,15,Primavera,0,0,0,0,0,1,0,0,0,0,1,0,0
POR008,Gaia,2023-12-01,Restauração da Independência,S,1,12,2023,48,Inverno,1,0,0,0,0,0,0,0,0,0,0,0,1
POR008,Gaia,2022-12-01,Restauração da Independência,N,1,12,2022,48,Inverno,0,0,0,0,0,0,0,0,0,0,0,0,1
POR008,Gaia,2024-03-29,Sexta-feira Santa,N,1,3,2024,13,Primavera,1,0,0,0,0,0,1,0,0,0,1,0,0
POR008,Gaia,2023-04-07,Sexta-feira Santa,N,1,4,2023,14,Primavera,0,0,0,0,0,0,1,0,0,0,1,0,0
POR008,Gaia,2022-04-15,Sexta-feira Santa,N,1,4,2022,15,Primavera,0,0,0,0,0,0,1,0,0,0,1,0,0
POR009,Coimbra,2024-01-01,Ano Novo,S,1,1,2024,1,Inverno,1,1,0,0,0,0,0,0,0,0,0,0,1
POR009,Coimbra,2023-01-01,Ano Novo,N,1,1,2023,52,Inverno,0,1,0,0,0,0,0,0,0,0,0,0,1
POR009,Coimbra,2023-01-01,Ano Novo,S,1,1,2023,52,Inverno,0,1,0,0,0,0,0,0,0,0,0,0,1
POR009,Coimbra,2022-01-01,Ano Novo,N,0,1,2022,52,Inverno,0,1,0,0,0,0,0,0,0,0,0,0,1
POR009,Coimbra,2022-01-01,Ano Novo,S,1,1,2022,52,Inverno,0,1,0,0,0,0,0,0,0,0,0,0,1
POR009,Coimbra,2021-01-01,Ano Novo,S,1,1,2021,53,Inverno,0,1,0,0,0,0,0,0,0,0,0,0,1
POR009,Coimbra,2020-01-01,Ano Novo,S,1,1,2020,1,Inverno,0,1,0,0,0,0,0,0,0,0,0,0,1
POR009,Coimbra,2023-08-15,Assunção de Maria,S,1,8,2023,33,Verão,1,0,0,0,0,0,0,0,0,1,0,0,0
POR009,Coimbra,2024-02-13,Carnaval,N,1,2,2024,7,Inverno,1,0,1,0,0,0,0,0,0,0,0,0,1
POR009,Coimbra,2023-02-21,Carnaval,N,1,2,2023,8,Inverno,0,0,1,0,0,0,0,0,0,0,0,0,1
POR009,Coimbra,2022-03-01,Carnaval,N,1,3,2022,9,Primavera,0,0,1,0,0,0,0,0,0,0,1,0,0
POR009,Coimbra,2023-06-08,Corpo de Deus,S,1,6,2023,23,Verão,1,0,0,0,0,0,0,0,0,1,0,0,0
POR009,Coimbra,2022-06-16,Corpo de Deus,N,1,6,2022,24,Verão,0,0,0,0,0,0,0,0,0,1,0,0,0
POR009,Coimbra,2023-12-08,Dia da Imaculada Conceição,S,1,12,2023,49,Inverno,1,0,0,0,0,0,0,0,0,0,0,0,1
POR009,Coimbra,2022-12-08,Dia da Imaculada Conceição,N,1,12,2022,49,Inverno,0,0,0,0,0,0,0,0,0,0,0,0,1
POR009,Coimbra,2023-04-25,Dia da Liberdade,S,1,4,2023,17,Primavera,1,0,0,0,0,0,0,0,0,0,1,0,0
POR009,Coimbra,2022-04-25,Dia da Liberdade,N,1,4,2022,17,Primavera,0,0,0,0,0,0,0,0,0,0,1,0,0
POR009,Coimbra,2023-06-10,Dia de Portugal,S,1,6,2023,23,Verão,1,0,0,0,0,0,0,0,0,1,0,0,0
POR009,Coimbra,2022-06-10,Dia de Portugal,N,1,6,2022,23,Verão,0,0,0,0,0,0,0,0,0,1,0,0,0
POR009,Coimbra,2023-11-01,Dia de Todos os Santos,S,1,11,2023,44,Outono,1,0,0,0,0,0,0,0,1,0,0,1,0
POR009,Coimbra,2022-11-01,Dia de Todos os Santos,N,1,11,2022,44,Outono,0,0,0,0,0,0,0,0,1,0,0,1,0
POR009,Coimbra,2023-05-01,Dia do Trabalhador,S,1,5,2023,18,Primavera,1,0,0,1,0,0,0,0,0,0,1,0,0
POR009,Coimbra,2022-05-01,Dia do Trabalhador,N,1,5,2022,17,Primavera,0,0,0,1,0,0,0,0,0,0,1,0,0
POR009,Coimbra,2023-07-04,Feriado Municipal de Coimbra,S,1,7,2023,27,Verão,1,0,0,0,0,0,0,0,0,1,0,0,0
POR009,Coimbra,2023-10-05,Implantação da República,S,1,10,2023,40,Outono,1,0,0,0,0,0,0,0,0,0,0,1,0
POR009,Coimbra,2022-10-05,Implantação da República,N,1,10,2022,40,Outono,0,0,0,0,0,0,0,0,0,0,0,1,0
POR009,Coimbra,2024-12-25,Natal,S,0,12,2024,52,Inverno,1,0,0,0,1,0,0,0,0,0,0,0,1
POR009,Coimbra,2023-12-25,Natal,N,1,12,2023,52,Inverno,0,0,0,0,1,0,0,0,0,0,0,0,1
POR009,Coimbra,2023-12-25,Natal,S,0,12,2023,52,Inverno,0,0,0,0,1,0,0,0,0,0,0,0,1
POR009,Coimbra,2022-12-25,Natal,S,0,12,2022,51,Inverno,0,0,0,0,1,0,0,0,0,0,0,0,1
POR009,Coimbra,2021-12-25,Natal,S,0,12,2021,51,Inverno,0,0,0,0,1,0,0,0,0,0,0,0,1
POR009,Coimbra,2020-12-25,Natal,S,0,12,2020,52,Inverno,0,0,0,0,1,0,0,0,0,0,0,0,1
POR009,Coimbra,2024-03-31,Páscoa,N,1,3,2024,13,Primavera,1,0,0,0,0,1,0,0,0,0,1,0,0
POR009,Coimbra,2023-04-09,Páscoa,N,1,4,2023,14,Primavera,0,0,0,0,0,1,0,0,0,0,1,0,0
POR009,Coimbra,2023-12-01,Restauração da Independência,S,1,12,2023,48,Inverno,1,0,0,0,0,0,0,0,0,0,0,0,1
POR009,Coimbra,2022-12-01,Restauração da Independência,N,1,12,2022,48,Inverno,0,0,0,0,0,0,0,0,0,0,0,0,1
POR009,Coimbra,2024-03-29,Sexta-feira Santa,N,1,3,2024,13,Primavera,1,0,0,0,0,0,1,0,0,0,1,0,0
POR009,Coimbra,2023-04-07,Sexta-feira Santa,N,1,4,2023,14,Primavera,0,0,0,0,0,0,1,0,0,0,1,0,0
POR009,Coimbra,2022-04-15,Sexta-feira Santa,N,1,4,2022,15,Primavera,0,0,0,0,0,0,1,0,0,0,1,0,0
POR010,Viseu,2024-01-01,Ano Novo,S,1,1,2024,1,Inverno,1,1,0,0,0,0,0,0,0,0,0,0,1
POR010,Viseu,2023-01-01,Ano Novo,S,1,1,2023,52,Inverno,0,1,0,0,0,0,0,0,0,0,0,0,1
POR010,Viseu,2022-01-01,Ano Novo,N,0,1,2022,52,Inverno,0,1,0,0,0,0,0,0,0,0,0,0,1
POR010,Viseu,2022-01-01,Ano Novo,S,1,1,2022,52,Inverno,0,1,0,0,0,0,0,0,0,0,0,0,1
POR010,Viseu,2021-01-01,Ano Novo,S,1,1,2021,53,Inverno,0,1,0,0,0,0,0,0,0,0,0,0,1
POR010,Viseu,2020-01-01,Ano Novo,S,1,1,2020,1,Inverno,0,1,0,0,0,0,0,0,0,0,0,0,1
POR010,Viseu,2023-08-15,Assunção de Maria,S,1,8,2023,33,Verão,1,0,0,0,0,0,0,0,0,1,0,0,0
POR010,Viseu,2022-08-15,Assunção de Maria,N,1,8,2022,33,Verão,0,0,0,0,0,0,0,0,0,1,0,0,0
POR010,Viseu,2024-02-13,Carnaval,N,1,2,2024,7,Inverno,1,0,1,0,0,0,0,0,0,0,0,0,1
POR010,Viseu,2023-02-21,Carnaval,N,1,2,2023,8,Inverno,0,0,1,0,0,0,0,0,0,0,0,0,1
POR010,Viseu,2022-03-01,Carnaval,N,1,3,2022,9,Primavera,0,0,1,0,0,0,0,0,0,0,1,0,0
POR010,Viseu,2023-06-08,Corpo de Deus,S,1,6,2023,23,Verão,1,0,0,0,0,0,0,0,0,1,0,0,0
POR010,Viseu,2022-06-16,Corpo de Deus,N,1,6,2022,24,Verão,0,0,0,0,0,0,0,0,0,1,0,0,0
POR010,Viseu,2023-12-08,Dia da Imaculada Conceição,S,1,12,2023,49,Inverno,1,0,0,0,0,0,0,0,0,0,0,0,1
POR010,Viseu,2022-12-08,Dia da Imaculada Conceição,N,1,12,2022,49,Inverno,0,0,0,0,0,0,0,0,0,0,0,0,1
POR010,Viseu,2023-04-25,Dia da Liberdade,S,1,4,2023,17,Primavera,1,0,0,0,0,0,0,0,0,0,1,0,0
POR010,Viseu,2022-04-25,Dia da Liberdade,N,1,4,2022,17,Primavera,0,0,0,0,0,0,0,0,0,0,1,0,0
POR010,Viseu,2023-06-10,Dia de Portugal,S,1,6,2023,23,Verão,1,0,0,0,0,0,0,0,0,1,0,0,0
POR010,Viseu,2022-06-10,Dia de Portugal,N,1,6,2022,23,Verão,0,0,0,0,0,0,0,0,0,1,0,0,0
POR010,Viseu,2024-11-01,Dia de Todos os Santos,S,1,11,2024,44,Outono,1,0,0,0,0,0,0,0,1,0,0,1,0
POR010,Viseu,2023-11-01,Dia de Todos os Santos,S,1,11,2023,44,Outono,0,0,0,0,0,0,0,0,1,0,0,1,0
POR010,Viseu,2023-11-01,Dia de Todos os Santos,S,1,11,2023,44,Outono,0,0,0,0,0,0,0,0,1,0,0,1,0
POR010,Viseu,2022-11-01,Dia de Todos os Santos,S,1,11,2022,44,Outono,0,0,0,0,0,0,0,0,1,0,0,1,0
POR010,Viseu,2021-11-01,Dia de Todos os Santos,S,1,11,2021,44,Outono,0,0,0,0,0,0,0,0,1,0,0,1,0
POR010,Viseu,2020-11-01,Dia de Todos os Santos,S,1,11,2020,44,Outono,0,0,0,0,0,0,0,0,1,0,0,1,0
POR010,Viseu,2023-05-01,Dia do Trabalhador,S,1,5,2023,18,Primavera,1,0,0,1,0,0,0,0,0,0,1,0,0
POR010,Viseu,2022-05-01,Dia do Trabalhador,N,1,5,2022,17,Primavera,0,0,0,1,0,0,0,0,0,0,1,0,0
POR010,Viseu,2024-09-21,Feriado Municipal de Viseu,S,1,9,2024,38,Outono,1,0,0,0,0,0,0,0,0,0,0,1,0
POR010,Viseu,2023-09-21,Feriado Municipal de Viseu,S,1,9,2023,38,Outono,0,0,0,0,0,0,0,0,0,0,0,1,0
POR010,Viseu,2023-09-21,Feriado Municipal de Viseu,S,1,9,2023,38,Outono,0,0,0,0,0,0,0,0,0,0,0,1,0
POR010,Viseu,2022-09-21,Feriado Municipal de Viseu,S,1,9,2022,38,Outono,0,0,0,0,0,0,0,0,0,0,0,1,0
POR010,Viseu,2021-09-21,Feriado Municipal de Viseu,S,1,9,2021,38,Outono,0,0,0,0,0,0,0,0,0,0,0,1,0
POR010,Viseu,2020-09-21,Feriado Municipal de Viseu,S,1,9,2020,39,Outono,0,0,0,0,0,0,0,0,0,0,0,1,0
POR010,Viseu,2022-06-24,Feriado Municipal do Porto,N,1,6,2022,25,Verão,1,0,0,0,0,0,0,0,0,1,0,0,0
POR010,Viseu,2023-10-05,Implantação da República,S,1,10,2023,40,Outono,1,0,0,0,0,0,0,0,0,0,0,1,0
POR010,Viseu,2022-10-05,Implantação da República,N,1,10,2022,40,Outono,0,0,0,0,0,0,0,0,0,0,0,1,0
POR010,Viseu,2023-12-25,Natal,S,0,12,2023,52,Inverno,1,0,0,0,1,0,0,0,0,0,0,0,1
POR010,Viseu,2022-12-25,Natal,N,0,12,2022,51,Inverno,0,0,0,0,1,0,0,0,0,0,0,0,1
POR010,Viseu,2024-03-31,Páscoa,N,1,3,2024,13,Primavera,1,0,0,0,0,1,0,0,0,0,1,0,0
POR010,Viseu,2023-04-09,Páscoa,N,1,4,2023,14,Primavera,0,0,0,0,0,1,0,0,0,0,1,0,0
POR010,Viseu,2022-04-17,Páscoa,N,1,4,2022,15,Primavera,0,0,0,0,0,1,0,0,0,0,1,0,0
POR010,Viseu,2024-12-01,Restauração da Independência,S,1,12,2024,48,Inverno,1,0,0,0,0,0,0,0,0,0,0,0,1
POR010,Viseu,2023-12-01,Restauração da Independência,S,1,12,2023,48,Inverno,0,0,0,0,0,0,0,0,0,0,0,0,1
POR010,Viseu,2023-12-01,Restauração da Independência,S,1,12,2023,48,Inverno,0,0,0,0,0,0,0,0,0,0,0,0,1
POR010,Viseu,2022-12-01,Restauração da Independência,S,1,12,2022,48,Inverno,0,0,0,0,0,0,0,0,0,0,0,0,1
POR010,Viseu,2022-12-01,Restauração da Independência,S,1,12,2022,48,Inverno,0,0,0,0,0,0,0,0,0,0,0,0,1
POR010,Viseu,2021-12-01,Restauração da Independência,S,1,12,2021,48,Inverno,0,0,0,0,0,0,0,0,0,0,0,0,1
POR010,Viseu,2020-12-01,Restauração da Independência,S,1,12,2020,49,Inverno,0,0,0,0,0,0,0,0,0,0,0,0,1
POR010,Viseu,2024-03-29,Sexta-feira Santa,N,1,3,2024,13,Primavera,1,0,0,0,0,0,1,0,0,0,1,0,0
POR010,Viseu,2023-04-07,Sexta-feira Santa,N,1,4,2023,14,Primavera,0,0,0,0,0,0,1,0,0,0,1,0,0
POR010,Viseu,2022-04-15,Sexta-feira Santa,N,1,4,2022,15,Primavera,0,0,0,0,0,0,1,0,0,0,1,0,0
POR012,Almada Fórum,2024-01-01,Ano Novo,S,0,1,2024,1,Inverno,1,1,0,0,0,0,0,0,0,0,0,0,1
POR012,Almada Fórum,2023-01-01,Ano Novo,S,0,1,2023,52,Inverno,0,1,0,0,0,0,0,0,0,0,0,0,1
POR012,Almada Fórum,2022-01-01,Ano Novo,N,0,1,2022,52,Inverno,0,1,0,0,0,0,0,0,0,0,0,0,1
POR012,Almada Fórum,2022-01-01,Ano Novo,S,0,1,2022,52,Inverno,0,1,0,0,0,0,0,0,0,0,0,0,1
POR012,Almada Fórum,2021-01-01,Ano Novo,S,0,1,2021,53,Inverno,0,1,0,0,0,0,0,0,0,0,0,0,1
POR012,Almada Fórum,2020-01-01,Ano Novo,S,0,1,2020,1,Inverno,0,1,0,0,0,0,0,0,0,0,0,0,1
POR012,Almada Fórum,2023-08-15,Assunção de Maria,S,1,8,2023,33,Verão,1,0,0,0,0,0,0,0,0,1,0,0,0
POR012,Almada Fórum,2022-08-15,Assunção de Maria,N,1,8,2022,33,Verão,0,0,0,0,0,0,0,0,0,1,0,0,0
POR012,Almada Fórum,2021-08-15,Assunção de Maria,N,1,8,2021,32,Verão,0,0,0,0,0,0,0,0,0,1,0,0,0
POR012,Almada Fórum,2024-02-13,Carnaval,N,1,2,2024,7,Inverno,1,0,1,0,0,0,0,0,0,0,0,0,1
POR012,Almada Fórum,2023-02-21,Carnaval,N,1,2,2023,8,Inverno,0,0,1,0,0,0,0,0,0,0,0,0,1
POR012,Almada Fórum,2022-03-01,Carnaval,N,1,3,2022,9,Primavera,0,0,1,0,0,0,0,0,0,0,1,0,0
POR012,Almada Fórum,2023-06-08,Corpo de Deus,S,1,6,2023,23,Verão,1,0,0,0,0,0,0,0,0,1,0,0,0
POR012,Almada Fórum,2022-06-16,Corpo de Deus,N,1,6,2022,24,Verão,0,0,0,0,0,0,0,0,0,1,0,0,0
POR012,Almada Fórum,2021-06-03,Corpo de Deus,N,1,6,2021,22,Verão,0,0,0,0,0,0,0,0,0,1,0,0,0
POR012,Almada Fórum,2023-12-08,Dia da Imaculada Conceição,S,1,12,2023,49,Inverno,1,0,0,0,0,0,0,0,0,0,0,0,1
POR012,Almada Fórum,2022-12-08,Dia da Imaculada Conceição,N,1,12,2022,49,Inverno,0,0,0,0,0,0,0,0,0,0,0,0,1
POR012,Almada Fórum,2021-12-08,Dia da Imaculada Conceição,N,1,12,2021,49,Inverno,0,0,0,0,0,0,0,0,0,0,0,0,1
POR012,Almada Fórum,2023-04-25,Dia da Liberdade,S,1,4,2023,17,Primavera,1,0,0,0,0,0,0,0,0,0,1,0,0
POR012,Almada Fórum,2022-04-25,Dia da Liberdade,N,1,4,2022,17,Primavera,0,0,0,0,0,0,0,0,0,0,1,0,0
POR012,Almada Fórum,2023-06-10,Dia de Portugal,S,1,6,2023,23,Verão,1,0,0,0,0,0,0,0,0,1,0,0,0
POR012,Almada Fórum,2022-06-10,Dia de Portugal,N,1,6,2022,23,Verão,0,0,0,0,0,0,0,0,0,1,0,0,0
POR012,Almada Fórum,2021-06-10,Dia de Portugal,N,1,6,2021,23,Verão,0,0,0,0,0,0,0,0,0,1,0,0,0
POR012,Almada Fórum,2023-11-01,Dia de Todos os Santos,S,1,11,2023,44,Outono,1,0,0,0,0,0,0,0,1,0,0,1,0
POR012,Almada Fórum,2022-11-01,Dia de Todos os Santos,N,1,11,2022,44,Outono,0,0,0,0,0,0,0,0,1,0,0,1,0
POR012,Almada Fórum,2021-11-01,Dia de Todos os Santos,N,1,11,2021,44,Outono,0,0,0,0,0,0,0,0,1,0,0,1,0
POR012,Almada Fórum,2023-05-01,Dia do Trabalhador,S,1,5,2023,18,Primavera,1,0,0,1,0,0,0,0,0,0,1,0,0
POR012,Almada Fórum,2022-05-01,Dia do Trabalhador,N,1,5,2022,17,Primavera,0,0,0,1,0,0,0,0,0,0,1,0,0
POR012,Almada Fórum,2023-06-24,Feriado Municipal de Almada,S,1,6,2023,25,Verão,1,0,0,0,0,0,0,0,0,1,0,0,0
POR012,Almada Fórum,2022-06-24,Feriado Municipal do Porto,N,1,6,2022,25,Verão,1,0,0,0,0,0,0,0,0,1,0,0,0
POR012,Almada Fórum,2021-06-24,Feriado Municipal do Porto,N,1,6,2021,25,Verão,0,0,0,0,0,0,0,0,0,1,0,0,0
POR012,Almada Fórum,2023-10-05,Implantação da República,S,1,10,2023,40,Outono,1,0,0,0,0,0,0,0,0,0,0,1,0
POR012,Almada Fórum,2022-10-05,Implantação da República,N,1,10,2022,40,Outono,0,0,0,0,0,0,0,0,0,0,0,1,0
POR012,Almada Fórum,2021-10-05,Implantação da República,N,1,10,2021,40,Outono,0,0,0,0,0,0,0,0,0,0,0,1,0
POR012,Almada Fórum,2024-12-25,Natal,S,0,12,2024,52,Inverno,1,0,0,0,1,0,0,0,0,0,0,0,1
POR012,Almada Fórum,2023-12-25,Natal,S,0,12,2023,52,Inverno,0,0,0,0,1,0,0,0,0,0,0,0,1
POR012,Almada Fórum,2022-12-25,Natal,N,0,12,2022,51,Inverno,0,0,0,0,1,0,0,0,0,0,0,0,1
POR012,Almada Fórum,2022-12-25,Natal,S,0,12,2022,51,Inverno,0,0,0,0,1,0,0,0,0,0,0,0,1
POR012,Almada Fórum,2021-12-25,Natal,N,0,12,2021,51,Inverno,0,0,0,0,1,0,0,0,0,0,0,0,1
POR012,Almada Fórum,2021-12-25,Natal,S,0,12,2021,51,Inverno,0,0,0,0,1,0,0,0,0,0,0,0,1
POR012,Almada Fórum,2020-12-25,Natal,S,0,12,2020,52,Inverno,0,0,0,0,1,0,0,0,0,0,0,0,1
POR012,Almada Fórum,2024-03-31,Páscoa,N,1,3,2024,13,Primavera,1,0,0,0,0,1,0,0,0,0,1,0,0
POR012,Almada Fórum,2023-04-09,Páscoa,N,1,4,2023,14,Primavera,0,0,0,0,0,1,0,0,0,0,1,0,0
POR012,Almada Fórum,2022-04-17,Páscoa,N,1,4,2022,15,Primavera,0,0,0,0,0,1,0,0,0,0,1,0,0
POR012,Almada Fórum,2023-12-01,Restauração da Independência,S,1,12,2023,48,Inverno,1,0,0,0,0,0,0,0,0,0,0,0,1
POR012,Almada Fórum,2022-12-01,Restauração da Independência,N,1,12,2022,48,Inverno,0,0,0,0,0,0,0,0,0,0,0,0,1
POR012,Almada Fórum,2021-12-01,Restauração da Independência,N,1,12,2021,48,Inverno,0,0,0,0,0,0,0,0,0,0,0,0,1
POR012,Almada Fórum,2024-03-29,Sexta-feira Santa,N,1,3,2024,13,Primavera,1,0,0,0,0,0,1,0,0,0,1,0,0
POR012,Almada Fórum,2023-04-07,Sexta-feira Santa,N,1,4,2023,14,Primavera,0,0,0,0,0,0,1,0,0,0,1,0,0
POR012,Almada Fórum,2022-04-15,Sexta-feira Santa,N,1,4,2022,15,Primavera,0,0,0,0,0,0,1,0,0,0,1,0,0
POR013,Torres Vedras,2024-02-13,Feriado Municipal de Torres Vedras,N,1,2,2024,7,Inverno,1,0,0,0,0,0,0,0,0,0,0,0,1
POR013,Torres Vedras,2024-03-29,Feriado Municipal de Torres Vedras,N,1,3,2024,13,Primavera,0,0,0,0,0,0,0,0,0,0,1,0,0
POR013,Torres Vedras,2024-03-31,Feriado Municipal de Torres Vedras,N,1,3,2024,13,Primavera,0,0,0,0,0,0,0,0,0,0,1,0,0
POR013,Torres Vedras,2024-01-01,Feriado Municipal de Torres Vedras,S,1,1,2024,1,Inverno,0,0,0,0,0,0,0,0,0,0,0,0,1
POR013,Torres Vedras,2024-05-01,Feriado Municipal de Torres Vedras,S,1,5,2024,18,Primavera,0,0,0,0,0,0,0,0,0,0,1,0,0
POR013,Torres Vedras,2024-12-25,Feriado Municipal de Torres Vedras,S,1,12,2024,52,Inverno,0,0,0,0,0,0,0,0,0,0,0,0,1
POR013,Torres Vedras,2023-01-01,Feriado Municipal de Torres Vedras,N,1,1,2023,52,Inverno,0,0,0,0,0,0,0,0,0,0,0,0,1
POR013,Torres Vedras,2023-02-21,Feriado Municipal de Torres Vedras,N,1,2,2023,8,Inverno,0,0,0,0,0,0,0,0,0,0,0,0,1
POR013,Torres Vedras,2023-04-07,Feriado Municipal de Torres Vedras,N,1,4,2023,14,Primavera,0,0,0,0,0,0,0,0,0,0,1,0,0
POR013,Torres Vedras,2023-04-09,Feriado Municipal de Torres Vedras,N,1,4,2023,14,Primavera,0,0,0,0,0,0,0,0,0,0,1,0,0
POR013,Torres Vedras,2023-04-25,Feriado Municipal de Torres Vedras,S,1,4,2023,17,Primavera,0,0,0,0,0,0,0,0,0,0,1,0,0
POR013,Torres Vedras,2023-06-08,Feriado Municipal de Torres Vedras,S,1,6,2023,23,Verão,0,0,0,0,0,0,0,0,0,1,0,0,0
POR013,Torres Vedras,2023-06-10,Feriado Municipal de Torres Vedras,S,1,6,2023,23,Verão,0,0,0,0,0,0,0,0,0,1,0,0,0
POR013,Torres Vedras,2023-08-15,Feriado Municipal de Torres Vedras,S,1,8,2023,33,Verão,0,0,0,0,0,0,0,0,0,1,0,0,0
POR013,Torres Vedras,2023-10-05,Feriado Municipal de Torres Vedras,S,1,10,2023,40,Outono,0,0,0,0,0,0,0,0,0,0,0,1,0
POR013,Torres Vedras,2023-11-01,Feriado Municipal de Torres Vedras,S,1,11,2023,44,Outono,0,0,0,0,0,0,0,0,0,0,0,1,0
POR013,Torres Vedras,2023-11-11,Feriado Municipal de Torres Vedras,S,1,11,2023,45,Outono,0,0,0,0,0,0,0,0,0,0,0,1,0
POR013,Torres Vedras,2023-12-01,Feriado Municipal de Torres Vedras,S,1,12,2023,48,Inverno,0,0,0,0,0,0,0,0,0,0,0,0,1
POR013,Torres Vedras,2023-12-08,Feriado Municipal de Torres Vedras,S,1,12,2023,49,Inverno,0,0,0,0,0,0,0,0,0,0,0,0,1
POR013,Torres Vedras,2023-01-01,Feriado Municipal de Torres Vedras,S,1,1,2023,52,Inverno,0,0,0,0,0,0,0,0,0,0,0,0,1
POR013,Torres Vedras,2023-05-01,Feriado Municipal de Torres Vedras,S,1,5,2023,18,Primavera,0,0,0,0,0,0,0,0,0,0,1,0,0
POR013,Torres Vedras,2023-12-25,Feriado Municipal de Torres Vedras,S,1,12,2023,52,Inverno,0,0,0,0,0,0,0,0,0,0,0,0,1
POR013,Torres Vedras,2022-11-11,Feriado Municipal de Torres Vedras,N,1,11,2022,45,Outono,0,0,0,0,0,0,0,0,0,0,0,1,0
POR013,Torres Vedras,2022-01-01,Feriado Municipal de Torres Vedras,S,1,1,2022,52,Inverno,0,0,0,0,0,0,0,0,0,0,0,0,1
POR013,Torres Vedras,2022-05-01,Feriado Municipal de Torres Vedras,S,1,5,2022,17,Primavera,0,0,0,0,0,0,0,0,0,0,1,0,0
POR013,Torres Vedras,2022-12-25,Feriado Municipal de Torres Vedras,S,1,12,2022,51,Inverno,0,0,0,0,0,0,0,0,0,0,0,0,1
POR013,Torres Vedras,2021-01-01,Feriado Municipal de Torres Vedras,S,1,1,2021,53,Inverno,0,0,0,0,0,0,0,0,0,0,0,0,1
POR013,Torres Vedras,2021-05-01,Feriado Municipal de Torres Vedras,S,1,5,2021,17,Primavera,0,0,0,0,0,0,0,0,0,0,1,0,0
POR013,Torres Vedras,2021-12-25,Feriado Municipal de Torres Vedras,S,1,12,2021,51,Inverno,0,0,0,0,0,0,0,0,0,0,0,0,1
POR013,Torres Vedras,2020-01-01,Feriado Municipal de Torres Vedras,S,1,1,2020,1,Inverno,0,0,0,0,0,0,0,0,0,0,0,0,1
POR013,Torres Vedras,2020-05-01,Feriado Municipal de Torres Vedras,S,1,5,2020,18,Primavera,0,0,0,0,0,0,0,0,0,0,1,0,0
POR013,Torres Vedras,2020-12-25,Feriado Municipal de Torres Vedras,S,1,12,2020,52,Inverno,0,0,0,0,0,0,0,0,0,0,0,0,1
POR016,Matosinhos,2024-01-01,Ano Novo,S,1,1,2024,1,Inverno,1,1,0,0,0,0,0,0,0,0,0,0,1
POR016,Matosinhos,2023-01-01,Ano Novo,S,1,1,2023,52,Inverno,0,1,0,0,0,0,0,0,0,0,0,0,1
POR016,Matosinhos,2022-01-01,Ano Novo,N,0,1,2022,52,Inverno,0,1,0,0,0,0,0,0,0,0,0,0,1
POR016,Matosinhos,2022-01-01,Ano Novo,S,1,1,2022,52,Inverno,0,1,0,0,0,0,0,0,0,0,0,0,1
POR016,Matosinhos,2021-01-01,Ano Novo,S,1,1,2021,53,Inverno,0,1,0,0,0,0,0,0,0,0,0,0,1
POR016,Matosinhos,2020-01-01,Ano Novo,S,1,1,2020,1,Inverno,0,1,0,0,0,0,0,0,0,0,0,0,1
POR016,Matosinhos,2023-08-15,Assunção de Maria,S,1,8,2023,33,Verão,1,0,0,0,0,0,0,0,0,1,0,0,0
POR016,Matosinhos,2022-08-15,Assunção de Maria,N,1,8,2022,33,Verão,0,0,0,0,0,0,0,0,0,1,0,0,0
POR016,Matosinhos,2024-02-13,Carnaval,N,1,2,2024,7,Inverno,1,0,1,0,0,0,0,0,0,0,0,0,1
POR016,Matosinhos,2023-02-21,Carnaval,N,1,2,2023,8,Inverno,0,0,1,0,0,0,0,0,0,0,0,0,1
POR016,Matosinhos,2022-03-01,Carnaval,N,1,3,2022,9,Primavera,0,0,1,0,0,0,0,0,0,0,1,0,0
POR016,Matosinhos,2023-06-08,Corpo de Deus,S,1,6,2023,23,Verão,1,0,0,0,0,0,0,0,0,1,0,0,0
POR016,Matosinhos,2022-06-16,Corpo de Deus,N,1,6,2022,24,Verão,0,0,0,0,0,0,0,0,0,1,0,0,0
POR016,Matosinhos,2023-12-08,Dia da Imaculada Conceição,S,1,12,2023,49,Inverno,1,0,0,0,0,0,0,0,0,0,0,0,1
POR016,Matosinhos,2022-12-08,Dia da Imaculada Conceição,N,1,12,2022,49,Inverno,0,0,0,0,0,0,0,0,0,0,0,0,1
POR016,Matosinhos,2023-04-25,Dia da Liberdade,S,1,4,2023,17,Primavera,1,0,0,0,0,0,0,0,0,0,1,0,0
POR016,Matosinhos,2022-04-25,Dia da Liberdade,N,1,4,2022,17,Primavera,0,0,0,0,0,0,0,0,0,0,1,0,0
POR016,Matosinhos,2023-06-10,Dia de Portugal,S,1,6,2023,23,Verão,1,0,0,0,0,0,0,0,0,1,0,0,0
POR016,Matosinhos,2022-06-10,Dia de Portugal,N,1,6,2022,23,Verão,0,0,0,0,0,0,0,0,0,1,0,0,0
POR016,Matosinhos,2023-11-01,Dia de Todos os Santos,S,1,11,2023,44,Outono,1,0,0,0,0,0,0,0,1,0,0,1,0
POR016,Matosinhos,2022-11-01,Dia de Todos os Santos,N,1,11,2022,44,Outono,0,0,0,0,0,0,0,0,1,0,0,1,0
POR016,Matosinhos,2023-05-01,Dia do Trabalhador,S,1,5,2023,18,Primavera,1,0,0,1,0,0,0,0,0,0,1,0,0
POR016,Matosinhos,2022-05-01,Dia do Trabalhador,N,1,5,2022,17,Primavera,0,0,0,1,0,0,0,0,0,0,1,0,0
POR016,Matosinhos,2023-05-30,Feriado Municipal de Matosinhos,N,1,5,2023,22,Primavera,1,0,0,0,0,0,0,0,0,0,1,0,0
POR016,Matosinhos,2022-06-24,Feriado Municipal do Porto,N,1,6,2022,25,Verão,1,0,0,0,0,0,0,0,0,1,0,0,0
POR016,Matosinhos,2023-10-05,Implantação da República,S,1,10,2023,40,Outono,1,0,0,0,0,0,0,0,0,0,0,1,0
POR016,Matosinhos,2022-10-05,Implantação da República,N,1,10,2022,40,Outono,0,0,0,0,0,0,0,0,0,0,0,1,0
POR016,Matosinhos,2024-12-25,Natal,S,1,12,2024,52,Inverno,1,0,0,0,1,0,0,0,0,0,0,0,1
POR016,Matosinhos,2023-12-25,Natal,S,1,12,2023,52,Inverno,0,0,0,0,1,0,0,0,0,0,0,0,1
POR016,Matosinhos,2022-12-25,Natal,N,0,12,2022,51,Inverno,0,0,0,0,1,0,0,0,0,0,0,0,1
POR016,Matosinhos,2022-12-25,Natal,S,1,12,2022,51,Inverno,0,0,0,0,1,0,0,0,0,0,0,0,1
POR016,Matosinhos,2021-12-25,Natal,S,1,12,2021,51,Inverno,0,0,0,0,1,0,0,0,0,0,0,0,1
POR016,Matosinhos,2020-12-25,Natal,S,1,12,2020,52,Inverno,0,0,0,0,1,0,0,0,0,0,0,0,1
POR016,Matosinhos,2024-03-31,Páscoa,N,1,3,2024,13,Primavera,1,0,0,0,0,1,0,0,0,0,1,0,0
POR016,Matosinhos,2023-04-09,Páscoa,N,1,4,2023,14,Primavera,0,0,0,0,0,1,0,0,0,0,1,0,0
POR016,Matosinhos,2022-04-17,Páscoa,N,1,4,2022,15,Primavera,0,0,0,0,0,1,0,0,0,0,1,0,0
POR016,Matosinhos,2023-12-01,Restauração da Independência,S,1,12,2023,48,Inverno,1,0,0,0,0,0,0,0,0,0,0,0,1
POR016,Matosinhos,2022-12-01,Restauração da Independência,N,1,12,2022,48,Inverno,0,0,0,0,0,0,0,0,0,0,0,0,1
POR016,Matosinhos,2024-03-29,Sexta-feira Santa,N,1,3,2024,13,Primavera,1,0,0,0,0,0,1,0,0,0,1,0,0
POR016,Matosinhos,2023-04-07,Sexta-feira Santa,N,1,4,2023,14,Primavera,0,0,0,0,0,0,1,0,0,0,1,0,0
POR016,Matosinhos,2022-04-15,Sexta-feira Santa,N,1,4,2022,15,Primavera,0,0,0,0,0,0,1,0,0,0,1,0,0
POR017,Guimarães,2024-01-01,Ano Novo,S,1,1,2024,1,Inverno,1,1,0,0,0,0,0,0,0,0,0,0,1
POR017,Guimarães,2023-01-01,Ano Novo,S,1,1,2023,52,Inverno,0,1,0,0,0,0,0,0,0,0,0,0,1
POR017,Guimarães,2022-01-01,Ano Novo,N,0,1,2022,52,Inverno,0,1,0,0,0,0,0,0,0,0,0,0,1
POR017,Guimarães,2022-01-01,Ano Novo,S,1,1,2022,52,Inverno,0,1,0,0,0,0,0,0,0,0,0,0,1
POR017,Guimarães,2021-01-01,Ano Novo,S,1,1,2021,53,Inverno,0,1,0,0,0,0,0,0,0,0,0,0,1
POR017,Guimarães,2020-01-01,Ano Novo,S,1,1,2020,1,Inverno,0,1,0,0,0,0,0,0,0,0,0,0,1
POR017,Guimarães,2023-08-15,Assunção de Maria,S,1,8,2023,33,Verão,1,0,0,0,0,0,0,0,0,1,0,0,0
POR017,Guimarães,2022-08-15,Assunção de Maria,N,1,8,2022,33,Verão,0,0,0,0,0,0,0,0,0,1,0,0,0
POR017,Guimarães,2024-02-13,Carnaval,N,1,2,2024,7,Inverno,1,0,1,0,0,0,0,0,0,0,0,0,1
POR017,Guimarães,2023-02-21,Carnaval,N,1,2,2023,8,Inverno,0,0,1,0,0,0,0,0,0,0,0,0,1
POR017,Guimarães,2022-03-01,Carnaval,N,1,3,2022,9,Primavera,0,0,1,0,0,0,0,0,0,0,1,0,0
POR017,Guimarães,2023-06-08,Corpo de Deus,S,1,6,2023,23,Verão,1,0,0,0,0,0,0,0,0,1,0,0,0
POR017,Guimarães,2022-06-16,Corpo de Deus,N,1,6,2022,24,Verão,0,0,0,0,0,0,0,0,0,1,0,0,0
POR017,Guimarães,2023-12-08,Dia da Imaculada Conceição,S,1,12,2023,49,Inverno,1,0,0,0,0,0,0,0,0,0,0,0,1
POR017,Guimarães,2022-12-08,Dia da Imaculada Conceição,N,1,12,2022,49,Inverno,0,0,0,0,0,0,0,0,0,0,0,0,1
POR017,Guimarães,2023-04-25,Dia da Liberdade,S,1,4,2023,17,Primavera,1,0,0,0,0,0,0,0,0,0,1,0,0
POR017,Guimarães,2022-04-25,Dia da Liberdade,N,1,4,2022,17,Primavera,0,0,0,0,0,0,0,0,0,0,1,0,0
POR017,Guimarães,2023-06-10,Dia de Portugal,S,1,6,2023,23,Verão,1,0,0,0,0,0,0,0,0,1,0,0,0
POR017,Guimarães,2022-06-10,Dia de Portugal,N,1,6,2022,23,Verão,0,0,0,0,0,0,0,0,0,1,0,0,0
POR017,Guimarães,2023-11-01,Dia de Todos os Santos,S,1,11,2023,44,Outono,1,0,0,0,0,0,0,0,1,0,0,1,0
POR017,Guimarães,2022-11-01,Dia de Todos os Santos,N,1,11,2022,44,Outono,0,0,0,0,0,0,0,0,1,0,0,1,0
POR017,Guimarães,2023-05-01,Dia do Trabalhador,S,1,5,2023,18,Primavera,1,0,0,1,0,0,0,0,0,0,1,0,0
POR017,Guimarães,2022-05-01,Dia do Trabalhador,N,1,5,2022,17,Primavera,0,0,0,1,0,0,0,0,0,0,1,0,0
POR017,Guimarães,2023-06-24,Feriado Municipal de Guimarães,S,1,6,2023,25,Verão,1,0,0,0,0,0,0,0,0,1,0,0,0
POR017,Guimarães,2023-10-05,Implantação da República,S,1,10,2023,40,Outono,1,0,0,0,0,0,0,0,0,0,0,1,0
POR017,Guimarães,2022-10-05,Implantação da República,N,1,10,2022,40,Outono,0,0,0,0,0,0,0,0,0,0,0,1,0
POR017,Guimarães,2024-12-25,Natal,S,1,12,2024,52,Inverno,1,0,0,0,1,0,0,0,0,0,0,0,1
POR017,Guimarães,2023-12-25,Natal,S,1,12,2023,52,Inverno,0,0,0,0,1,0,0,0,0,0,0,0,1
POR017,Guimarães,2022-12-25,Natal,N,0,12,2022,51,Inverno,0,0,0,0,1,0,0,0,0,0,0,0,1
POR017,Guimarães,2022-12-25,Natal,S,1,12,2022,51,Inverno,0,0,0,0,1,0,0,0,0,0,0,0,1
POR017,Guimarães,2021-12-25,Natal,S,1,12,2021,51,Inverno,0,0,0,0,1,0,0,0,0,0,0,0,1
POR017,Guimarães,2020-12-25,Natal,S,1,12,2020,52,Inverno,0,0,0,0,1,0,0,0,0,0,0,0,1
POR017,Guimarães,2024-03-31,Páscoa,N,1,3,2024,13,Primavera,1,0,0,0,0,1,0,0,0,0,1,0,0
POR017,Guimarães,2023-04-09,Páscoa,N,1,4,2023,14,Primavera,0,0,0,0,0,1,0,0,0,0,1,0,0
POR017,Guimarães,2022-04-17,Páscoa,N,1,4,2022,15,Primavera,0,0,0,0,0,1,0,0,0,0,1,0,0
POR017,Guimarães,2023-12-01,Restauração da Independência,S,1,12,2023,48,Inverno,1,0,0,0,0,0,0,0,0,0,0,0,1
POR017,Guimarães,2022-12-01,Restauração da Independência,N,1,12,2022,48,Inverno,0,0,0,0,0,0,0,0,0,0,0,0,1
POR017,Guimarães,2024-03-29,Sexta-feira Santa,N,1,3,2024,13,Primavera,1,0,0,0,0,0,1,0,0,0,1,0,0
POR017,Guimarães,2023-04-07,Sexta-feira Santa,N,1,4,2023,14,Primavera,0,0,0,0,0,0,1,0,0,0,1,0,0
POR017,Guimarães,2022-04-15,Sexta-feira Santa,N,1,4,2022,15,Primavera,0,0,0,0,0,0,1,0,0,0,1,0,0
POR018,Paço de Arcos,2024-01-01,Ano Novo,S,1,1,2024,1,Inverno,1,1,0,0,0,0,0,0,0,0,0,0,1
POR018,Paço de Arcos,2023-01-01,Ano Novo,S,1,1,2023,52,Inverno,0,1,0,0,0,0,0,0,0,0,0,0,1
POR018,Paço de Arcos,2022-01-01,Ano Novo,S,1,1,2022,52,Inverno,0,1,0,0,0,0,0,0,0,0,0,0,1
POR018,Paço de Arcos,2021-01-01,Ano Novo,S,1,1,2021,53,Inverno,0,1,0,0,0,0,0,0,0,0,0,0,1
POR018,Paço de Arcos,2020-01-01,Ano Novo,S,1,1,2020,1,Inverno,0,1,0,0,0,0,0,0,0,0,0,0,1
POR018,Paço de Arcos,2023-08-15,Assunção de Maria,S,1,8,2023,33,Verão,1,0,0,0,0,0,0,0,0,1,0,0,0
POR018,Paço de Arcos,2024-02-13,Carnaval,N,1,2,2024,7,Inverno,1,0,1,0,0,0,0,0,0,0,0,0,1
POR018,Paço de Arcos,2023-02-21,Carnaval,N,1,2,2023,8,Inverno,0,0,1,0,0,0,0,0,0,0,0,0,1
POR018,Paço de Arcos,2023-06-08,Corpo de Deus,S,1,6,2023,23,Verão,1,0,0,0,0,0,0,0,0,1,0,0,0
POR018,Paço de Arcos,2023-12-08,Dia da Imaculada Conceição,S,1,12,2023,49,Inverno,1,0,0,0,0,0,0,0,0,0,0,0,1
POR018,Paço de Arcos,2023-04-25,Dia da Liberdade,S,1,4,2023,17,Primavera,1,0,0,0,0,0,0,0,0,0,1,0,0
POR018,Paço de Arcos,2023-06-10,Dia de Portugal,S,1,6,2023,23,Verão,1,0,0,0,0,0,0,0,0,1,0,0,0
POR018,Paço de Arcos,2023-11-01,Dia de Todos os Santos,S,1,11,2023,44,Outono,1,0,0,0,0,0,0,0,1,0,0,1,0
POR018,Paço de Arcos,2023-05-01,Dia do Trabalhador,S,1,5,2023,18,Primavera,1,0,0,1,0,0,0,0,0,0,1,0,0
POR018,Paço de Arcos,2024-06-07,Feriado Municipal de Oeiras,S,1,6,2024,23,Verão,1,0,0,0,0,0,0,0,0,1,0,0,0
POR018,Paço de Arcos,2023-06-07,Feriado Municipal de Oeiras,S,1,6,2023,23,Verão,0,0,0,0,0,0,0,0,0,1,0,0,0
POR018,Paço de Arcos,2022-06-07,Feriado Municipal de Oeiras,S,1,6,2022,23,Verão,0,0,0,0,0,0,0,0,0,1,0,0,0
POR018,Paço de Arcos,2021-06-07,Feriado Municipal de Oeiras,S,1,6,2021,23,Verão,0,0,0,0,0,0,0,0,0,1,0,0,0
POR018,Paço de Arcos,2020-06-07,Feriado Municipal de Oeiras,S,1,6,2020,23,Verão,0,0,0,0,0,0,0,0,0,1,0,0,0
POR018,Paço de Arcos,2023-10-05,Implantação da República,S,1,10,2023,40,Outono,1,0,0,0,0,0,0,0,0,0,0,1,0
POR018,Paço de Arcos,2024-12-25,Natal,S,1,12,2024,52,Inverno,1,0,0,0,1,0,0,0,0,0,0,0,1
POR018,Paço de Arcos,2023-12-25,Natal,S,1,12,2023,52,Inverno,0,0,0,0,1,0,0,0,0,0,0,0,1
POR018,Paço de Arcos,2022-12-25,Natal,S,1,12,2022,51,Inverno,0,0,0,0,1,0,0,0,0,0,0,0,1
POR018,Paço de Arcos,2021-12-25,Natal,S,1,12,2021,51,Inverno,0,0,0,0,1,0,0,0,0,0,0,0,1
POR018,Paço de Arcos,2020-12-25,Natal,S,1,12,2020,52,Inverno,0,0,0,0,1,0,0,0,0,0,0,0,1
POR018,Paço de Arcos,2024-03-31,Páscoa,N,1,3,2024,13,Primavera,1,0,0,0,0,1,0,0,0,0,1,0,0
POR018,Paço de Arcos,2023-04-09,Páscoa,N,1,4,2023,14,Primavera,0,0,0,0,0,1,0,0,0,0,1,0,0
POR018,Paço de Arcos,2023-12-01,Restauração da Independência,S,1,12,2023,48,Inverno,1,0,0,0,0,0,0,0,0,0,0,0,1
POR018,Paço de Arcos,2024-03-29,Sexta-feira Santa,N,1,3,2024,13,Primavera,1,0,0,0,0,0,1,0,0,0,1,0,0
POR018,Paço de Arcos,2023-04-07,Sexta-feira Santa,N,1,4,2023,14,Primavera,0,0,0,0,0,0,1,0,0,0,1,0,0
POR019,Coina,2024-01-01,Ano Novo,S,1,1,2024,1,Inverno,1,1,0,0,0,0,0,0,0,0,0,0,1
POR019,Coina,2023-01-01,Ano Novo,S,1,1,2023,52,Inverno,0,1,0,0,0,0,0,0,0,0,0,0,1
POR019,Coina,2022-01-01,Ano Novo,N,0,1,2022,52,Inverno,0,1,0,0,0,0,0,0,0,0,0,0,1
POR019,Coina,2022-01-01,Ano Novo,S,1,1,2022,52,Inverno,0,1,0,0,0,0,0,0,0,0,0,0,1
POR019,Coina,2021-01-01,Ano Novo,S,1,1,2021,53,Inverno,0,1,0,0,0,0,0,0,0,0,0,0,1
POR019,Coina,2020-01-01,Ano Novo,S,1,1,2020,1,Inverno,0,1,0,0,0,0,0,0,0,0,0,0,1
POR019,Coina,2023-08-15,Assunção de Maria,S,1,8,2023,33,Verão,1,0,0,0,0,0,0,0,0,1,0,0,0
POR019,Coina,2022-08-15,Assunção de Maria,N,1,8,2022,33,Verão,0,0,0,0,0,0,0,0,0,1,0,0,0
POR019,Coina,2021-08-15,Assunção de Maria,N,1,8,2021,32,Verão,0,0,0,0,0,0,0,0,0,1,0,0,0
POR019,Coina,2024-02-13,Carnaval,N,1,2,2024,7,Inverno,1,0,1,0,0,0,0,0,0,0,0,0,1
POR019,Coina,2023-02-21,Carnaval,N,1,2,2023,8,Inverno,0,0,1,0,0,0,0,0,0,0,0,0,1
POR019,Coina,2022-03-01,Carnaval,N,1,3,2022,9,Primavera,0,0,1,0,0,0,0,0,0,0,1,0,0
POR019,Coina,2023-06-08,Corpo de Deus,S,1,6,2023,23,Verão,1,0,0,0,0,0,0,0,0,1,0,0,0
POR019,Coina,2022-06-16,Corpo de Deus,N,1,6,2022,24,Verão,0,0,0,0,0,0,0,0,0,1,0,0,0
POR019,Coina,2021-06-03,Corpo de Deus,N,1,6,2021,22,Verão,0,0,0,0,0,0,0,0,0,1,0,0,0
POR019,Coina,2023-12-08,Dia da Imaculada Conceição,S,1,12,2023,49,Inverno,1,0,0,0,0,0,0,0,0,0,0,0,1
POR019,Coina,2022-12-08,Dia da Imaculada Conceição,N,1,12,2022,49,Inverno,0,0,0,0,0,0,0,0,0,0,0,0,1
POR019,Coina,2021-12-08,Dia da Imaculada Conceição,N,1,12,2021,49,Inverno,0,0,0,0,0,0,0,0,0,0,0,0,1
POR019,Coina,2023-04-25,Dia da Liberdade,S,1,4,2023,17,Primavera,1,0,0,0,0,0,0,0,0,0,1,0,0
POR019,Coina,2022-04-25,Dia da Liberdade,N,1,4,2022,17,Primavera,0,0,0,0,0,0,0,0,0,0,1,0,0
POR019,Coina,2023-06-10,Dia de Portugal,S,1,6,2023,23,Verão,1,0,0,0,0,0,0,0,0,1,0,0,0
POR019,Coina,2022-06-10,Dia de Portugal,N,1,6,2022,23,Verão,0,0,0,0,0,0,0,0,0,1,0,0,0
POR019,Coina,2021-06-10,Dia de Portugal,N,1,6,2021,23,Verão,0,0,0,0,0,0,0,0,0,1,0,0,0
POR019,Coina,2023-11-01,Dia de Todos os Santos,S,1,11,2023,44,Outono,1,0,0,0,0,0,0,0,1,0,0,1,0
POR019,Coina,2022-11-01,Dia de Todos os Santos,N,1,11,2022,44,Outono,0,0,0,0,0,0,0,0,1,0,0,1,0
POR019,Coina,2021-11-01,Dia de Todos os Santos,N,1,11,2021,44,Outono,0,0,0,0,0,0,0,0,1,0,0,1,0
POR019,Coina,2023-05-01,Dia do Trabalhador,S,1,5,2023,18,Primavera,1,0,0,1,0,0,0,0,0,0,1,0,0
POR019,Coina,2022-05-01,Dia do Trabalhador,N,1,5,2022,17,Primavera,0,0,0,1,0,0,0,0,0,0,1,0,0
POR019,Coina,2023-06-28,Feriado Municipal do Barreiro,S,1,6,2023,26,Verão,1,0,0,0,0,0,0,0,0,1,0,0,0
POR019,Coina,2022-06-28,Feriado Municipal do Barreiro,N,1,6,2022,26,Verão,0,0,0,0,0,0,0,0,0,1,0,0,0
POR019,Coina,2021-06-28,Feriado Municipal do Barreiro,N,1,6,2021,26,Verão,0,0,0,0,0,0,0,0,0,1,0,0,0
POR019,Coina,2023-10-05,Implantação da República,S,1,10,2023,40,Outono,1,0,0,0,0,0,0,0,0,0,0,1,0
POR019,Coina,2022-10-05,Implantação da República,N,1,10,2022,40,Outono,0,0,0,0,0,0,0,0,0,0,0,1,0
POR019,Coina,2021-10-05,Implantação da República,N,1,10,2021,40,Outono,0,0,0,0,0,0,0,0,0,0,0,1,0
POR019,Coina,2024-12-25,Natal,S,1,12,2024,52,Inverno,1,0,0,0,1,0,0,0,0,0,0,0,1
POR019,Coina,2023-12-25,Natal,S,1,12,2023,52,Inverno,0,0,0,0,1,0,0,0,0,0,0,0,1
POR019,Coina,2022-12-25,Natal,N,0,12,2022,51,Inverno,0,0,0,0,1,0,0,0,0,0,0,0,1
POR019,Coina,2022-12-25,Natal,S,1,12,2022,51,Inverno,0,0,0,0,1,0,0,0,0,0,0,0,1
POR019,Coina,2021-12-25,Natal,N,0,12,2021,51,Inverno,0,0,0,0,1,0,0,0,0,0,0,0,1
POR019,Coina,2021-12-25,Natal,S,1,12,2021,51,Inverno,0,0,0,0,1,0,0,0,0,0,0,0,1
POR019,Coina,2020-12-25,Natal,S,1,12,2020,52,Inverno,0,0,0,0,1,0,0,0,0,0,0,0,1
POR019,Coina,2024-03-31,Páscoa,N,1,3,2024,13,Primavera,1,0,0,0,0,1,0,0,0,0,1,0,0
POR019,Coina,2023-04-09,Páscoa,N,1,4,2023,14,Primavera,0,0,0,0,0,1,0,0,0,0,1,0,0
POR019,Coina,2022-04-17,Páscoa,N,1,4,2022,15,Primavera,0,0,0,0,0,1,0,0,0,0,1,0,0
POR019,Coina,2023-12-01,Restauração da Independência,S,1,12,2023,48,Inverno,1,0,0,0,0,0,0,0,0,0,0,0,1
POR019,Coina,2022-12-01,Restauração da Independência,N,1,12,2022,48,Inverno,0,0,0,0,0,0,0,0,0,0,0,0,1
POR019,Coina,2021-12-01,Restauração da Independência,N,1,12,2021,48,Inverno,0,0,0,0,0,0,0,0,0,0,0,0,1
POR019,Coina,2024-03-29,Sexta-feira Santa,N,1,3,2024,13,Primavera,1,0,0,0,0,0,1,0,0,0,1,0,0
POR019,Coina,2023-04-07,Sexta-feira Santa,N,1,4,2023,14,Primavera,0,0,0,0,0,0,1,0,0,0,1,0,0
POR019,Coina,2022-04-15,Sexta-feira Santa,N,1,4,2022,15,Primavera,0,0,0,0,0,0,1,0,0,0,1,0,0
POR021,Évora,2024-01-01,Ano Novo,S,0,1,2024,1,Inverno,1,1,0,0,0,0,0,0,0,0,0,0,1
POR021,Évora,2023-01-01,Ano Novo,S,0,1,2023,52,Inverno,0,1,0,0,0,0,0,0,0,0,0,0,1
POR021,Évora,2023-01-01,Ano Novo,S,0,1,2023,52,Inverno,0,1,0,0,0,0,0,0,0,0,0,0,1
POR021,Évora,2022-01-01,Ano Novo,S,0,1,2022,52,Inverno,0,1,0,0,0,0,0,0,0,0,0,0,1
POR021,Évora,2021-01-01,Ano Novo,S,0,1,2021,53,Inverno,0,1,0,0,0,0,0,0,0,0,0,0,1
POR021,Évora,2020-01-01,Ano Novo,S,0,1,2020,1,Inverno,0,1,0,0,0,0,0,0,0,0,0,0,1
POR021,Évora,2023-08-15,Assunção de Maria,S,1,8,2023,33,Verão,1,0,0,0,0,0,0,0,0,1,0,0,0
POR021,Évora,2022-08-15,Assunção de Maria,N,1,8,2022,33,Verão,0,0,0,0,0,0,0,0,0,1,0,0,0
POR021,Évora,2024-02-13,Carnaval,N,1,2,2024,7,Inverno,1,0,1,0,0,0,0,0,0,0,0,0,1
POR021,Évora,2023-02-21,Carnaval,N,1,2,2023,8,Inverno,0,0,1,0,0,0,0,0,0,0,0,0,1
POR021,Évora,2022-03-01,Carnaval,N,1,3,2022,9,Primavera,0,0,1,0,0,0,0,0,0,0,1,0,0
POR021,Évora,2023-06-08,Corpo de Deus,S,1,6,2023,23,Verão,1,0,0,0,0,0,0,0,0,1,0,0,0
POR021,Évora,2022-06-16,Corpo de Deus,N,1,6,2022,24,Verão,0,0,0,0,0,0,0,0,0,1,0,0,0
POR021,Évora,2023-12-08,Dia da Imaculada Conceição,S,1,12,2023,49,Inverno,1,0,0,0,0,0,0,0,0,0,0,0,1
POR021,Évora,2022-12-08,Dia da Imaculada Conceição,N,1,12,2022,49,Inverno,0,0,0,0,0,0,0,0,0,0,0,0,1
POR021,Évora,2021-12-08,Dia da Imaculada Conceição,N,1,12,2021,49,Inverno,0,0,0,0,0,0,0,0,0,0,0,0,1
POR021,Évora,2023-04-25,Dia da Liberdade,S,1,4,2023,17,Primavera,1,0,0,0,0,0,0,0,0,0,1,0,0
POR021,Évora,2022-04-25,Dia da Liberdade,N,1,4,2022,17,Primavera,0,0,0,0,0,0,0,0,0,0,1,0,0
POR021,Évora,2023-06-10,Dia de Portugal,S,1,6,2023,23,Verão,1,0,0,0,0,0,0,0,0,1,0,0,0
POR021,Évora,2022-06-10,Dia de Portugal,N,1,6,2022,23,Verão,0,0,0,0,0,0,0,0,0,1,0,0,0
POR021,Évora,2023-11-01,Dia de Todos os Santos,S,1,11,2023,44,Outono,1,0,0,0,0,0,0,0,1,0,0,1,0
POR021,Évora,2022-11-01,Dia de Todos os Santos,N,1,11,2022,44,Outono,0,0,0,0,0,0,0,0,1,0,0,1,0
POR021,Évora,2021-11-01,Dia de Todos os Santos,N,1,11,2021,44,Outono,0,0,0,0,0,0,0,0,1,0,0,1,0
POR021,Évora,2023-05-01,Dia do Trabalhador,S,1,5,2023,18,Primavera,1,0,0,1,0,0,0,0,0,0,1,0,0
POR021,Évora,2022-05-01,Dia do Trabalhador,N,1,5,2022,17,Primavera,0,0,0,1,0,0,0,0,0,0,1,0,0
POR021,Évora,2023-06-29,Feriado Municipal de Évora,S,1,6,2023,26,Verão,1,0,0,0,0,0,0,0,0,1,0,0,0
POR021,Évora,2022-06-29,Feriado Municipal de Évora,N,1,6,2022,26,Verão,0,0,0,0,0,0,0,0,0,1,0,0,0
POR021,Évora,2023-10-05,Implantação da República,S,1,10,2023,40,Outono,1,0,0,0,0,0,0,0,0,0,0,1,0
POR021,Évora,2022-10-05,Implantação da República,N,1,10,2022,40,Outono,0,0,0,0,0,0,0,0,0,0,0,1,0
POR021,Évora,2021-10-05,Implantação da República,N,1,10,2021,40,Outono,0,0,0,0,0,0,0,0,0,0,0,1,0
POR021,Évora,2024-12-25,Natal,S,0,12,2024,52,Inverno,1,0,0,0,1,0,0,0,0,0,0,0,1
POR021,Évora,2023-12-25,Natal,S,0,12,2023,52,Inverno,0,0,0,0,1,0,0,0,0,0,0,0,1
POR021,Évora,2023-12-25,Natal,S,0,12,2023,52,Inverno,0,0,0,0,1,0,0,0,0,0,0,0,1
POR021,Évora,2022-12-25,Natal,S,0,12,2022,51,Inverno,0,0,0,0,1,0,0,0,0,0,0,0,1
POR021,Évora,2021-12-25,Natal,S,0,12,2021,51,Inverno,0,0,0,0,1,0,0,0,0,0,0,0,1
POR021,Évora,2020-12-25,Natal,S,0,12,2020,52,Inverno,0,0,0,0,1,0,0,0,0,0,0,0,1
POR021,Évora,2024-03-31,Páscoa,N,1,3,2024,13,Primavera,1,0,0,0,0,1,0,0,0,0,1,0,0
POR021,Évora,2023-04-09,Páscoa,N,1,4,2023,14,Primavera,0,0,0,0,0,1,0,0,0,0,1,0,0
POR021,Évora,2022-04-17,Páscoa,N,1,4,2022,15,Primavera,0,0,0,0,0,1,0,0,0,0,1,0,0
POR021,Évora,2023-12-01,Restauração da Independência,S,1,12,2023,48,Inverno,1,0,0,0,0,0,0,0,0,0,0,0,1
POR021,Évora,2022-12-01,Restauração da Independência,N,1,12,2022,48,Inverno,0,0,0,0,0,0,0,0,0,0,0,0,1
POR021,Évora,2021-12-01,Restauração da Independência,N,1,12,2021,48,Inverno,0,0,0,0,0,0,0,0,0,0,0,0,1
POR021,Évora,2024-03-29,Sexta-feira Santa,N,1,3,2024,13,Primavera,1,0,0,0,0,0,1,0,0,0,1,0,0
POR021,Évora,2023-04-07,Sexta-feira Santa,N,1,4,2023,14,Primavera,0,0,0,0,0,0,1,0,0,0,1,0,0
POR021,Évora,2022-04-15,Sexta-feira Santa,N,1,4,2022,15,Primavera,0,0,0,0,0,0,1,0,0,0,1,0,0
POR023,Portimão,2024-01-01,Ano Novo,S,0,1,2024,1,Inverno,1,1,0,0,0,0,0,0,0,0,0,0,1
POR023,Portimão,2023-01-01,Ano Novo,S,0,1,2023,52,Inverno,0,1,0,0,0,0,0,0,0,0,0,0,1
POR023,Portimão,2022-01-01,Ano Novo,S,0,1,2022,52,Inverno,0,1,0,0,0,0,0,0,0,0,0,0,1
POR023,Portimão,2021-01-01,Ano Novo,S,0,1,2021,53,Inverno,0,1,0,0,0,0,0,0,0,0,0,0,1
POR023,Portimão,2020-01-01,Ano Novo,S,0,1,2020,1,Inverno,0,1,0,0,0,0,0,0,0,0,0,0,1
POR023,Portimão,2023-08-15,Assunção de Maria,S,1,8,2023,33,Verão,1,0,0,0,0,0,0,0,0,1,0,0,0
POR023,Portimão,2024-02-13,Carnaval,N,1,2,2024,7,Inverno,1,0,1,0,0,0,0,0,0,0,0,0,1
POR023,Portimão,2023-02-21,Carnaval,N,1,2,2023,8,Inverno,0,0,1,0,0,0,0,0,0,0,0,0,1
POR023,Portimão,2023-06-08,Corpo de Deus,S,1,6,2023,23,Verão,1,0,0,0,0,0,0,0,0,1,0,0,0
POR023,Portimão,2023-12-08,Dia da Imaculada Conceição,S,1,12,2023,49,Inverno,1,0,0,0,0,0,0,0,0,0,0,0,1
POR023,Portimão,2023-04-25,Dia da Liberdade,S,1,4,2023,17,Primavera,1,0,0,0,0,0,0,0,0,0,1,0,0
POR023,Portimão,2023-06-10,Dia de Portugal,S,1,6,2023,23,Verão,1,0,0,0,0,0,0,0,0,1,0,0,0
POR023,Portimão,2023-11-01,Dia de Todos os Santos,S,1,11,2023,44,Outono,1,0,0,0,0,0,0,0,1,0,0,1,0
POR023,Portimão,2023-05-01,Dia do Trabalhador,S,1,5,2023,18,Primavera,1,0,0,1,0,0,0,0,0,0,1,0,0
POR023,Portimão,2023-12-11,Feriado Municipal de Portimão,S,1,12,2023,50,Inverno,1,0,0,0,0,0,0,0,0,0,0,0,1
POR023,Portimão,2023-10-05,Implantação da República,S,1,10,2023,40,Outono,1,0,0,0,0,0,0,0,0,0,0,1,0
POR023,Portimão,2024-12-25,Natal,S,1,12,2024,52,Inverno,1,0,0,0,1,0,0,0,0,0,0,0,1
POR023,Portimão,2023-12-25,Natal,S,1,12,2023,52,Inverno,0,0,0,0,1,0,0,0,0,0,0,0,1
POR023,Portimão,2022-12-25,Natal,S,1,12,2022,51,Inverno,0,0,0,0,1,0,0,0,0,0,0,0,1
POR023,Portimão,2021-12-25,Natal,S,1,12,2021,51,Inverno,0,0,0,0,1,0,0,0,0,0,0,0,1
POR023,Portimão,2020-12-25,Natal,S,1,12,2020,52,Inverno,0,0,0,0,1,0,0,0,0,0,0,0,1
POR023,Portimão,2024-03-31,Páscoa,N,1,3,2024,13,Primavera,1,0,0,0,0,1,0,0,0,0,1,0,0
POR023,Portimão,2023-04-09,Páscoa,N,1,4,2023,14,Primavera,0,0,0,0,0,1,0,0,0,0,1,0,0
POR023,Portimão,2023-12-01,Restauração da Independência,S,1,12,2023,48,Inverno,1,0,0,0,0,0,0,0,0,0,0,0,1
POR023,Portimão,2024-03-29,Sexta-feira Santa,N,1,3,2024,13,Primavera,1,0,0,0,0,0,1,0,0,0,1,0,0
POR023,Portimão,2023-04-07,Sexta-feira Santa,N,1,4,2023,14,Primavera,0,0,0,0,0,0,1,0,0,0,1,0,0
POR025,Alfragide,2023-08-15,Assunção de Maria,S,1,8,2023,33,Verão,1,0,0,0,0,0,0,0,0,1,0,0,0
POR025,Alfragide,2024-02-13,Carnaval,N,1,2,2024,7,Inverno,1,0,1,0,0,0,0,0,0,0,0,0,1
POR025,Alfragide,2023-02-21,Carnaval,N,1,2,2023,8,Inverno,0,0,1,0,0,0,0,0,0,0,0,0,1
POR025,Alfragide,2023-06-08,Corpo de Deus,S,1,6,2023,23,Verão,1,0,0,0,0,0,0,0,0,1,0,0,0
POR025,Alfragide,2023-12-08,Dia da Imaculada Conceição,S,1,12,2023,49,Inverno,1,0,0,0,0,0,0,0,0,0,0,0,1
POR025,Alfragide,2023-04-25,Dia da Liberdade,S,1,4,2023,17,Primavera,1,0,0,0,0,0,0,0,0,0,1,0,0
POR025,Alfragide,2023-06-10,Dia de Portugal,S,1,6,2023,23,Verão,1,0,0,0,0,0,0,0,0,1,0,0,0
POR025,Alfragide,2023-11-01,Dia de Todos os Santos,S,1,11,2023,44,Outono,1,0,0,0,0,0,0,0,1,0,0,1,0
POR025,Alfragide,2023-05-01,Dia do Trabalhador,S,1,5,2023,18,Primavera,1,0,0,1,0,0,0,0,0,0,1,0,0
POR025,Alfragide,2024-06-07,Feriado Municipal de Oeiras,S,1,6,2024,23,Verão,1,0,0,0,0,0,0,0,0,1,0,0,0
POR025,Alfragide,2023-06-07,Feriado Municipal de Oeiras,S,1,6,2023,23,Verão,0,0,0,0,0,0,0,0,0,1,0,0,0
POR025,Alfragide,2022-06-07,Feriado Municipal de Oeiras,S,1,6,2022,23,Verão,0,0,0,0,0,0,0,0,0,1,0,0,0
POR025,Alfragide,2021-06-07,Feriado Municipal de Oeiras,S,1,6,2021,23,Verão,0,0,0,0,0,0,0,0,0,1,0,0,0
POR025,Alfragide,2020-06-07,Feriado Municipal de Oeiras,S,1,6,2020,23,Verão,0,0,0,0,0,0,0,0,0,1,0,0,0
POR025,Alfragide,2023-10-05,Implantação da República,S,1,10,2023,40,Outono,1,0,0,0,0,0,0,0,0,0,0,1,0
POR025,Alfragide,2024-12-25,Natal,S,1,12,2024,52,Inverno,1,0,0,0,1,0,0,0,0,0,0,0,1
POR025,Alfragide,2023-12-25,Natal,S,1,12,2023,52,Inverno,0,0,0,0,1,0,0,0,0,0,0,0,1
POR025,Alfragide,2022-12-25,Natal,S,1,12,2022,51,Inverno,0,0,0,0,1,0,0,0,0,0,0,0,1
POR025,Alfragide,2021-12-25,Natal,S,1,12,2021,51,Inverno,0,0,0,0,1,0,0,0,0,0,0,0,1
POR025,Alfragide,2020-12-25,Natal,S,1,12,2020,52,Inverno,0,0,0,0,1,0,0,0,0,0,0,0,1
POR025,Alfragide,2024-01-01,Passagem de Ano,S,1,1,2024,1,Inverno,1,0,0,0,0,0,0,1,0,0,0,0,1
POR025,Alfragide,2023-01-01,Passagem de Ano,S,1,1,2023,52,Inverno,0,0,0,0,0,0,0,1,0,0,0,0,1
POR025,Alfragide,2022-01-01,Passagem de Ano,S,1,1,2022,52,Inverno,0,0,0,0,0,0,0,1,0,0,0,0,1
POR025,Alfragide,2021-01-01,Passagem de Ano,S,1,1,2021,53,Inverno,0,0,0,0,0,0,0,1,0,0,0,0,1
POR025,Alfragide,2020-01-01,Passagem de Ano,S,1,1,2020,1,Inverno,0,0,0,0,0,0,0,1,0,0,0,0,1
POR025,Alfragide,2024-03-31,Páscoa,N,1,3,2024,13,Primavera,1,0,0,0,0,1,0,0,0,0,1,0,0
POR025,Alfragide,2023-04-09,Páscoa,N,1,4,2023,14,Primavera,0,0,0,0,0,1,0,0,0,0,1,0,0
POR025,Alfragide,2023-12-01,Restauração da Independência,S,1,12,2023,48,Inverno,1,0,0,0,0,0,0,0,0,0,0,0,1
POR025,Alfragide,2024-03-29,Sexta-feira Santa,N,1,3,2024,13,Primavera,1,0,0,0,0,0,1,0,0,0,1,0,0
POR025,Alfragide,2023-04-07,Sexta-feira Santa,N,1,4,2023,14,Primavera,0,0,0,0,0,0,1,0,0,0,1,0,0
POR026,Maia,2024-01-01,Ano Novo,S,1,1,2024,1,Inverno,1,1,0,0,0,0,0,0,0,0,0,0,1
POR026,Maia,2023-01-01,Ano Novo,S,1,1,2023,52,Inverno,0,1,0,0,0,0,0,0,0,0,0,0,1
POR026,Maia,2022-01-01,Ano Novo,S,1,1,2022,52,Inverno,0,1,0,0,0,0,0,0,0,0,0,0,1
POR026,Maia,2021-01-01,Ano Novo,S,1,1,2021,53,Inverno,0,1,0,0,0,0,0,0,0,0,0,0,1
POR026,Maia,2020-01-01,Ano Novo,S,1,1,2020,1,Inverno,0,1,0,0,0,0,0,0,0,0,0,0,1
POR026,Maia,2023-08-15,Assunção de Maria,S,1,8,2023,33,Verão,1,0,0,0,0,0,0,0,0,1,0,0,0
POR026,Maia,2022-08-15,Assunção de Maria,N,1,8,2022,33,Verão,0,0,0,0,0,0,0,0,0,1,0,0,0
POR026,Maia,2024-02-13,Carnaval,N,1,2,2024,7,Inverno,1,0,1,0,0,0,0,0,0,0,0,0,1
POR026,Maia,2023-02-21,Carnaval,N,1,2,2023,8,Inverno,0,0,1,0,0,0,0,0,0,0,0,0,1
POR026,Maia,2022-03-01,Carnaval,N,1,3,2022,9,Primavera,0,0,1,0,0,0,0,0,0,0,1,0,0
POR026,Maia,2023-06-08,Corpo de Deus,S,1,6,2023,23,Verão,1,0,0,0,0,0,0,0,0,1,0,0,0
POR026,Maia,2022-06-16,Corpo de Deus,N,1,6,2022,24,Verão,0,0,0,0,0,0,0,0,0,1,0,0,0
POR026,Maia,2023-12-08,Dia da Imaculada Conceição,S,1,12,2023,49,Inverno,1,0,0,0,0,0,0,0,0,0,0,0,1
POR026,Maia,2022-12-08,Dia da Imaculada Conceição,N,1,12,2022,49,Inverno,0,0,0,0,0,0,0,0,0,0,0,0,1
POR026,Maia,2024-04-25,Dia da Liberdade,S,1,4,2024,17,Primavera,1,0,0,0,0,0,0,0,0,0,1,0,0
POR026,Maia,2023-04-25,Dia da Liberdade,S,1,4,2023,17,Primavera,0,0,0,0,0,0,0,0,0,0,1,0,0
POR026,Maia,2022-04-25,Dia da Liberdade,S,1,4,2022,17,Primavera,0,0,0,0,0,0,0,0,0,0,1,0,0
POR026,Maia,2021-04-25,Dia da Liberdade,S,1,4,2021,16,Primavera,0,0,0,0,0,0,0,0,0,0,1,0,0
POR026,Maia,2020-04-25,Dia da Liberdade,S,1,4,2020,17,Primavera,0,0,0,0,0,0,0,0,0,0,1,0,0
POR026,Maia,2023-06-10,Dia de Portugal,S,1,6,2023,23,Verão,1,0,0,0,0,0,0,0,0,1,0,0,0
POR026,Maia,2022-06-10,Dia de Portugal,N,1,6,2022,23,Verão,0,0,0,0,0,0,0,0,0,1,0,0,0
POR026,Maia,2023-11-01,Dia de Todos os Santos,S,1,11,2023,44,Outono,1,0,0,0,0,0,0,0,1,0,0,1,0
POR026,Maia,2022-11-01,Dia de Todos os Santos,N,1,11,2022,44,Outono,0,0,0,0,0,0,0,0,1,0,0,1,0
POR026,Maia,2023-05-01,Dia do Trabalhador,S,1,5,2023,18,Primavera,1,0,0,1,0,0,0,0,0,0,1,0,0
POR026,Maia,2022-05-01,Dia do Trabalhador,N,1,5,2022,17,Primavera,0,0,0,1,0,0,0,0,0,0,1,0,0
POR026,Maia,2023-07-10,Feriado Municipal da Maia,N,1,7,2023,28,Verão,1,0,0,0,0,0,0,0,0,1,0,0,0
POR026,Maia,2022-06-24,Feriado Municipal do Porto,N,1,6,2022,25,Verão,1,0,0,0,0,0,0,0,0,1,0,0,0
POR026,Maia,2023-10-05,Implantação da República,S,1,10,2023,40,Outono,1,0,0,0,0,0,0,0,0,0,0,1,0
POR026,Maia,2022-10-05,Implantação da República,N,1,10,2022,40,Outono,0,0,0,0,0,0,0,0,0,0,0,1,0
POR026,Maia,2024-12-25,Natal,S,1,12,2024,52,Inverno,1,0,0,0,1,0,0,0,0,0,0,0,1
POR026,Maia,2023-12-25,Natal,S,1,12,2023,52,Inverno,0,0,0,0,1,0,0,0,0,0,0,0,1
POR026,Maia,2022-12-25,Natal,S,1,12,2022,51,Inverno,0,0,0,0,1,0,0,0,0,0,0,0,1
POR026,Maia,2021-12-25,Natal,S,1,12,2021,51,Inverno,0,0,0,0,1,0,0,0,0,0,0,0,1
POR026,Maia,2020-12-25,Natal,S,1,12,2020,52,Inverno,0,0,0,0,1,0,0,0,0,0,0,0,1
POR026,Maia,2024-03-31,Páscoa,N,1,3,2024,13,Primavera,1,0,0,0,0,1,0,0,0,0,1,0,0
POR026,Maia,2023-04-09,Páscoa,N,1,4,2023,14,Primavera,0,0,0,0,0,1,0,0,0,0,1,0,0
POR026,Maia,2022-04-17,Páscoa,N,1,4,2022,15,Primavera,0,0,0,0,0,1,0,0,0,0,1,0,0
POR026,Maia,2023-12-01,Restauração da Independência,S,1,12,2023,48,Inverno,1,0,0,0,0,0,0,0,0,0,0,0,1
POR026,Maia,2022-12-01,Restauração da Independência,N,1,12,2022,48,Inverno,0,0,0,0,0,0,0,0,0,0,0,0,1
POR026,Maia,2024-03-29,Sexta-feira Santa,N,1,3,2024,13,Primavera,1,0,0,0,0,0,1,0,0,0,1,0,0
POR026,Maia,2023-04-07,Sexta-feira Santa,N,1,4,2023,14,Primavera,0,0,0,0,0,0,1,0,0,0,1,0,0
POR026,Maia,2022-04-15,Sexta-feira Santa,N,1,4,2022,15,Primavera,0,0,0,0,0,0,1,0,0,0,1,0,0
POR027,Setúbal,2024-01-01,Ano Novo,S,1,1,2024,1,Inverno,1,1,0,0,0,0,0,0,0,0,0,0,1
POR027,Setúbal,2023-01-01,Ano Novo,S,1,1,2023,52,Inverno,0,1,0,0,0,0,0,0,0,0,0,0,1
POR027,Setúbal,2022-01-01,Ano Novo,S,1,1,2022,52,Inverno,0,1,0,0,0,0,0,0,0,0,0,0,1
POR027,Setúbal,2021-01-01,Ano Novo,S,1,1,2021,53,Inverno,0,1,0,0,0,0,0,0,0,0,0,0,1
POR027,Setúbal,2020-01-01,Ano Novo,S,1,1,2020,1,Inverno,0,1,0,0,0,0,0,0,0,0,0,0,1
POR027,Setúbal,2023-08-15,Assunção de Maria,S,1,8,2023,33,Verão,1,0,0,0,0,0,0,0,0,1,0,0,0
POR027,Setúbal,2022-08-15,Assunção de Maria,N,1,8,2022,33,Verão,0,0,0,0,0,0,0,0,0,1,0,0,0
POR027,Setúbal,2024-02-13,Carnaval,N,1,2,2024,7,Inverno,1,0,1,0,0,0,0,0,0,0,0,0,1
POR027,Setúbal,2023-02-21,Carnaval,N,1,2,2023,8,Inverno,0,0,1,0,0,0,0,0,0,0,0,0,1
POR027,Setúbal,2022-03-01,Carnaval,N,1,3,2022,9,Primavera,0,0,1,0,0,0,0,0,0,0,1,0,0
POR027,Setúbal,2023-06-08,Corpo de Deus,S,1,6,2023,23,Verão,1,0,0,0,0,0,0,0,0,1,0,0,0
POR027,Setúbal,2022-06-16,Corpo de Deus,N,1,6,2022,24,Verão,0,0,0,0,0,0,0,0,0,1,0,0,0
POR027,Setúbal,2023-12-08,Dia da Imaculada Conceição,S,1,12,2023,49,Inverno,1,0,0,0,0,0,0,0,0,0,0,0,1
POR027,Setúbal,2022-12-08,Dia da Imaculada Conceição,N,1,12,2022,49,Inverno,0,0,0,0,0,0,0,0,0,0,0,0,1
POR027,Setúbal,2021-12-08,Dia da Imaculada Conceição,N,1,12,2021,49,Inverno,0,0,0,0,0,0,0,0,0,0,0,0,1
POR027,Setúbal,2023-04-25,Dia da Liberdade,S,1,4,2023,17,Primavera,1,0,0,0,0,0,0,0,0,0,1,0,0
POR027,Setúbal,2022-04-25,Dia da Liberdade,N,1,4,2022,17,Primavera,0,0,0,0,0,0,0,0,0,0,1,0,0
POR027,Setúbal,2023-06-10,Dia de Portugal,S,1,6,2023,23,Verão,1,0,0,0,0,0,0,0,0,1,0,0,0
POR027,Setúbal,2022-06-10,Dia de Portugal,N,1,6,2022,23,Verão,0,0,0,0,0,0,0,0,0,1,0,0,0
POR027,Setúbal,2023-11-01,Dia de Todos os Santos,S,1,11,2023,44,Outono,1,0,0,0,0,0,0,0,1,0,0,1,0
POR027,Setúbal,2022-11-01,Dia de Todos os Santos,N,1,11,2022,44,Outono,0,0,0,0,0,0,0,0,1,0,0,1,0
POR027,Setúbal,2021-11-01,Dia de Todos os Santos,N,1,11,2021,44,Outono,0,0,0,0,0,0,0,0,1,0,0,1,0
POR027,Setúbal,2023-05-01,Dia do Trabalhador,S,1,5,2023,18,Primavera,1,0,0,1,0,0,0,0,0,0,1,0,0
POR027,Setúbal,2022-05-01,Dia do Trabalhador,N,1,5,2022,17,Primavera,0,0,0,1,0,0,0,0,0,0,1,0,0
POR027,Setúbal,2023-09-15,Feriado Municipal de Setúbal,S,1,9,2023,37,Outono,1,0,0,0,0,0,0,0,0,0,0,1,0
POR027,Setúbal,2022-09-15,Feriado Municipal de Setúbal,N,1,9,2022,37,Outono,0,0,0,0,0,0,0,0,0,0,0,1,0
POR027,Setúbal,2023-10-05,Implantação da República,S,1,10,2023,40,Outono,1,0,0,0,0,0,0,0,0,0,0,1,0
POR027,Setúbal,2022-10-05,Implantação da República,N,1,10,2022,40,Outono,0,0,0,0,0,0,0,0,0,0,0,1,0
POR027,Setúbal,2024-12-25,Natal,S,1,12,2024,52,Inverno,1,0,0,0,1,0,0,0,0,0,0,0,1
POR027,Setúbal,2023-12-25,Natal,S,1,12,2023,52,Inverno,0,0,0,0,1,0,0,0,0,0,0,0,1
POR027,Setúbal,2022-12-25,Natal,S,1,12,2022,51,Inverno,0,0,0,0,1,0,0,0,0,0,0,0,1
POR027,Setúbal,2021-12-25,Natal,S,1,12,2021,51,Inverno,0,0,0,0,1,0,0,0,0,0,0,0,1
POR027,Setúbal,2020-12-25,Natal,S,1,12,2020,52,Inverno,0,0,0,0,1,0,0,0,0,0,0,0,1
POR027,Setúbal,2024-03-31,Páscoa,N,1,3,2024,13,Primavera,1,0,0,0,0,1,0,0,0,0,1,0,0
POR027,Setúbal,2023-04-09,Páscoa,N,1,4,2023,14,Primavera,0,0,0,0,0,1,0,0,0,0,1,0,0
POR027,Setúbal,2022-04-17,Páscoa,N,1,4,2022,15,Primavera,0,0,0,0,0,1,0,0,0,0,1,0,0
POR027,Setúbal,2023-12-01,Restauração da Independência,S,1,12,2023,48,Inverno,1,0,0,0,0,0,0,0,0,0,0,0,1
POR027,Setúbal,2022-12-01,Restauração da Independência,N,1,12,2022,48,Inverno,0,0,0,0,0,0,0,0,0,0,0,0,1
POR027,Setúbal,2021-12-01,Restauração da Independência,N,1,12,2021,48,Inverno,0,0,0,0,0,0,0,0,0,0,0,0,1
POR027,Setúbal,2024-03-29,Sexta-feira Santa,N,1,3,2024,13,Primavera,1,0,0,0,0,0,1,0,0,0,1,0,0
POR027,Setúbal,2023-04-07,Sexta-feira Santa,N,1,4,2023,14,Primavera,0,0,0,0,0,0,1,0,0,0,1,0,0
POR027,Setúbal,2022-04-15,Sexta-feira Santa,N,1,4,2022,15,Primavera,0,0,0,0,0,0,1,0,0,0,1,0,0
POR028,Castelo Branco,2024-01-01,Ano Novo,N,1,1,2024,1,Inverno,1,1,0,0,0,0,0,0,0,0,0,0,1
POR028,Castelo Branco,2022-01-01,Ano Novo,N,0,1,2022,52,Inverno,0,1,0,0,0,0,0,0,0,0,0,0,1
POR028,Castelo Branco,2023-08-15,Assunção de Maria,S,1,8,2023,33,Verão,1,0,0,0,0,0,0,0,0,1,0,0,0
POR028,Castelo Branco,2022-08-15,Assunção de Maria,N,1,8,2022,33,Verão,0,0,0,0,0,0,0,0,0,1,0,0,0
POR028,Castelo Branco,2024-02-13,Carnaval,N,1,2,2024,7,Inverno,1,0,1,0,0,0,0,0,0,0,0,0,1
POR028,Castelo Branco,2023-02-21,Carnaval,N,1,2,2023,8,Inverno,0,0,1,0,0,0,0,0,0,0,0,0,1
POR028,Castelo Branco,2022-03-01,Carnaval,N,1,3,2022,9,Primavera,0,0,1,0,0,0,0,0,0,0,1,0,0
POR028,Castelo Branco,2023-06-08,Corpo de Deus,S,1,6,2023,23,Verão,1,0,0,0,0,0,0,0,0,1,0,0,0
POR028,Castelo Branco,2022-06-16,Corpo de Deus,N,1,6,2022,24,Verão,0,0,0,0,0,0,0,0,0,1,0,0,0
POR028,Castelo Branco,2024-12-08,Dia da Imaculada Conceição,S,1,12,2024,49,Inverno,1,0,0,0,0,0,0,0,0,0,0,0,1
POR028,Castelo Branco,2023-12-08,Dia da Imaculada Conceição,S,1,12,2023,49,Inverno,0,0,0,0,0,0,0,0,0,0,0,0,1
POR028,Castelo Branco,2023-12-08,Dia da Imaculada Conceição,S,1,12,2023,49,Inverno,0,0,0,0,0,0,0,0,0,0,0,0,1
POR028,Castelo Branco,2022-12-08,Dia da Imaculada Conceição,S,1,12,2022,49,Inverno,0,0,0,0,0,0,0,0,0,0,0,0,1
POR028,Castelo Branco,2022-12-08,Dia da Imaculada Conceição,S,1,12,2022,49,Inverno,0,0,0,0,0,0,0,0,0,0,0,0,1
POR028,Castelo Branco,2021-12-08,Dia da Imaculada Conceição,S,1,12,2021,49,Inverno,0,0,0,0,0,0,0,0,0,0,0,0,1
POR028,Castelo Branco,2020-12-08,Dia da Imaculada Conceição,S,1,12,2020,50,Inverno,0,0,0,0,0,0,0,0,0,0,0,0,1
POR028,Castelo Branco,2023-04-25,Dia da Liberdade,S,1,4,2023,17,Primavera,1,0,0,0,0,0,0,0,0,0,1,0,0
POR028,Castelo Branco,2022-04-25,Dia da Liberdade,N,1,4,2022,17,Primavera,0,0,0,0,0,0,0,0,0,0,1,0,0
POR028,Castelo Branco,2023-06-10,Dia de Portugal,S,1,6,2023,23,Verão,1,0,0,0,0,0,0,0,0,1,0,0,0
POR028,Castelo Branco,2022-06-10,Dia de Portugal,N,1,6,2022,23,Verão,0,0,0,0,0,0,0,0,0,1,0,0,0
POR028,Castelo Branco,2023-11-01,Dia de Todos os Santos,S,1,11,2023,44,Outono,1,0,0,0,0,0,0,0,1,0,0,1,0
POR028,Castelo Branco,2022-11-01,Dia de Todos os Santos,N,1,11,2022,44,Outono,0,0,0,0,0,0,0,0,1,0,0,1,0
POR028,Castelo Branco,2023-05-01,Dia do Trabalhador,S,1,5,2023,18,Primavera,1,0,0,1,0,0,0,0,0,0,1,0,0
POR028,Castelo Branco,2022-05-01,Dia do Trabalhador,N,1,5,2022,17,Primavera,0,0,0,1,0,0,0,0,0,0,1,0,0
POR028,Castelo Branco,2023-10-05,Implantação da República,S,1,10,2023,40,Outono,1,0,0,0,0,0,0,0,0,0,0,1,0
POR028,Castelo Branco,2022-10-05,Implantação da República,N,1,10,2022,40,Outono,0,0,0,0,0,0,0,0,0,0,0,1,0
POR028,Castelo Branco,2024-12-25,Natal,S,1,12,2024,52,Inverno,1,0,0,0,1,0,0,0,0,0,0,0,1
POR028,Castelo Branco,2023-12-25,Natal,N,1,12,2023,52,Inverno,0,0,0,0,1,0,0,0,0,0,0,0,1
POR028,Castelo Branco,2023-12-25,Natal,S,1,12,2023,52,Inverno,0,0,0,0,1,0,0,0,0,0,0,0,1
POR028,Castelo Branco,2022-12-25,Natal,S,1,12,2022,51,Inverno,0,0,0,0,1,0,0,0,0,0,0,0,1
POR028,Castelo Branco,2021-12-25,Natal,S,1,12,2021,51,Inverno,0,0,0,0,1,0,0,0,0,0,0,0,1
POR028,Castelo Branco,2020-12-25,Natal,S,1,12,2020,52,Inverno,0,0,0,0,1,0,0,0,0,0,0,0,1
POR028,Castelo Branco,2024-03-31,Páscoa,N,1,3,2024,13,Primavera,1,0,0,0,0,1,0,0,0,0,1,0,0
POR028,Castelo Branco,2023-04-09,Páscoa,N,1,4,2023,14,Primavera,0,0,0,0,0,1,0,0,0,0,1,0,0
POR028,Castelo Branco,2022-04-17,Páscoa,N,1,4,2022,15,Primavera,0,0,0,0,0,1,0,0,0,0,1,0,0
POR028,Castelo Branco,2023-12-01,Restauração da Independência,S,1,12,2023,48,Inverno,1,0,0,0,0,0,0,0,0,0,0,0,1
POR028,Castelo Branco,2022-12-01,Restauração da Independência,N,1,12,2022,48,Inverno,0,0,0,0,0,0,0,0,0,0,0,0,1
POR028,Castelo Branco,2024-03-29,Sexta-feira Santa,N,1,3,2024,13,Primavera,1,0,0,0,0,0,1,0,0,0,1,0,0
POR028,Castelo Branco,2023-04-07,Sexta-feira Santa,N,1,4,2023,14,Primavera,0,0,0,0,0,0,1,0,0,0,1,0,0
POR028,Castelo Branco,2022-04-15,Sexta-feira Santa,N,1,4,2022,15,Primavera,0,0,0,0,0,0,1,0,0,0,1,0,0
POR029,Alverca,2024-01-01,Ano Novo,S,1,1,2024,1,Inverno,1,1,0,0,0,0,0,0,0,0,0,0,1
POR029,Alverca,2023-01-01,Ano Novo,S,1,1,2023,52,Inverno,0,1,0,0,0,0,0,0,0,0,0,0,1
POR029,Alverca,2022-01-01,Ano Novo,S,1,1,2022,52,Inverno,0,1,0,0,0,0,0,0,0,0,0,0,1
POR029,Alverca,2021-01-01,Ano Novo,S,1,1,2021,53,Inverno,0,1,0,0,0,0,0,0,0,0,0,0,1
POR029,Alverca,2020-01-01,Ano Novo,S,1,1,2020,1,Inverno,0,1,0,0,0,0,0,0,0,0,0,0,1
POR029,Alverca,2023-08-15,Assunção de Maria,S,1,8,2023,33,Verão,1,0,0,0,0,0,0,0,0,1,0,0,0
POR029,Alverca,2024-02-13,Carnaval,N,1,2,2024,7,Inverno,1,0,1,0,0,0,0,0,0,0,0,0,1
POR029,Alverca,2023-02-21,Carnaval,N,1,2,2023,8,Inverno,0,0,1,0,0,0,0,0,0,0,0,0,1
POR029,Alverca,2023-06-08,Corpo de Deus,S,1,6,2023,23,Verão,1,0,0,0,0,0,0,0,0,1,0,0,0
POR029,Alverca,2024-12-08,Dia da Imaculada Conceição,S,1,12,2024,49,Inverno,1,0,0,0,0,0,0,0,0,0,0,0,1
POR029,Alverca,2023-12-08,Dia da Imaculada Conceição,S,1,12,2023,49,Inverno,0,0,0,0,0,0,0,0,0,0,0,0,1
POR029,Alverca,2022-12-08,Dia da Imaculada Conceição,S,1,12,2022,49,Inverno,0,0,0,0,0,0,0,0,0,0,0,0,1
POR029,Alverca,2021-12-08,Dia da Imaculada Conceição,S,1,12,2021,49,Inverno,0,0,0,0,0,0,0,0,0,0,0,0,1
POR029,Alverca,2020-12-08,Dia da Imaculada Conceição,S,1,12,2020,50,Inverno,0,0,0,0,0,0,0,0,0,0,0,0,1
POR029,Alverca,2023-04-25,Dia da Liberdade,S,1,4,2023,17,Primavera,1,0,0,0,0,0,0,0,0,0,1,0,0
POR029,Alverca,2023-06-10,Dia de Portugal,S,1,6,2023,23,Verão,1,0,0,0,0,0,0,0,0,1,0,0,0
POR029,Alverca,2023-11-01,Dia de Todos os Santos,S,1,11,2023,44,Outono,1,0,0,0,0,0,0,0,1,0,0,1,0
POR029,Alverca,2023-05-01,Dia do Trabalhador,S,1,5,2023,18,Primavera,1,0,0,1,0,0,0,0,0,0,1,0,0
POR029,Alverca,2023-05-18,Feriado Municipal de Vila Franca de Xira,N,1,5,2023,20,Primavera,1,0,0,0,0,0,0,0,0,0,1,0,0
POR029,Alverca,2023-10-05,Implantação da República,S,1,10,2023,40,Outono,1,0,0,0,0,0,0,0,0,0,0,1,0
POR029,Alverca,2024-12-25,Natal,S,1,12,2024,52,Inverno,1,0,0,0,1,0,0,0,0,0,0,0,1
POR029,Alverca,2023-12-25,Natal,S,1,12,2023,52,Inverno,0,0,0,0,1,0,0,0,0,0,0,0,1
POR029,Alverca,2022-12-25,Natal,S,1,12,2022,51,Inverno,0,0,0,0,1,0,0,0,0,0,0,0,1
POR029,Alverca,2021-12-25,Natal,S,1,12,2021,51,Inverno,0,0,0,0,1,0,0,0,0,0,0,0,1
POR029,Alverca,2020-12-25,Natal,S,1,12,2020,52,Inverno,0,0,0,0,1,0,0,0,0,0,0,0,1
POR029,Alverca,2024-03-31,Páscoa,N,1,3,2024,13,Primavera,1,0,0,0,0,1,0,0,0,0,1,0,0
POR029,Alverca,2023-04-09,Páscoa,N,1,4,2023,14,Primavera,0,0,0,0,0,1,0,0,0,0,1,0,0
POR029,Alverca,2023-12-01,Restauração da Independência,S,1,12,2023,48,Inverno,1,0,0,0,0,0,0,0,0,0,0,0,1
POR029,Alverca,2024-03-29,Sexta-feira Santa,N,1,3,2024,13,Primavera,1,0,0,0,0,0,1,0,0,0,1,0,0
POR029,Alverca,2023-04-07,Sexta-feira Santa,N,1,4,2023,14,Primavera,0,0,0,0,0,0,1,0,0,0,1,0,0
POR030,Santo Tirso,2024-01-01,Ano Novo,S,1,1,2024,1,Inverno,1,1,0,0,0,0,0,0,0,0,0,0,1
POR030,Santo Tirso,2023-01-01,Ano Novo,S,1,1,2023,52,Inverno,0,1,0,0,0,0,0,0,0,0,0,0,1
POR030,Santo Tirso,2022-01-01,Ano Novo,N,0,1,2022,52,Inverno,0,1,0,0,0,0,0,0,0,0,0,0,1
POR030,Santo Tirso,2022-01-01,Ano Novo,S,1,1,2022,52,Inverno,0,1,0,0,0,0,0,0,0,0,0,0,1
POR030,Santo Tirso,2021-01-01,Ano Novo,S,1,1,2021,53,Inverno,0,1,0,0,0,0,0,0,0,0,0,0,1
POR030,Santo Tirso,2020-01-01,Ano Novo,S,1,1,2020,1,Inverno,0,1,0,0,0,0,0,0,0,0,0,0,1
POR030,Santo Tirso,2023-08-15,Assunção de Maria,S,1,8,2023,33,Verão,1,0,0,0,0,0,0,0,0,1,0,0,0
POR030,Santo Tirso,2022-08-15,Assunção de Maria,N,1,8,2022,33,Verão,0,0,0,0,0,0,0,0,0,1,0,0,0
POR030,Santo Tirso,2024-02-13,Carnaval,N,1,2,2024,7,Inverno,1,0,1,0,0,0,0,0,0,0,0,0,1
POR030,Santo Tirso,2023-02-21,Carnaval,N,1,2,2023,8,Inverno,0,0,1,0,0,0,0,0,0,0,0,0,1
POR030,Santo Tirso,2022-03-01,Carnaval,N,1,3,2022,9,Primavera,0,0,1,0,0,0,0,0,0,0,1,0,0
POR030,Santo Tirso,2023-06-08,Corpo de Deus,S,1,6,2023,23,Verão,1,0,0,0,0,0,0,0,0,1,0,0,0
POR030,Santo Tirso,2022-06-16,Corpo de Deus,N,1,6,2022,24,Verão,0,0,0,0,0,0,0,0,0,1,0,0,0
POR030,Santo Tirso,2023-12-08,Dia da Imaculada Conceição,S,1,12,2023,49,Inverno,1,0,0,0,0,0,0,0,0,0,0,0,1
POR030,Santo Tirso,2022-12-08,Dia da Imaculada Conceição,N,1,12,2022,49,Inverno,0,0,0,0,0,0,0,0,0,0,0,0,1
POR030,Santo Tirso,2023-04-25,Dia da Liberdade,S,1,4,2023,17,Primavera,1,0,0,0,0,0,0,0,0,0,1,0,0
POR030,Santo Tirso,2022-04-25,Dia da Liberdade,N,1,4,2022,17,Primavera,0,0,0,0,0,0,0,0,0,0,1,0,0
POR030,Santo Tirso,2023-06-10,Dia de Portugal,S,1,6,2023,23,Verão,1,0,0,0,0,0,0,0,0,1,0,0,0
POR030,Santo Tirso,2022-06-10,Dia de Portugal,N,1,6,2022,23,Verão,0,0,0,0,0,0,0,0,0,1,0,0,0
POR030,Santo Tirso,2023-11-01,Dia de Todos os Santos,S,1,11,2023,44,Outono,1,0,0,0,0,0,0,0,1,0,0,1,0
POR030,Santo Tirso,2022-11-01,Dia de Todos os Santos,N,1,11,2022,44,Outono,0,0,0,0,0,0,0,0,1,0,0,1,0
POR030,Santo Tirso,2023-05-01,Dia do Trabalhador,S,1,5,2023,18,Primavera,1,0,0,1,0,0,0,0,0,0,1,0,0
POR030,Santo Tirso,2022-05-01,Dia do Trabalhador,N,1,5,2022,17,Primavera,0,0,0,1,0,0,0,0,0,0,1,0,0
POR030,Santo Tirso,2023-07-11,Feriado Municipal de Santo Tirso,S,1,7,2023,28,Verão,1,0,0,0,0,0,0,0,0,1,0,0,0
POR030,Santo Tirso,2022-06-24,Feriado Municipal do Porto,N,1,6,2022,25,Verão,1,0,0,0,0,0,0,0,0,1,0,0,0
POR030,Santo Tirso,2023-10-05,Implantação da República,S,1,10,2023,40,Outono,1,0,0,0,0,0,0,0,0,0,0,1,0
POR030,Santo Tirso,2022-10-05,Implantação da República,N,1,10,2022,40,Outono,0,0,0,0,0,0,0,0,0,0,0,1,0
POR030,Santo Tirso,2024-12-25,Natal,S,1,12,2024,52,Inverno,1,0,0,0,1,0,0,0,0,0,0,0,1
POR030,Santo Tirso,2023-12-25,Natal,S,1,12,2023,52,Inverno,0,0,0,0,1,0,0,0,0,0,0,0,1
POR030,Santo Tirso,2022-12-25,Natal,N,0,12,2022,51,Inverno,0,0,0,0,1,0,0,0,0,0,0,0,1
POR030,Santo Tirso,2022-12-25,Natal,S,1,12,2022,51,Inverno,0,0,0,0,1,0,0,0,0,0,0,0,1
POR030,Santo Tirso,2021-12-25,Natal,S,1,12,2021,51,Inverno,0,0,0,0,1,0,0,0,0,0,0,0,1
POR030,Santo Tirso,2020-12-25,Natal,S,1,12,2020,52,Inverno,0,0,0,0,1,0,0,0,0,0,0,0,1
POR030,Santo Tirso,2024-03-31,Páscoa,N,1,3,2024,13,Primavera,1,0,0,0,0,1,0,0,0,0,1,0,0
POR030,Santo Tirso,2023-04-09,Páscoa,N,1,4,2023,14,Primavera,0,0,0,0,0,1,0,0,0,0,1,0,0
POR030,Santo Tirso,2022-04-17,Páscoa,N,1,4,2022,15,Primavera,0,0,0,0,0,1,0,0,0,0,1,0,0
POR030,Santo Tirso,2023-12-01,Restauração da Independência,S,1,12,2023,48,Inverno,1,0,0,0,0,0,0,0,0,0,0,0,1
POR030,Santo Tirso,2022-12-01,Restauração da Independência,N,1,12,2022,48,Inverno,0,0,0,0,0,0,0,0,0,0,0,0,1
POR030,Santo Tirso,2024-03-29,Sexta-feira Santa,N,1,3,2024,13,Primavera,1,0,0,0,0,0,1,0,0,0,1,0,0
POR030,Santo Tirso,2023-04-07,Sexta-feira Santa,N,1,4,2023,14,Primavera,0,0,0,0,0,0,1,0,0,0,1,0,0
POR030,Santo Tirso,2022-04-15,Sexta-feira Santa,N,1,4,2022,15,Primavera,0,0,0,0,0,0,1,0,0,0,1,0,0
POR031,Famalicão,2024-01-01,Ano Novo,S,1,1,2024,1,Inverno,1,1,0,0,0,0,0,0,0,0,0,0,1
POR031,Famalicão,2023-01-01,Ano Novo,S,1,1,2023,52,Inverno,0,1,0,0,0,0,0,0,0,0,0,0,1
POR031,Famalicão,2022-01-01,Ano Novo,S,1,1,2022,52,Inverno,0,1,0,0,0,0,0,0,0,0,0,0,1
POR031,Famalicão,2021-01-01,Ano Novo,S,1,1,2021,53,Inverno,0,1,0,0,0,0,0,0,0,0,0,0,1
POR031,Famalicão,2020-01-01,Ano Novo,S,1,1,2020,1,Inverno,0,1,0,0,0,0,0,0,0,0,0,0,1
POR031,Famalicão,2024-08-15,Assunção de Maria,S,1,8,2024,33,Verão,1,0,0,0,0,0,0,0,0,1,0,0,0
POR031,Famalicão,2023-08-15,Assunção de Maria,S,1,8,2023,33,Verão,0,0,0,0,0,0,0,0,0,1,0,0,0
POR031,Famalicão,2022-08-15,Assunção de Maria,S,1,8,2022,33,Verão,0,0,0,0,0,0,0,0,0,1,0,0,0
POR031,Famalicão,2021-08-15,Assunção de Maria,S,1,8,2021,32,Verão,0,0,0,0,0,0,0,0,0,1,0,0,0
POR031,Famalicão,2020-08-15,Assunção de Maria,S,1,8,2020,33,Verão,0,0,0,0,0,0,0,0,0,1,0,0,0
POR031,Famalicão,2024-02-13,Carnaval,N,1,2,2024,7,Inverno,1,0,1,0,0,0,0,0,0,0,0,0,1
POR031,Famalicão,2023-02-21,Carnaval,N,1,2,2023,8,Inverno,0,0,1,0,0,0,0,0,0,0,0,0,1
POR031,Famalicão,2023-06-08,Corpo de Deus,N,1,6,2023,23,Verão,1,0,0,0,0,0,0,0,0,1,0,0,0
POR031,Famalicão,2022-06-16,Corpo de Deus,N,1,6,2022,24,Verão,0,0,0,0,0,0,0,0,0,1,0,0,0
POR031,Famalicão,2023-12-08,Dia da Imaculada Conceição,S,1,12,2023,49,Inverno,1,0,0,0,0,0,0,0,0,0,0,0,1
POR031,Famalicão,2022-12-08,Dia da Imaculada Conceição,N,1,12,2022,49,Inverno,0,0,0,0,0,0,0,0,0,0,0,0,1
POR031,Famalicão,2024-04-25,Dia da Liberdade,S,1,4,2024,17,Primavera,1,0,0,0,0,0,0,0,0,0,1,0,0
POR031,Famalicão,2023-04-25,Dia da Liberdade,S,1,4,2023,17,Primavera,0,0,0,0,0,0,0,0,0,0,1,0,0
POR031,Famalicão,2022-04-25,Dia da Liberdade,S,1,4,2022,17,Primavera,0,0,0,0,0,0,0,0,0,0,1,0,0
POR031,Famalicão,2021-04-25,Dia da Liberdade,S,1,4,2021,16,Primavera,0,0,0,0,0,0,0,0,0,0,1,0,0
POR031,Famalicão,2020-04-25,Dia da Liberdade,S,1,4,2020,17,Primavera,0,0,0,0,0,0,0,0,0,0,1,0,0
POR031,Famalicão,2023-06-10,Dia de Portugal,S,1,6,2023,23,Verão,1,0,0,0,0,0,0,0,0,1,0,0,0
POR031,Famalicão,2023-11-01,Dia de Todos os Santos,S,1,11,2023,44,Outono,1,0,0,0,0,0,0,0,1,0,0,1,0
POR031,Famalicão,2023-05-01,Dia do Trabalhador,S,1,5,2023,18,Primavera,1,0,0,1,0,0,0,0,0,0,1,0,0
POR031,Famalicão,2023-06-13,Feriado Municipal de Famalicão,S,1,6,2023,24,Verão,1,0,0,0,0,0,0,0,0,1,0,0,0
POR031,Famalicão,2022-06-24,Feriado Municipal do Porto,N,1,6,2022,25,Verão,1,0,0,0,0,0,0,0,0,1,0,0,0
POR031,Famalicão,2024-10-05,Implantação da República,S,1,10,2024,40,Outono,1,0,0,0,0,0,0,0,0,0,0,1,0
POR031,Famalicão,2023-10-05,Implantação da República,S,1,10,2023,40,Outono,0,0,0,0,0,0,0,0,0,0,0,1,0
POR031,Famalicão,2022-10-05,Implantação da República,S,1,10,2022,40,Outono,0,0,0,0,0,0,0,0,0,0,0,1,0
POR031,Famalicão,2021-10-05,Implantação da República,S,1,10,2021,40,Outono,0,0,0,0,0,0,0,0,0,0,0,1,0
POR031,Famalicão,2020-10-05,Implantação da República,S,1,10,2020,41,Outono,0,0,0,0,0,0,0,0,0,0,0,1,0
POR031,Famalicão,2023-12-25,Natal,S,0,12,2023,52,Inverno,1,0,0,0,1,0,0,0,0,0,0,0,1
POR031,Famalicão,2024-03-31,Páscoa,N,1,3,2024,13,Primavera,1,0,0,0,0,1,0,0,0,0,1,0,0
POR031,Famalicão,2023-04-09,Páscoa,N,1,4,2023,14,Primavera,0,0,0,0,0,1,0,0,0,0,1,0,0
POR031,Famalicão,2022-04-17,Páscoa,N,1,4,2022,15,Primavera,0,0,0,0,0,1,0,0,0,0,1,0,0
POR031,Famalicão,2024-12-01,Restauração da Independência,S,1,12,2024,48,Inverno,1,0,0,0,0,0,0,0,0,0,0,0,1
POR031,Famalicão,2023-12-01,Restauração da Independência,S,1,12,2023,48,Inverno,0,0,0,0,0,0,0,0,0,0,0,0,1
POR031,Famalicão,2022-12-01,Restauração da Independência,S,1,12,2022,48,Inverno,0,0,0,0,0,0,0,0,0,0,0,0,1
POR031,Famalicão,2021-12-01,Restauração da Independência,S,1,12,2021,48,Inverno,0,0,0,0,0,0,0,0,0,0,0,0,1
POR031,Famalicão,2020-12-01,Restauração da Independência,S,1,12,2020,49,Inverno,0,0,0,0,0,0,0,0,0,0,0,0,1
POR031,Famalicão,2024-03-29,Sexta-feira Santa,N,1,3,2024,13,Primavera,1,0,0,0,0,0,1,0,0,0,1,0,0
POR031,Famalicão,2023-04-07,Sexta-feira Santa,N,1,4,2023,14,Primavera,0,0,0,0,0,0,1,0,0,0,1,0,0
POR031,Famalicão,2022-04-15,Sexta-feira Santa,N,1,4,2022,15,Primavera,0,0,0,0,0,0,1,0,0,0,1,0,0
POR032,Aveiro,2024-01-01,Ano Novo,S,1,1,2024,1,Inverno,1,1,0,0,0,0,0,0,0,0,0,0,1
POR032,Aveiro,2023-01-01,Ano Novo,S,1,1,2023,52,Inverno,0,1,0,0,0,0,0,0,0,0,0,0,1
POR032,Aveiro,2022-01-01,Ano Novo,N,1,1,2022,52,Inverno,0,1,0,0,0,0,0,0,0,0,0,0,1
POR032,Aveiro,2022-01-01,Ano Novo,S,1,1,2022,52,Inverno,0,1,0,0,0,0,0,0,0,0,0,0,1
POR032,Aveiro,2021-01-01,Ano Novo,S,1,1,2021,53,Inverno,0,1,0,0,0,0,0,0,0,0,0,0,1
POR032,Aveiro,2020-01-01,Ano Novo,S,1,1,2020,1,Inverno,0,1,0,0,0,0,0,0,0,0,0,0,1
POR032,Aveiro,2023-08-15,Assunção de Maria,S,1,8,2023,33,Verão,1,0,0,0,0,0,0,0,0,1,0,0,0
POR032,Aveiro,2022-08-15,Assunção de Maria,N,1,8,2022,33,Verão,0,0,0,0,0,0,0,0,0,1,0,0,0
POR032,Aveiro,2024-02-13,Carnaval,N,1,2,2024,7,Inverno,1,0,1,0,0,0,0,0,0,0,0,0,1
POR032,Aveiro,2023-02-21,Carnaval,N,1,2,2023,8,Inverno,0,0,1,0,0,0,0,0,0,0,0,0,1
POR032,Aveiro,2022-03-01,Carnaval,N,1,3,2022,9,Primavera,0,0,1,0,0,0,0,0,0,0,1,0,0
POR032,Aveiro,2023-06-08,Corpo de Deus,S,1,6,2023,23,Verão,1,0,0,0,0,0,0,0,0,1,0,0,0
POR032,Aveiro,2022-06-16,Corpo de Deus,N,1,6,2022,24,Verão,0,0,0,0,0,0,0,0,0,1,0,0,0
POR032,Aveiro,2023-12-08,Dia da Imaculada Conceição,S,1,12,2023,49,Inverno,1,0,0,0,0,0,0,0,0,0,0,0,1
POR032,Aveiro,2022-12-08,Dia da Imaculada Conceição,N,1,12,2022,49,Inverno,0,0,0,0,0,0,0,0,0,0,0,0,1
POR032,Aveiro,2023-04-25,Dia da Liberdade,S,1,4,2023,17,Primavera,1,0,0,0,0,0,0,0,0,0,1,0,0
POR032,Aveiro,2022-04-25,Dia da Liberdade,N,1,4,2022,17,Primavera,0,0,0,0,0,0,0,0,0,0,1,0,0
POR032,Aveiro,2023-06-10,Dia de Portugal,S,1,6,2023,23,Verão,1,0,0,0,0,0,0,0,0,1,0,0,0
POR032,Aveiro,2022-06-10,Dia de Portugal,N,1,6,2022,23,Verão,0,0,0,0,0,0,0,0,0,1,0,0,0
POR032,Aveiro,2023-11-01,Dia de Todos os Santos,S,1,11,2023,44,Outono,1,0,0,0,0,0,0,0,1,0,0,1,0
POR032,Aveiro,2022-11-01,Dia de Todos os Santos,N,1,11,2022,44,Outono,0,0,0,0,0,0,0,0,1,0,0,1,0
POR032,Aveiro,2023-05-01,Dia do Trabalhador,S,1,5,2023,18,Primavera,1,0,0,1,0,0,0,0,0,0,1,0,0
POR032,Aveiro,2022-05-01,Dia do Trabalhador,N,1,5,2022,17,Primavera,0,0,0,1,0,0,0,0,0,0,1,0,0
POR032,Aveiro,2024-05-12,Feriado Municipal de Aveiro,S,1,5,2024,19,Primavera,1,0,0,0,0,0,0,0,0,0,1,0,0
POR032,Aveiro,2023-05-12,Feriado Municipal de Aveiro,S,1,5,2023,19,Primavera,0,0,0,0,0,0,0,0,0,0,1,0,0
POR032,Aveiro,2023-05-12,Feriado Municipal de Aveiro,S,1,5,2023,19,Primavera,0,0,0,0,0,0,0,0,0,0,1,0,0
POR032,Aveiro,2022-05-12,Feriado Municipal de Aveiro,S,1,5,2022,19,Primavera,0,0,0,0,0,0,0,0,0,0,1,0,0
POR032,Aveiro,2021-05-12,Feriado Municipal de Aveiro,S,1,5,2021,19,Primavera,0,0,0,0,0,0,0,0,0,0,1,0,0
POR032,Aveiro,2020-05-12,Feriado Municipal de Aveiro,S,1,5,2020,20,Primavera,0,0,0,0,0,0,0,0,0,0,1,0,0
POR032,Aveiro,2022-06-24,Feriado Municipal do Porto,N,1,6,2022,25,Verão,1,0,0,0,0,0,0,0,0,1,0,0,0
POR032,Aveiro,2023-10-05,Implantação da República,S,1,10,2023,40,Outono,1,0,0,0,0,0,0,0,0,0,0,1,0
POR032,Aveiro,2022-10-05,Implantação da República,N,1,10,2022,40,Outono,0,0,0,0,0,0,0,0,0,0,0,1,0
POR032,Aveiro,2024-12-25,Natal,S,1,12,2024,52,Inverno,1,0,0,0,1,0,0,0,0,0,0,0,1
POR032,Aveiro,2023-12-25,Natal,S,1,12,2023,52,Inverno,0,0,0,0,1,0,0,0,0,0,0,0,1
POR032,Aveiro,2022-12-25,Natal,N,1,12,2022,51,Inverno,0,0,0,0,1,0,0,0,0,0,0,0,1
POR032,Aveiro,2022-12-25,Natal,S,1,12,2022,51,Inverno,0,0,0,0,1,0,0,0,0,0,0,0,1
POR032,Aveiro,2021-12-25,Natal,S,1,12,2021,51,Inverno,0,0,0,0,1,0,0,0,0,0,0,0,1
POR032,Aveiro,2020-12-25,Natal,S,1,12,2020,52,Inverno,0,0,0,0,1,0,0,0,0,0,0,0,1
POR032,Aveiro,2024-03-31,Páscoa,N,1,3,2024,13,Primavera,1,0,0,0,0,1,0,0,0,0,1,0,0
POR032,Aveiro,2023-04-09,Páscoa,N,1,4,2023,14,Primavera,0,0,0,0,0,1,0,0,0,0,1,0,0
POR032,Aveiro,2022-04-17,Páscoa,N,1,4,2022,15,Primavera,0,0,0,0,0,1,0,0,0,0,1,0,0
POR032,Aveiro,2023-12-01,Restauração da Independência,S,1,12,2023,48,Inverno,1,0,0,0,0,0,0,0,0,0,0,0,1
POR032,Aveiro,2022-12-01,Restauração da Independência,N,1,12,2022,48,Inverno,0,0,0,0,0,0,0,0,0,0,0,0,1
POR032,Aveiro,2024-03-29,Sexta-feira Santa,N,1,3,2024,13,Primavera,1,0,0,0,0,0,1,0,0,0,1,0,0
POR032,Aveiro,2023-04-07,Sexta-feira Santa,N,1,4,2023,14,Primavera,0,0,0,0,0,0,1,0,0,0,1,0,0
POR032,Aveiro,2022-04-15,Sexta-feira Santa,N,1,4,2022,15,Primavera,0,0,0,0,0,0,1,0,0,0,1,0,0
POR033,Faro,2024-01-01,Ano Novo,S,0,1,2024,1,Inverno,1,1,0,0,0,0,0,0,0,0,0,0,1
POR033,Faro,2023-01-01,Ano Novo,S,0,1,2023,52,Inverno,0,1,0,0,0,0,0,0,0,0,0,0,1
POR033,Faro,2022-01-01,Ano Novo,S,0,1,2022,52,Inverno,0,1,0,0,0,0,0,0,0,0,0,0,1
POR033,Faro,2021-01-01,Ano Novo,S,0,1,2021,53,Inverno,0,1,0,0,0,0,0,0,0,0,0,0,1
POR033,Faro,2020-01-01,Ano Novo,S,0,1,2020,1,Inverno,0,1,0,0,0,0,0,0,0,0,0,0,1
POR033,Faro,2023-08-15,Assunção de Maria,S,1,8,2023,33,Verão,1,0,0,0,0,0,0,0,0,1,0,0,0
POR033,Faro,2024-02-13,Carnaval,N,1,2,2024,7,Inverno,1,0,1,0,0,0,0,0,0,0,0,0,1
POR033,Faro,2023-02-21,Carnaval,N,1,2,2023,8,Inverno,0,0,1,0,0,0,0,0,0,0,0,0,1
POR033,Faro,2023-06-08,Corpo de Deus,S,1,6,2023,23,Verão,1,0,0,0,0,0,0,0,0,1,0,0,0
POR033,Faro,2023-12-08,Dia da Imaculada Conceição,S,1,12,2023,49,Inverno,1,0,0,0,0,0,0,0,0,0,0,0,1
POR033,Faro,2023-04-25,Dia da Liberdade,S,1,4,2023,17,Primavera,1,0,0,0,0,0,0,0,0,0,1,0,0
POR033,Faro,2023-06-10,Dia de Portugal,S,1,6,2023,23,Verão,1,0,0,0,0,0,0,0,0,1,0,0,0
POR033,Faro,2023-11-01,Dia de Todos os Santos,S,1,11,2023,44,Outono,1,0,0,0,0,0,0,0,1,0,0,1,0
POR033,Faro,2023-05-01,Dia do Trabalhador,S,1,5,2023,18,Primavera,1,0,0,1,0,0,0,0,0,0,1,0,0
POR033,Faro,2023-09-07,Feriado Municipal de Faro,S,1,9,2023,36,Outono,1,0,0,0,0,0,0,0,0,0,0,1,0
POR033,Faro,2023-10-05,Implantação da República,S,1,10,2023,40,Outono,1,0,0,0,0,0,0,0,0,0,0,1,0
POR033,Faro,2024-12-25,Natal,S,0,12,2024,52,Inverno,1,0,0,0,1,0,0,0,0,0,0,0,1
POR033,Faro,2023-12-25,Natal,S,0,12,2023,52,Inverno,0,0,0,0,1,0,0,0,0,0,0,0,1
POR033,Faro,2022-12-25,Natal,S,0,12,2022,51,Inverno,0,0,0,0,1,0,0,0,0,0,0,0,1
POR033,Faro,2021-12-25,Natal,S,0,12,2021,51,Inverno,0,0,0,0,1,0,0,0,0,0,0,0,1
POR033,Faro,2020-12-25,Natal,S,0,12,2020,52,Inverno,0,0,0,0,1,0,0,0,0,0,0,0,1
POR033,Faro,2024-03-31,Páscoa,N,1,3,2024,13,Primavera,1,0,0,0,0,1,0,0,0,0,1,0,0
POR033,Faro,2023-04-09,Páscoa,N,1,4,2023,14,Primavera,0,0,0,0,0,1,0,0,0,0,1,0,0
POR033,Faro,2023-12-01,Restauração da Independência,S,1,12,2023,48,Inverno,1,0,0,0,0,0,0,0,0,0,0,0,1
POR033,Faro,2024-03-29,Sexta-feira Santa,N,1,3,2024,13,Primavera,1,0,0,0,0,0,1,0,0,0,1,0,0
POR033,Faro,2023-04-07,Sexta-feira Santa,N,1,4,2023,14,Primavera,0,0,0,0,0,0,1,0,0,0,1,0,0
POR034,Figueira da Foz,2024-01-01,Ano Novo,S,1,1,2024,1,Inverno,1,1,0,0,0,0,0,0,0,0,0,0,1
POR034,Figueira da Foz,2023-01-01,Ano Novo,N,0,1,2023,52,Inverno,0,1,0,0,0,0,0,0,0,0,0,0,1
POR034,Figueira da Foz,2023-01-01,Ano Novo,S,1,1,2023,52,Inverno,0,1,0,0,0,0,0,0,0,0,0,0,1
POR034,Figueira da Foz,2022-01-01,Ano Novo,S,1,1,2022,52,Inverno,0,1,0,0,0,0,0,0,0,0,0,0,1
POR034,Figueira da Foz,2021-01-01,Ano Novo,S,1,1,2021,53,Inverno,0,1,0,0,0,0,0,0,0,0,0,0,1
POR034,Figueira da Foz,2020-01-01,Ano Novo,S,1,1,2020,1,Inverno,0,1,0,0,0,0,0,0,0,0,0,0,1
POR034,Figueira da Foz,2023-08-15,Assunção de Maria,S,1,8,2023,33,Verão,1,0,0,0,0,0,0,0,0,1,0,0,0
POR034,Figueira da Foz,2022-08-15,Assunção de Maria,N,1,8,2022,33,Verão,0,0,0,0,0,0,0,0,0,1,0,0,0
POR034,Figueira da Foz,2024-02-13,Carnaval,N,1,2,2024,7,Inverno,1,0,1,0,0,0,0,0,0,0,0,0,1
POR034,Figueira da Foz,2023-02-21,Carnaval,N,1,2,2023,8,Inverno,0,0,1,0,0,0,0,0,0,0,0,0,1
POR034,Figueira da Foz,2022-03-01,Carnaval,N,1,3,2022,9,Primavera,0,0,1,0,0,0,0,0,0,0,1,0,0
POR034,Figueira da Foz,2023-06-08,Corpo de Deus,S,1,6,2023,23,Verão,1,0,0,0,0,0,0,0,0,1,0,0,0
POR034,Figueira da Foz,2022-06-16,Corpo de Deus,N,1,6,2022,24,Verão,0,0,0,0,0,0,0,0,0,1,0,0,0
POR034,Figueira da Foz,2023-12-08,Dia da Imaculada Conceição,S,1,12,2023,49,Inverno,1,0,0,0,0,0,0,0,0,0,0,0,1
POR034,Figueira da Foz,2022-12-08,Dia da Imaculada Conceição,N,1,12,2022,49,Inverno,0,0,0,0,0,0,0,0,0,0,0,0,1
POR034,Figueira da Foz,2023-04-25,Dia da Liberdade,S,1,4,2023,17,Primavera,1,0,0,0,0,0,0,0,0,0,1,0,0
POR034,Figueira da Foz,2023-06-10,Dia de Portugal,S,1,6,2023,23,Verão,1,0,0,0,0,0,0,0,0,1,0,0,0
POR034,Figueira da Foz,2022-06-10,Dia de Portugal,N,1,6,2022,23,Verão,0,0,0,0,0,0,0,0,0,1,0,0,0
POR034,Figueira da Foz,2023-11-01,Dia de Todos os Santos,S,1,11,2023,44,Outono,1,0,0,0,0,0,0,0,1,0,0,1,0
POR034,Figueira da Foz,2022-11-01,Dia de Todos os Santos,N,1,11,2022,44,Outono,0,0,0,0,0,0,0,0,1,0,0,1,0
POR034,Figueira da Foz,2023-05-01,Dia do Trabalhador,S,1,5,2023,18,Primavera,1,0,0,1,0,0,0,0,0,0,1,0,0
POR034,Figueira da Foz,2023-06-24,Feriado Municipal da Figueira da Foz,S,1,6,2023,25,Verão,1,0,0,0,0,0,0,0,0,1,0,0,0
POR034,Figueira da Foz,2024-10-05,Implantação da República,S,1,10,2024,40,Outono,1,0,0,0,0,0,0,0,0,0,0,1,0
POR034,Figueira da Foz,2023-10-05,Implantação da República,S,1,10,2023,40,Outono,0,0,0,0,0,0,0,0,0,0,0,1,0
POR034,Figueira da Foz,2023-10-05,Implantação da República,S,1,10,2023,40,Outono,0,0,0,0,0,0,0,0,0,0,0,1,0
POR034,Figueira da Foz,2022-10-05,Implantação da República,N,1,10,2022,40,Outono,0,0,0,0,0,0,0,0,0,0,0,1,0
POR034,Figueira da Foz,2022-10-05,Implantação da República,S,1,10,2022,40,Outono,0,0,0,0,0,0,0,0,0,0,0,1,0
POR034,Figueira da Foz,2021-10-05,Implantação da República,S,1,10,2021,40,Outono,0,0,0,0,0,0,0,0,0,0,0,1,0
POR034,Figueira da Foz,2020-10-05,Implantação da República,S,1,10,2020,41,Outono,0,0,0,0,0,0,0,0,0,0,0,1,0
POR034,Figueira da Foz,2024-12-25,Natal,S,1,12,2024,52,Inverno,1,0,0,0,1,0,0,0,0,0,0,0,1
POR034,Figueira da Foz,2023-12-25,Natal,S,1,12,2023,52,Inverno,0,0,0,0,1,0,0,0,0,0,0,0,1
POR034,Figueira da Foz,2022-12-25,Natal,N,1,12,2022,51,Inverno,0,0,0,0,1,0,0,0,0,0,0,0,1
POR034,Figueira da Foz,2022-12-25,Natal,S,1,12,2022,51,Inverno,0,0,0,0,1,0,0,0,0,0,0,0,1
POR034,Figueira da Foz,2021-12-25,Natal,S,1,12,2021,51,Inverno,0,0,0,0,1,0,0,0,0,0,0,0,1
POR034,Figueira da Foz,2020-12-25,Natal,S,1,12,2020,52,Inverno,0,0,0,0,1,0,0,0,0,0,0,0,1
POR034,Figueira da Foz,2024-03-31,Páscoa,N,1,3,2024,13,Primavera,1,0,0,0,0,1,0,0,0,0,1,0,0
POR034,Figueira da Foz,2023-04-09,Páscoa,N,1,4,2023,14,Primavera,0,0,0,0,0,1,0,0,0,0,1,0,0
POR034,Figueira da Foz,2022-04-17,Páscoa,N,1,4,2022,15,Primavera,0,0,0,0,0,1,0,0,0,0,1,0,0
POR034,Figueira da Foz,2023-12-01,Restauração da Independência,S,1,12,2023,48,Inverno,1,0,0,0,0,0,0,0,0,0,0,0,1
POR034,Figueira da Foz,2022-12-01,Restauração da Independência,N,1,12,2022,48,Inverno,0,0,0,0,0,0,0,0,0,0,0,0,1
POR034,Figueira da Foz,2024-03-29,Sexta-feira Santa,N,1,3,2024,13,Primavera,1,0,0,0,0,0,1,0,0,0,1,0,0
POR034,Figueira da Foz,2023-04-07,Sexta-feira Santa,N,1,4,2023,14,Primavera,0,0,0,0,0,0,1,0,0,0,1,0,0
POR034,Figueira da Foz,2022-04-15,Sexta-feira Santa,N,1,4,2022,15,Primavera,0,0,0,0,0,0,1,0,0,0,1,0,0
POR035,Gondomar,2024-01-01,Ano Novo,S,1,1,2024,1,Inverno,1,1,0,0,0,0,0,0,0,0,0,0,1
POR035,Gondomar,2023-01-01,Ano Novo,S,1,1,2023,52,Inverno,0,1,0,0,0,0,0,0,0,0,0,0,1
POR035,Gondomar,2022-01-01,Ano Novo,S,1,1,2022,52,Inverno,0,1,0,0,0,0,0,0,0,0,0,0,1
POR035,Gondomar,2021-01-01,Ano Novo,S,1,1,2021,53,Inverno,0,1,0,0,0,0,0,0,0,0,0,0,1
POR035,Gondomar,2020-01-01,Ano Novo,S,1,1,2020,1,Inverno,0,1,0,0,0,0,0,0,0,0,0,0,1
POR035,Gondomar,2023-08-15,Assunção de Maria,S,1,8,2023,33,Verão,1,0,0,0,0,0,0,0,0,1,0,0,0
POR035,Gondomar,2024-02-13,Carnaval,N,1,2,2024,7,Inverno,1,0,1,0,0,0,0,0,0,0,0,0,1
POR035,Gondomar,2023-02-21,Carnaval,N,1,2,2023,8,Inverno,0,0,1,0,0,0,0,0,0,0,0,0,1
POR035,Gondomar,2022-03-01,Carnaval,N,1,3,2022,9,Primavera,0,0,1,0,0,0,0,0,0,0,1,0,0
POR035,Gondomar,2024-06-08,Corpo de Deus,S,1,6,2024,23,Verão,1,0,0,0,0,0,0,0,0,1,0,0,0
POR035,Gondomar,2023-06-08,Corpo de Deus,S,1,6,2023,23,Verão,0,0,0,0,0,0,0,0,0,1,0,0,0
POR035,Gondomar,2022-06-16,Corpo de Deus,N,1,6,2022,24,Verão,0,0,0,0,0,0,0,0,0,1,0,0,0
POR035,Gondomar,2022-06-08,Corpo de Deus,S,1,6,2022,23,Verão,0,0,0,0,0,0,0,0,0,1,0,0,0
POR035,Gondomar,2021-06-08,Corpo de Deus,S,1,6,2021,23,Verão,0,0,0,0,0,0,0,0,0,1,0,0,0
POR035,Gondomar,2020-06-08,Corpo de Deus,S,1,6,2020,24,Verão,0,0,0,0,0,0,0,0,0,1,0,0,0
POR035,Gondomar,2023-12-08,Dia da Imaculada Conceição,S,1,12,2023,49,Inverno,1,0,0,0,0,0,0,0,0,0,0,0,1
POR035,Gondomar,2024-04-25,Dia da Liberdade,S,1,4,2024,17,Primavera,1,0,0,0,0,0,0,0,0,0,1,0,0
POR035,Gondomar,2023-04-25,Dia da Liberdade,S,1,4,2023,17,Primavera,0,0,0,0,0,0,0,0,0,0,1,0,0
POR035,Gondomar,2022-04-25,Dia da Liberdade,N,1,4,2022,17,Primavera,0,0,0,0,0,0,0,0,0,0,1,0,0
POR035,Gondomar,2022-04-25,Dia da Liberdade,S,1,4,2022,17,Primavera,0,0,0,0,0,0,0,0,0,0,1,0,0
POR035,Gondomar,2021-04-25,Dia da Liberdade,S,1,4,2021,16,Primavera,0,0,0,0,0,0,0,0,0,0,1,0,0
POR035,Gondomar,2020-04-25,Dia da Liberdade,S,1,4,2020,17,Primavera,0,0,0,0,0,0,0,0,0,0,1,0,0
POR035,Gondomar,2023-06-10,Dia de Portugal,S,1,6,2023,23,Verão,1,0,0,0,0,0,0,0,0,1,0,0,0
POR035,Gondomar,2023-11-01,Dia de Todos os Santos,S,1,11,2023,44,Outono,1,0,0,0,0,0,0,0,1,0,0,1,0
POR035,Gondomar,2022-11-01,Dia de Todos os Santos,N,1,11,2022,44,Outono,0,0,0,0,0,0,0,0,1,0,0,1,0
POR035,Gondomar,2023-05-01,Dia do Trabalhador,S,1,5,2023,18,Primavera,1,0,0,1,0,0,0,0,0,0,1,0,0
POR035,Gondomar,2023-10-02,Feriado Municipal de Gondomar,N,1,10,2023,40,Outono,1,0,0,0,0,0,0,0,0,0,0,1,0
POR035,Gondomar,2022-06-24,Feriado Municipal do Porto,N,1,6,2022,25,Verão,1,0,0,0,0,0,0,0,0,1,0,0,0
POR035,Gondomar,2023-10-05,Implantação da República,S,1,10,2023,40,Outono,1,0,0,0,0,0,0,0,0,0,0,1,0
POR035,Gondomar,2024-12-25,Natal,S,1,12,2024,52,Inverno,1,0,0,0,1,0,0,0,0,0,0,0,1
POR035,Gondomar,2023-12-25,Natal,S,1,12,2023,52,Inverno,0,0,0,0,1,0,0,0,0,0,0,0,1
POR035,Gondomar,2022-12-25,Natal,S,1,12,2022,51,Inverno,0,0,0,0,1,0,0,0,0,0,0,0,1
POR035,Gondomar,2021-12-25,Natal,S,1,12,2021,51,Inverno,0,0,0,0,1,0,0,0,0,0,0,0,1
POR035,Gondomar,2020-12-25,Natal,S,1,12,2020,52,Inverno,0,0,0,0,1,0,0,0,0,0,0,0,1
POR035,Gondomar,2024-03-31,Páscoa,N,1,3,2024,13,Primavera,1,0,0,0,0,1,0,0,0,0,1,0,0
POR035,Gondomar,2023-04-09,Páscoa,N,1,4,2023,14,Primavera,0,0,0,0,0,1,0,0,0,0,1,0,0
POR035,Gondomar,2022-04-17,Páscoa,N,1,4,2022,15,Primavera,0,0,0,0,0,1,0,0,0,0,1,0,0
POR035,Gondomar,2024-12-01,Restauração da Independência,S,1,12,2024,48,Inverno,1,0,0,0,0,0,0,0,0,0,0,0,1
POR035,Gondomar,2023-12-01,Restauração da Independência,S,1,12,2023,48,Inverno,0,0,0,0,0,0,0,0,0,0,0,0,1
POR035,Gondomar,2022-12-01,Restauração da Independência,N,1,12,2022,48,Inverno,0,0,0,0,0,0,0,0,0,0,0,0,1
POR035,Gondomar,2022-12-01,Restauração da Independência,S,1,12,2022,48,Inverno,0,0,0,0,0,0,0,0,0,0,0,0,1
POR035,Gondomar,2021-12-01,Restauração da Independência,S,1,12,2021,48,Inverno,0,0,0,0,0,0,0,0,0,0,0,0,1
POR035,Gondomar,2020-12-01,Restauração da Independência,S,1,12,2020,49,Inverno,0,0,0,0,0,0,0,0,0,0,0,0,1
POR035,Gondomar,2024-03-29,Sexta-feira Santa,N,1,3,2024,13,Primavera,1,0,0,0,0,0,1,0,0,0,1,0,0
POR035,Gondomar,2023-04-07,Sexta-feira Santa,N,1,4,2023,14,Primavera,0,0,0,0,0,0,1,0,0,0,1,0,0
POR035,Gondomar,2022-04-15,Sexta-feira Santa,N,1,4,2022,15,Primavera,0,0,0,0,0,0,1,0,0,0,1,0,0
POR036,Vila Real,2024-01-01,Ano Novo,N,1,1,2024,1,Inverno,1,1,0,0,0,0,0,0,0,0,0,0,1
POR036,Vila Real,2024-01-01,Ano Novo,S,1,1,2024,1,Inverno,0,1,0,0,0,0,0,0,0,0,0,0,1
POR036,Vila Real,2023-01-01,Ano Novo,S,1,1,2023,52,Inverno,0,1,0,0,0,0,0,0,0,0,0,0,1
POR036,Vila Real,2022-01-01,Ano Novo,N,0,1,2022,52,Inverno,0,1,0,0,0,0,0,0,0,0,0,0,1
POR036,Vila Real,2022-01-01,Ano Novo,S,1,1,2022,52,Inverno,0,1,0,0,0,0,0,0,0,0,0,0,1
POR036,Vila Real,2021-01-01,Ano Novo,S,1,1,2021,53,Inverno,0,1,0,0,0,0,0,0,0,0,0,0,1
POR036,Vila Real,2020-01-01,Ano Novo,S,1,1,2020,1,Inverno,0,1,0,0,0,0,0,0,0,0,0,0,1
POR036,Vila Real,2023-08-15,Assunção de Maria,S,1,8,2023,33,Verão,1,0,0,0,0,0,0,0,0,1,0,0,0
POR036,Vila Real,2022-08-15,Assunção de Maria,N,1,8,2022,33,Verão,0,0,0,0,0,0,0,0,0,1,0,0,0
POR036,Vila Real,2024-02-13,Carnaval,N,1,2,2024,7,Inverno,1,0,1,0,0,0,0,0,0,0,0,0,1
POR036,Vila Real,2023-02-21,Carnaval,N,1,2,2023,8,Inverno,0,0,1,0,0,0,0,0,0,0,0,0,1
POR036,Vila Real,2022-03-01,Carnaval,N,1,3,2022,9,Primavera,0,0,1,0,0,0,0,0,0,0,1,0,0
POR036,Vila Real,2023-06-08,Corpo de Deus,S,1,6,2023,23,Verão,1,0,0,0,0,0,0,0,0,1,0,0,0
POR036,Vila Real,2022-06-16,Corpo de Deus,N,1,6,2022,24,Verão,0,0,0,0,0,0,0,0,0,1,0,0,0
POR036,Vila Real,2023-12-08,Dia da Imaculada Conceição,S,1,12,2023,49,Inverno,1,0,0,0,0,0,0,0,0,0,0,0,1
POR036,Vila Real,2022-12-08,Dia da Imaculada Conceição,N,1,12,2022,49,Inverno,0,0,0,0,0,0,0,0,0,0,0,0,1
POR036,Vila Real,2023-04-25,Dia da Liberdade,S,1,4,2023,17,Primavera,1,0,0,0,0,0,0,0,0,0,1,0,0
POR036,Vila Real,2022-04-25,Dia da Liberdade,N,1,4,2022,17,Primavera,0,0,0,0,0,0,0,0,0,0,1,0,0
POR036,Vila Real,2023-06-10,Dia de Portugal,S,1,6,2023,23,Verão,1,0,0,0,0,0,0,0,0,1,0,0,0
POR036,Vila Real,2022-06-10,Dia de Portugal,N,1,6,2022,23,Verão,0,0,0,0,0,0,0,0,0,1,0,0,0
POR036,Vila Real,2023-11-01,Dia de Todos os Santos,S,1,11,2023,44,Outono,1,0,0,0,0,0,0,0,1,0,0,1,0
POR036,Vila Real,2022-11-01,Dia de Todos os Santos,N,1,11,2022,44,Outono,0,0,0,0,0,0,0,0,1,0,0,1,0
POR036,Vila Real,2023-05-01,Dia do Trabalhador,S,1,5,2023,18,Primavera,1,0,0,1,0,0,0,0,0,0,1,0,0
POR036,Vila Real,2022-05-01,Dia do Trabalhador,N,1,5,2022,17,Primavera,0,0,0,1,0,0,0,0,0,0,1,0,0
POR036,Vila Real,2023-06-13,Feriado Municipal de Famalicão,S,1,6,2023,24,Verão,1,0,0,0,0,0,0,0,0,1,0,0,0
POR036,Vila Real,2023-10-05,Implantação da República,S,1,10,2023,40,Outono,1,0,0,0,0,0,0,0,0,0,0,1,0
POR036,Vila Real,2022-10-05,Implantação da República,N,1,10,2022,40,Outono,0,0,0,0,0,0,0,0,0,0,0,1,0
POR036,Vila Real,2024-12-25,Natal,S,1,12,2024,52,Inverno,1,0,0,0,1,0,0,0,0,0,0,0,1
POR036,Vila Real,2023-12-25,Natal,S,1,12,2023,52,Inverno,0,0,0,0,1,0,0,0,0,0,0,0,1
POR036,Vila Real,2022-12-25,Natal,N,0,12,2022,51,Inverno,0,0,0,0,1,0,0,0,0,0,0,0,1
POR036,Vila Real,2022-12-25,Natal,S,1,12,2022,51,Inverno,0,0,0,0,1,0,0,0,0,0,0,0,1
POR036,Vila Real,2021-12-25,Natal,S,1,12,2021,51,Inverno,0,0,0,0,1,0,0,0,0,0,0,0,1
POR036,Vila Real,2020-12-25,Natal,S,1,12,2020,52,Inverno,0,0,0,0,1,0,0,0,0,0,0,0,1
POR036,Vila Real,2024-03-31,Páscoa,N,1,3,2024,13,Primavera,1,0,0,0,0,1,0,0,0,0,1,0,0
POR036,Vila Real,2023-04-09,Páscoa,N,1,4,2023,14,Primavera,0,0,0,0,0,1,0,0,0,0,1,0,0
POR036,Vila Real,2022-04-17,Páscoa,N,1,4,2022,15,Primavera,0,0,0,0,0,1,0,0,0,0,1,0,0
POR036,Vila Real,2023-12-01,Restauração da Independência,S,1,12,2023,48,Inverno,1,0,0,0,0,0,0,0,0,0,0,0,1
POR036,Vila Real,2022-12-01,Restauração da Independência,N,1,12,2022,48,Inverno,0,0,0,0,0,0,0,0,0,0,0,0,1
POR036,Vila Real,2024-03-29,Sexta-feira Santa,N,1,3,2024,13,Primavera,1,0,0,0,0,0,1,0,0,0,1,0,0
POR036,Vila Real,2023-04-07,Sexta-feira Santa,N,1,4,2023,14,Primavera,0,0,0,0,0,0,1,0,0,0,1,0,0
POR036,Vila Real,2022-04-15,Sexta-feira Santa,N,1,4,2022,15,Primavera,0,0,0,0,0,0,1,0,0,0,1,0,0
POR038,Sintra,2024-01-01,Ano Novo,S,1,1,2024,1,Inverno,1,1,0,0,0,0,0,0,0,0,0,0,1
POR038,Sintra,2023-01-01,Ano Novo,S,1,1,2023,52,Inverno,0,1,0,0,0,0,0,0,0,0,0,0,1
POR038,Sintra,2022-01-01,Ano Novo,S,1,1,2022,52,Inverno,0,1,0,0,0,0,0,0,0,0,0,0,1
POR038,Sintra,2021-01-01,Ano Novo,S,1,1,2021,53,Inverno,0,1,0,0,0,0,0,0,0,0,0,0,1
POR038,Sintra,2020-01-01,Ano Novo,S,1,1,2020,1,Inverno,0,1,0,0,0,0,0,0,0,0,0,0,1
POR038,Sintra,2023-08-15,Assunção de Maria,S,1,8,2023,33,Verão,1,0,0,0,0,0,0,0,0,1,0,0,0
POR038,Sintra,2024-02-13,Carnaval,N,1,2,2024,7,Inverno,1,0,1,0,0,0,0,0,0,0,0,0,1
POR038,Sintra,2023-02-21,Carnaval,N,1,2,2023,8,Inverno,0,0,1,0,0,0,0,0,0,0,0,0,1
POR038,Sintra,2023-06-08,Corpo de Deus,S,1,6,2023,23,Verão,1,0,0,0,0,0,0,0,0,1,0,0,0
POR038,Sintra,2023-12-08,Dia da Imaculada Conceição,S,1,12,2023,49,Inverno,1,0,0,0,0,0,0,0,0,0,0,0,1
POR038,Sintra,2023-04-25,Dia da Liberdade,S,1,4,2023,17,Primavera,1,0,0,0,0,0,0,0,0,0,1,0,0
POR038,Sintra,2023-06-10,Dia de Portugal,S,1,6,2023,23,Verão,1,0,0,0,0,0,0,0,0,1,0,0,0
POR038,Sintra,2023-11-01,Dia de Todos os Santos,S,1,11,2023,44,Outono,1,0,0,0,0,0,0,0,1,0,0,1,0
POR038,Sintra,2023-05-01,Dia do Trabalhador,S,1,5,2023,18,Primavera,1,0,0,1,0,0,0,0,0,0,1,0,0
POR038,Sintra,2023-06-29,Feriado Municipal de Sintra,S,1,6,2023,26,Verão,1,0,0,0,0,0,0,0,0,1,0,0,0
POR038,Sintra,2023-10-05,Implantação da República,S,1,10,2023,40,Outono,1,0,0,0,0,0,0,0,0,0,0,1,0
POR038,Sintra,2024-12-25,Natal,S,1,12,2024,52,Inverno,1,0,0,0,1,0,0,0,0,0,0,0,1
POR038,Sintra,2023-12-25,Natal,S,1,12,2023,52,Inverno,0,0,0,0,1,0,0,0,0,0,0,0,1
POR038,Sintra,2022-12-25,Natal,S,1,12,2022,51,Inverno,0,0,0,0,1,0,0,0,0,0,0,0,1
POR038,Sintra,2021-12-25,Natal,S,1,12,2021,51,Inverno,0,0,0,0,1,0,0,0,0,0,0,0,1
POR038,Sintra,2020-12-25,Natal,S,1,12,2020,52,Inverno,0,0,0,0,1,0,0,0,0,0,0,0,1
POR038,Sintra,2024-03-31,Páscoa,N,1,3,2024,13,Primavera,1,0,0,0,0,1,0,0,0,0,1,0,0
POR038,Sintra,2023-04-09,Páscoa,N,1,4,2023,14,Primavera,0,0,0,0,0,1,0,0,0,0,1,0,0
POR038,Sintra,2023-12-01,Restauração da Independência,S,1,12,2023,48,Inverno,1,0,0,0,0,0,0,0,0,0,0,0,1
POR038,Sintra,2024-03-29,Sexta-feira Santa,N,1,3,2024,13,Primavera,1,0,0,0,0,0,1,0,0,0,1,0,0
POR038,Sintra,2023-04-07,Sexta-feira Santa,N,1,4,2023,14,Primavera,0,0,0,0,0,0,1,0,0,0,1,0,0
POR039,Vila do Conde,2024-02-13,Feriado Municipal de Vila do Conde,N,1,2,2024,7,Inverno,1,0,0,0,0,0,0,0,0,0,0,0,1
POR039,Vila do Conde,2024-03-29,Feriado Municipal de Vila do Conde,N,1,3,2024,13,Primavera,0,0,0,0,0,0,0,0,0,0,1,0,0
POR039,Vila do Conde,2024-03-31,Feriado Municipal de Vila do Conde,N,1,3,2024,13,Primavera,0,0,0,0,0,0,0,0,0,0,1,0,0
POR039,Vila do Conde,2024-01-01,Feriado Municipal de Vila do Conde,S,1,1,2024,1,Inverno,0,0,0,0,0,0,0,0,0,0,0,0,1
POR039,Vila do Conde,2024-04-25,Feriado Municipal de Vila do Conde,S,1,4,2024,17,Primavera,0,0,0,0,0,0,0,0,0,0,1,0,0
POR039,Vila do Conde,2024-06-24,Feriado Municipal de Vila do Conde,S,1,6,2024,26,Verão,0,0,0,0,0,0,0,0,0,1,0,0,0
POR039,Vila do Conde,2024-08-15,Feriado Municipal de Vila do Conde,S,1,8,2024,33,Verão,0,0,0,0,0,0,0,0,0,1,0,0,0
POR039,Vila do Conde,2024-10-05,Feriado Municipal de Vila do Conde,S,1,10,2024,40,Outono,0,0,0,0,0,0,0,0,0,0,0,1,0
POR039,Vila do Conde,2024-12-01,Feriado Municipal de Vila do Conde,S,1,12,2024,48,Inverno,0,0,0,0,0,0,0,0,0,0,0,0,1
POR039,Vila do Conde,2024-12-25,Feriado Municipal de Vila do Conde,S,1,12,2024,52,Inverno,0,0,0,0,0,0,0,0,0,0,0,0,1
POR039,Vila do Conde,2023-02-21,Feriado Municipal de Vila do Conde,N,1,2,2023,8,Inverno,0,0,0,0,0,0,0,0,0,0,0,0,1
POR039,Vila do Conde,2023-04-07,Feriado Municipal de Vila do Conde,N,1,4,2023,14,Primavera,0,0,0,0,0,0,0,0,0,0,1,0,0
POR039,Vila do Conde,2023-04-09,Feriado Municipal de Vila do Conde,N,1,4,2023,14,Primavera,0,0,0,0,0,0,0,0,0,0,1,0,0
POR039,Vila do Conde,2023-05-01,Feriado Municipal de Vila do Conde,S,1,5,2023,18,Primavera,0,0,0,0,0,0,0,0,0,0,1,0,0
POR039,Vila do Conde,2023-06-08,Feriado Municipal de Vila do Conde,N,1,6,2023,23,Verão,0,0,0,0,0,0,0,0,0,1,0,0,0
POR039,Vila do Conde,2023-06-10,Feriado Municipal de Vila do Conde,S,1,6,2023,23,Verão,0,0,0,0,0,0,0,0,0,1,0,0,0
POR039,Vila do Conde,2023-11-01,Feriado Municipal de Vila do Conde,S,1,11,2023,44,Outono,0,0,0,0,0,0,0,0,0,0,0,1,0
POR039,Vila do Conde,2023-12-08,Feriado Municipal de Vila do Conde,S,1,12,2023,49,Inverno,0,0,0,0,0,0,0,0,0,0,0,0,1
POR039,Vila do Conde,2023-01-01,Feriado Municipal de Vila do Conde,S,1,1,2023,52,Inverno,0,0,0,0,0,0,0,0,0,0,0,0,1
POR039,Vila do Conde,2023-04-25,Feriado Municipal de Vila do Conde,S,1,4,2023,17,Primavera,0,0,0,0,0,0,0,0,0,0,1,0,0
POR039,Vila do Conde,2023-06-24,Feriado Municipal de Vila do Conde,S,1,6,2023,25,Verão,0,0,0,0,0,0,0,0,0,1,0,0,0
POR039,Vila do Conde,2023-08-15,Feriado Municipal de Vila do Conde,S,1,8,2023,33,Verão,0,0,0,0,0,0,0,0,0,1,0,0,0
POR039,Vila do Conde,2023-10-05,Feriado Municipal de Vila do Conde,S,1,10,2023,40,Outono,0,0,0,0,0,0,0,0,0,0,0,1,0
POR039,Vila do Conde,2023-12-01,Feriado Municipal de Vila do Conde,S,1,12,2023,48,Inverno,0,0,0,0,0,0,0,0,0,0,0,0,1
POR039,Vila do Conde,2023-12-25,Feriado Municipal de Vila do Conde,S,1,12,2023,52,Inverno,0,0,0,0,0,0,0,0,0,0,0,0,1
POR039,Vila do Conde,2022-04-15,Feriado Municipal de Vila do Conde,N,1,4,2022,15,Primavera,0,0,0,0,0,0,0,0,0,0,1,0,0
POR039,Vila do Conde,2022-04-17,Feriado Municipal de Vila do Conde,N,1,4,2022,15,Primavera,0,0,0,0,0,0,0,0,0,0,1,0,0
POR039,Vila do Conde,2022-06-16,Feriado Municipal de Vila do Conde,N,1,6,2022,24,Verão,0,0,0,0,0,0,0,0,0,1,0,0,0
POR039,Vila do Conde,2022-06-24,Feriado Municipal de Vila do Conde,N,1,6,2022,25,Verão,0,0,0,0,0,0,0,0,0,1,0,0,0
POR039,Vila do Conde,2022-12-08,Feriado Municipal de Vila do Conde,N,1,12,2022,49,Inverno,0,0,0,0,0,0,0,0,0,0,0,0,1
POR039,Vila do Conde,2022-01-01,Feriado Municipal de Vila do Conde,S,1,1,2022,52,Inverno,0,0,0,0,0,0,0,0,0,0,0,0,1
POR039,Vila do Conde,2022-04-25,Feriado Municipal de Vila do Conde,S,1,4,2022,17,Primavera,0,0,0,0,0,0,0,0,0,0,1,0,0
POR039,Vila do Conde,2022-06-24,Feriado Municipal de Vila do Conde,S,1,6,2022,25,Verão,0,0,0,0,0,0,0,0,0,1,0,0,0
POR039,Vila do Conde,2022-08-15,Feriado Municipal de Vila do Conde,S,1,8,2022,33,Verão,0,0,0,0,0,0,0,0,0,1,0,0,0
POR039,Vila do Conde,2022-10-05,Feriado Municipal de Vila do Conde,S,1,10,2022,40,Outono,0,0,0,0,0,0,0,0,0,0,0,1,0
POR039,Vila do Conde,2022-12-01,Feriado Municipal de Vila do Conde,S,1,12,2022,48,Inverno,0,0,0,0,0,0,0,0,0,0,0,0,1
POR039,Vila do Conde,2022-12-25,Feriado Municipal de Vila do Conde,S,1,12,2022,51,Inverno,0,0,0,0,0,0,0,0,0,0,0,0,1
POR039,Vila do Conde,2021-01-01,Feriado Municipal de Vila do Conde,S,1,1,2021,53,Inverno,0,0,0,0,0,0,0,0,0,0,0,0,1
POR039,Vila do Conde,2021-04-25,Feriado Municipal de Vila do Conde,S,1,4,2021,16,Primavera,0,0,0,0,0,0,0,0,0,0,1,0,0
POR039,Vila do Conde,2021-06-24,Feriado Municipal de Vila do Conde,S,1,6,2021,25,Verão,0,0,0,0,0,0,0,0,0,1,0,0,0
POR039,Vila do Conde,2021-08-15,Feriado Municipal de Vila do Conde,S,1,8,2021,32,Verão,0,0,0,0,0,0,0,0,0,1,0,0,0
POR039,Vila do Conde,2021-10-05,Feriado Municipal de Vila do Conde,S,1,10,2021,40,Outono,0,0,0,0,0,0,0,0,0,0,0,1,0
POR039,Vila do Conde,2021-12-01,Feriado Municipal de Vila do Conde,S,1,12,2021,48,Inverno,0,0,0,0,0,0,0,0,0,0,0,0,1
POR039,Vila do Conde,2021-12-25,Feriado Municipal de Vila do Conde,S,1,12,2021,51,Inverno,0,0,0,0,0,0,0,0,0,0,0,0,1
POR039,Vila do Conde,2020-01-01,Feriado Municipal de Vila do Conde,S,1,1,2020,1,Inverno,0,0,0,0,0,0,0,0,0,0,0,0,1
POR039,Vila do Conde,2020-04-25,Feriado Municipal de Vila do Conde,S,1,4,2020,17,Primavera,0,0,0,0,0,0,0,0,0,0,1,0,0
POR039,Vila do Conde,2020-06-24,Feriado Municipal de Vila do Conde,S,1,6,2020,26,Verão,0,0,0,0,0,0,0,0,0,1,0,0,0
POR039,Vila do Conde,2020-08-15,Feriado Municipal de Vila do Conde,S,1,8,2020,33,Verão,0,0,0,0,0,0,0,0,0,1,0,0,0
POR039,Vila do Conde,2020-10-05,Feriado Municipal de Vila do Conde,S,1,10,2020,41,Outono,0,0,0,0,0,0,0,0,0,0,0,1,0
POR039,Vila do Conde,2020-12-01,Feriado Municipal de Vila do Conde,S,1,12,2020,49,Inverno,0,0,0,0,0,0,0,0,0,0,0,0,1
POR039,Vila do Conde,2020-12-25,Feriado Municipal de Vila do Conde,S,1,12,2020,52,Inverno,0,0,0,0,0,0,0,0,0,0,0,0,1
POR052,Caldas da Rainha,2024-01-01,Ano Novo,S,1,1,2024,1,Inverno,1,1,0,0,0,0,0,0,0,0,0,0,1
POR052,Caldas da Rainha,2023-01-01,Ano Novo,S,1,1,2023,52,Inverno,0,1,0,0,0,0,0,0,0,0,0,0,1
POR052,Caldas da Rainha,2022-01-01,Ano Novo,S,1,1,2022,52,Inverno,0,1,0,0,0,0,0,0,0,0,0,0,1
POR052,Caldas da Rainha,2021-01-01,Ano Novo,S,1,1,2021,53,Inverno,0,1,0,0,0,0,0,0,0,0,0,0,1
POR052,Caldas da Rainha,2020-01-01,Ano Novo,S,1,1,2020,1,Inverno,0,1,0,0,0,0,0,0,0,0,0,0,1
POR052,Caldas da Rainha,2023-08-15,Assunção de Maria,S,1,8,2023,33,Verão,1,0,0,0,0,0,0,0,0,1,0,0,0
POR052,Caldas da Rainha,2024-02-13,Carnaval,N,1,2,2024,7,Inverno,1,0,1,0,0,0,0,0,0,0,0,0,1
POR052,Caldas da Rainha,2023-02-21,Carnaval,N,1,2,2023,8,Inverno,0,0,1,0,0,0,0,0,0,0,0,0,1
POR052,Caldas da Rainha,2023-06-08,Corpo de Deus,S,1,6,2023,23,Verão,1,0,0,0,0,0,0,0,0,1,0,0,0
POR052,Caldas da Rainha,2023-12-08,Dia da Imaculada Conceição,S,1,12,2023,49,Inverno,1,0,0,0,0,0,0,0,0,0,0,0,1
POR052,Caldas da Rainha,2023-04-25,Dia da Liberdade,S,1,4,2023,17,Primavera,1,0,0,0,0,0,0,0,0,0,1,0,0
POR052,Caldas da Rainha,2023-06-10,Dia de Portugal,S,1,6,2023,23,Verão,1,0,0,0,0,0,0,0,0,1,0,0,0
POR052,Caldas da Rainha,2023-11-01,Dia de Todos os Santos,S,1,11,2023,44,Outono,1,0,0,0,0,0,0,0,1,0,0,1,0
POR052,Caldas da Rainha,2023-05-01,Dia do Trabalhador,S,1,5,2023,18,Primavera,1,0,0,1,0,0,0,0,0,0,1,0,0
POR052,Caldas da Rainha,2023-05-15,Feriado Municipal Das Caldas da Rainha,S,1,5,2023,20,Primavera,1,0,0,0,0,0,0,0,0,0,1,0,0
POR052,Caldas da Rainha,2023-10-05,Implantação da República,S,1,10,2023,40,Outono,1,0,0,0,0,0,0,0,0,0,0,1,0
POR052,Caldas da Rainha,2024-12-25,Natal,S,1,12,2024,52,Inverno,1,0,0,0,1,0,0,0,0,0,0,0,1
POR052,Caldas da Rainha,2023-12-25,Natal,S,1,12,2023,52,Inverno,0,0,0,0,1,0,0,0,0,0,0,0,1
POR052,Caldas da Rainha,2022-12-25,Natal,S,1,12,2022,51,Inverno,0,0,0,0,1,0,0,0,0,0,0,0,1
POR052,Caldas da Rainha,2021-12-25,Natal,S,1,12,2021,51,Inverno,0,0,0,0,1,0,0,0,0,0,0,0,1
POR052,Caldas da Rainha,2020-12-25,Natal,S,1,12,2020,52,Inverno,0,0,0,0,1,0,0,0,0,0,0,0,1
POR052,Caldas da Rainha,2024-03-31,Páscoa,N,1,3,2024,13,Primavera,1,0,0,0,0,1,0,0,0,0,1,0,0
POR052,Caldas da Rainha,2023-04-09,Páscoa,N,1,4,2023,14,Primavera,0,0,0,0,0,1,0,0,0,0,1,0,0
POR052,Caldas da Rainha,2023-12-01,Restauração da Independência,S,1,12,2023,48,Inverno,1,0,0,0,0,0,0,0,0,0,0,0,1
POR052,Caldas da Rainha,2024-03-29,Sexta-feira Santa,N,1,3,2024,13,Primavera,1,0,0,0,0,0,1,0,0,0,1,0,0
POR052,Caldas da Rainha,2023-04-07,Sexta-feira Santa,N,1,4,2023,14,Primavera,0,0,0,0,0,0,1,0,0,0,1,0,0
POR053,Olhão,2024-01-01,Ano Novo,S,1,1,2024,1,Inverno,1,1,0,0,0,0,0,0,0,0,0,0,1
POR053,Olhão,2023-01-01,Ano Novo,S,1,1,2023,52,Inverno,0,1,0,0,0,0,0,0,0,0,0,0,1
POR053,Olhão,2022-01-01,Ano Novo,S,1,1,2022,52,Inverno,0,1,0,0,0,0,0,0,0,0,0,0,1
POR053,Olhão,2021-01-01,Ano Novo,S,1,1,2021,53,Inverno,0,1,0,0,0,0,0,0,0,0,0,0,1
POR053,Olhão,2020-01-01,Ano Novo,S,1,1,2020,1,Inverno,0,1,0,0,0,0,0,0,0,0,0,0,1
POR053,Olhão,2023-08-15,Assunção de Maria,S,1,8,2023,33,Verão,1,0,0,0,0,0,0,0,0,1,0,0,0
POR053,Olhão,2024-02-13,Carnaval,N,1,2,2024,7,Inverno,1,0,1,0,0,0,0,0,0,0,0,0,1
POR053,Olhão,2023-02-21,Carnaval,N,1,2,2023,8,Inverno,0,0,1,0,0,0,0,0,0,0,0,0,1
POR053,Olhão,2023-06-08,Corpo de Deus,S,1,6,2023,23,Verão,1,0,0,0,0,0,0,0,0,1,0,0,0
POR053,Olhão,2023-12-08,Dia da Imaculada Conceição,S,1,12,2023,49,Inverno,1,0,0,0,0,0,0,0,0,0,0,0,1
POR053,Olhão,2023-04-25,Dia da Liberdade,S,1,4,2023,17,Primavera,1,0,0,0,0,0,0,0,0,0,1,0,0
POR053,Olhão,2023-06-10,Dia de Portugal,S,1,6,2023,23,Verão,1,0,0,0,0,0,0,0,0,1,0,0,0
POR053,Olhão,2023-11-01,Dia de Todos os Santos,S,1,11,2023,44,Outono,1,0,0,0,0,0,0,0,1,0,0,1,0
POR053,Olhão,2023-05-01,Dia do Trabalhador,S,1,5,2023,18,Primavera,1,0,0,1,0,0,0,0,0,0,1,0,0
POR053,Olhão,2023-06-16,Feriado Municipal de Olhão,S,1,6,2023,24,Verão,1,0,0,0,0,0,0,0,0,1,0,0,0
POR053,Olhão,2023-10-05,Implantação da República,S,1,10,2023,40,Outono,1,0,0,0,0,0,0,0,0,0,0,1,0
POR053,Olhão,2024-12-25,Natal,S,1,12,2024,52,Inverno,1,0,0,0,1,0,0,0,0,0,0,0,1
POR053,Olhão,2023-12-25,Natal,S,1,12,2023,52,Inverno,0,0,0,0,1,0,0,0,0,0,0,0,1
POR053,Olhão,2022-12-25,Natal,S,1,12,2022,51,Inverno,0,0,0,0,1,0,0,0,0,0,0,0,1
POR053,Olhão,2021-12-25,Natal,S,1,12,2021,51,Inverno,0,0,0,0,1,0,0,0,0,0,0,0,1
POR053,Olhão,2020-12-25,Natal,S,1,12,2020,52,Inverno,0,0,0,0,1,0,0,0,0,0,0,0,1
POR053,Olhão,2024-03-31,Páscoa,N,1,3,2024,13,Primavera,1,0,0,0,0,1,0,0,0,0,1,0,0
POR053,Olhão,2023-04-09,Páscoa,N,1,4,2023,14,Primavera,0,0,0,0,0,1,0,0,0,0,1,0,0
POR053,Olhão,2023-12-01,Restauração da Independência,S,1,12,2023,48,Inverno,1,0,0,0,0,0,0,0,0,0,0,0,1
POR053,Olhão,2024-03-29,Sexta-feira Santa,N,1,3,2024,13,Primavera,1,0,0,0,0,0,1,0,0,0,1,0,0
POR053,Olhão,2023-04-07,Sexta-feira Santa,N,1,4,2023,14,Primavera,0,0,0,0,0,0,1,0,0,0,1,0,0
POR054,Guarda,2024-01-01,Ano Novo,S,1,1,2024,1,Inverno,1,1,0,0,0,0,0,0,0,0,0,0,1
POR054,Guarda,2023-01-01,Ano Novo,S,1,1,2023,52,Inverno,0,1,0,0,0,0,0,0,0,0,0,0,1
POR054,Guarda,2022-01-01,Ano Novo,N,0,1,2022,52,Inverno,0,1,0,0,0,0,0,0,0,0,0,0,1
POR054,Guarda,2022-01-01,Ano Novo,S,1,1,2022,52,Inverno,0,1,0,0,0,0,0,0,0,0,0,0,1
POR054,Guarda,2021-01-01,Ano Novo,S,1,1,2021,53,Inverno,0,1,0,0,0,0,0,0,0,0,0,0,1
POR054,Guarda,2020-01-01,Ano Novo,S,1,1,2020,1,Inverno,0,1,0,0,0,0,0,0,0,0,0,0,1
POR054,Guarda,2023-08-15,Assunção de Maria,S,1,8,2023,33,Verão,1,0,0,0,0,0,0,0,0,1,0,0,0
POR054,Guarda,2022-08-15,Assunção de Maria,N,1,8,2022,33,Verão,0,0,0,0,0,0,0,0,0,1,0,0,0
POR054,Guarda,2024-02-13,Carnaval,N,1,2,2024,7,Inverno,1,0,1,0,0,0,0,0,0,0,0,0,1
POR054,Guarda,2023-02-21,Carnaval,N,1,2,2023,8,Inverno,0,0,1,0,0,0,0,0,0,0,0,0,1
POR054,Guarda,2022-03-01,Carnaval,N,1,3,2022,9,Primavera,0,0,1,0,0,0,0,0,0,0,1,0,0
POR054,Guarda,2023-06-08,Corpo de Deus,S,1,6,2023,23,Verão,1,0,0,0,0,0,0,0,0,1,0,0,0
POR054,Guarda,2022-06-16,Corpo de Deus,N,1,6,2022,24,Verão,0,0,0,0,0,0,0,0,0,1,0,0,0
POR054,Guarda,2023-12-08,Dia da Imaculada Conceição,S,1,12,2023,49,Inverno,1,0,0,0,0,0,0,0,0,0,0,0,1
POR054,Guarda,2022-12-08,Dia da Imaculada Conceição,N,1,12,2022,49,Inverno,0,0,0,0,0,0,0,0,0,0,0,0,1
POR054,Guarda,2023-04-25,Dia da Liberdade,S,1,4,2023,17,Primavera,1,0,0,0,0,0,0,0,0,0,1,0,0
POR054,Guarda,2022-04-25,Dia da Liberdade,N,1,4,2022,17,Primavera,0,0,0,0,0,0,0,0,0,0,1,0,0
POR054,Guarda,2023-06-10,Dia de Portugal,S,1,6,2023,23,Verão,1,0,0,0,0,0,0,0,0,1,0,0,0
POR054,Guarda,2022-06-10,Dia de Portugal,N,1,6,2022,23,Verão,0,0,0,0,0,0,0,0,0,1,0,0,0
POR054,Guarda,2023-11-01,Dia de Todos os Santos,S,1,11,2023,44,Outono,1,0,0,0,0,0,0,0,1,0,0,1,0
POR054,Guarda,2022-11-01,Dia de Todos os Santos,N,1,11,2022,44,Outono,0,0,0,0,0,0,0,0,1,0,0,1,0
POR054,Guarda,2023-05-01,Dia do Trabalhador,S,1,5,2023,18,Primavera,1,0,0,1,0,0,0,0,0,0,1,0,0
POR054,Guarda,2022-05-01,Dia do Trabalhador,N,1,5,2022,17,Primavera,0,0,0,1,0,0,0,0,0,0,1,0,0
POR054,Guarda,2023-11-27,Feriado Municipal da Guarda,S,1,11,2023,48,Outono,1,0,0,0,0,0,0,0,0,0,0,1,0
POR054,Guarda,2023-10-05,Implantação da República,S,1,10,2023,40,Outono,1,0,0,0,0,0,0,0,0,0,0,1,0
POR054,Guarda,2022-10-05,Implantação da República,N,1,10,2022,40,Outono,0,0,0,0,0,0,0,0,0,0,0,1,0
POR054,Guarda,2023-12-25,Natal,S,0,12,2023,52,Inverno,1,0,0,0,1,0,0,0,0,0,0,0,1
POR054,Guarda,2022-12-25,Natal,N,0,12,2022,51,Inverno,0,0,0,0,1,0,0,0,0,0,0,0,1
POR054,Guarda,2024-03-31,Páscoa,N,1,3,2024,13,Primavera,1,0,0,0,0,1,0,0,0,0,1,0,0
POR054,Guarda,2023-04-09,Páscoa,N,1,4,2023,14,Primavera,0,0,0,0,0,1,0,0,0,0,1,0,0
POR054,Guarda,2022-04-17,Páscoa,N,1,4,2022,15,Primavera,0,0,0,0,0,1,0,0,0,0,1,0,0
POR054,Guarda,2023-12-01,Restauração da Independência,S,1,12,2023,48,Inverno,1,0,0,0,0,0,0,0,0,0,0,0,1
POR054,Guarda,2022-12-01,Restauração da Independência,N,1,12,2022,48,Inverno,0,0,0,0,0,0,0,0,0,0,0,0,1
POR054,Guarda,2024-03-29,Sexta-feira Santa,N,1,3,2024,13,Primavera,1,0,0,0,0,0,1,0,0,0,1,0,0
POR054,Guarda,2023-04-07,Sexta-feira Santa,N,1,4,2023,14,Primavera,0,0,0,0,0,0,1,0,0,0,1,0,0
POR054,Guarda,2022-04-15,Sexta-feira Santa,N,1,4,2022,15,Primavera,0,0,0,0,0,0,1,0,0,0,1,0,0
POR057,Campera,2024-01-01,Ano Novo,S,1,1,2024,1,Inverno,1,1,0,0,0,0,0,0,0,0,0,0,1
POR057,Campera,2023-01-01,Ano Novo,S,1,1,2023,52,Inverno,0,1,0,0,0,0,0,0,0,0,0,0,1
POR057,Campera,2022-01-01,Ano Novo,S,1,1,2022,52,Inverno,0,1,0,0,0,0,0,0,0,0,0,0,1
POR057,Campera,2021-01-01,Ano Novo,S,1,1,2021,53,Inverno,0,1,0,0,0,0,0,0,0,0,0,0,1
POR057,Campera,2020-01-01,Ano Novo,S,1,1,2020,1,Inverno,0,1,0,0,0,0,0,0,0,0,0,0,1
POR057,Campera,2023-08-15,Assunção de Maria,S,1,8,2023,33,Verão,1,0,0,0,0,0,0,0,0,1,0,0,0
POR057,Campera,2024-02-13,Carnaval,N,1,2,2024,7,Inverno,1,0,1,0,0,0,0,0,0,0,0,0,1
POR057,Campera,2023-02-21,Carnaval,N,1,2,2023,8,Inverno,0,0,1,0,0,0,0,0,0,0,0,0,1
POR057,Campera,2023-06-08,Corpo de Deus,S,1,6,2023,23,Verão,1,0,0,0,0,0,0,0,0,1,0,0,0
POR057,Campera,2023-12-08,Dia da Imaculada Conceição,S,1,12,2023,49,Inverno,1,0,0,0,0,0,0,0,0,0,0,0,1
POR057,Campera,2023-04-25,Dia da Liberdade,S,1,4,2023,17,Primavera,1,0,0,0,0,0,0,0,0,0,1,0,0
POR057,Campera,2023-06-10,Dia de Portugal,S,1,6,2023,23,Verão,1,0,0,0,0,0,0,0,0,1,0,0,0
POR057,Campera,2023-11-01,Dia de Todos os Santos,S,1,11,2023,44,Outono,1,0,0,0,0,0,0,0,1,0,0,1,0
POR057,Campera,2023-05-01,Dia do Trabalhador,S,1,5,2023,18,Primavera,1,0,0,1,0,0,0,0,0,0,1,0,0
POR057,Campera,2023-05-18,Feriado Municipal de Vila Franca de Xira,N,1,5,2023,20,Primavera,1,0,0,0,0,0,0,0,0,0,1,0,0
POR057,Campera,2023-10-05,Implantação da República,S,1,10,2023,40,Outono,1,0,0,0,0,0,0,0,0,0,0,1,0
POR057,Campera,2024-12-25,Natal,S,1,12,2024,52,Inverno,1,0,0,0,1,0,0,0,0,0,0,0,1
POR057,Campera,2023-12-25,Natal,S,1,12,2023,52,Inverno,0,0,0,0,1,0,0,0,0,0,0,0,1
POR057,Campera,2022-12-25,Natal,S,1,12,2022,51,Inverno,0,0,0,0,1,0,0,0,0,0,0,0,1
POR057,Campera,2021-12-25,Natal,S,1,12,2021,51,Inverno,0,0,0,0,1,0,0,0,0,0,0,0,1
POR057,Campera,2020-12-25,Natal,S,1,12,2020,52,Inverno,0,0,0,0,1,0,0,0,0,0,0,0,1
POR057,Campera,2024-03-31,Páscoa,N,1,3,2024,13,Primavera,1,0,0,0,0,1,0,0,0,0,1,0,0
POR057,Campera,2023-04-09,Páscoa,N,1,4,2023,14,Primavera,0,0,0,0,0,1,0,0,0,0,1,0,0
POR057,Campera,2023-12-01,Restauração da Independência,S,1,12,2023,48,Inverno,1,0,0,0,0,0,0,0,0,0,0,0,1
POR057,Campera,2024-03-29,Sexta-feira Santa,N,1,3,2024,13,Primavera,1,0,0,0,0,0,1,0,0,0,1,0,0
POR057,Campera,2023-04-07,Sexta-feira Santa,N,1,4,2023,14,Primavera,0,0,0,0,0,0,1,0,0,0,1,0,0
POR058,Faro Mercado,2024-01-01,Ano Novo,S,1,1,2024,1,Inverno,1,1,0,0,0,0,0,0,0,0,0,0,1
POR058,Faro Mercado,2023-01-01,Ano Novo,S,1,1,2023,52,Inverno,0,1,0,0,0,0,0,0,0,0,0,0,1
POR058,Faro Mercado,2022-01-01,Ano Novo,S,1,1,2022,52,Inverno,0,1,0,0,0,0,0,0,0,0,0,0,1
POR058,Faro Mercado,2021-01-01,Ano Novo,S,1,1,2021,53,Inverno,0,1,0,0,0,0,0,0,0,0,0,0,1
POR058,Faro Mercado,2020-01-01,Ano Novo,S,1,1,2020,1,Inverno,0,1,0,0,0,0,0,0,0,0,0,0,1
POR058,Faro Mercado,2023-08-15,Assunção de Maria,S,1,8,2023,33,Verão,1,0,0,0,0,0,0,0,0,1,0,0,0
POR058,Faro Mercado,2024-02-13,Carnaval,N,1,2,2024,7,Inverno,1,0,1,0,0,0,0,0,0,0,0,0,1
POR058,Faro Mercado,2023-02-21,Carnaval,N,1,2,2023,8,Inverno,0,0,1,0,0,0,0,0,0,0,0,0,1
POR058,Faro Mercado,2023-06-08,Corpo de Deus,S,1,6,2023,23,Verão,1,0,0,0,0,0,0,0,0,1,0,0,0
POR058,Faro Mercado,2023-12-08,Dia da Imaculada Conceição,S,1,12,2023,49,Inverno,1,0,0,0,0,0,0,0,0,0,0,0,1
POR058,Faro Mercado,2023-04-25,Dia da Liberdade,S,1,4,2023,17,Primavera,1,0,0,0,0,0,0,0,0,0,1,0,0
POR058,Faro Mercado,2023-06-10,Dia de Portugal,S,1,6,2023,23,Verão,1,0,0,0,0,0,0,0,0,1,0,0,0
POR058,Faro Mercado,2023-11-01,Dia de Todos os Santos,S,1,11,2023,44,Outono,1,0,0,0,0,0,0,0,1,0,0,1,0
POR058,Faro Mercado,2023-05-01,Dia do Trabalhador,S,1,5,2023,18,Primavera,1,0,0,1,0,0,0,0,0,0,1,0,0
POR058,Faro Mercado,2023-09-07,Feriado Municipal de Faro,S,1,9,2023,36,Outono,1,0,0,0,0,0,0,0,0,0,0,1,0
POR058,Faro Mercado,2023-10-05,Implantação da República,S,1,10,2023,40,Outono,1,0,0,0,0,0,0,0,0,0,0,1,0
POR058,Faro Mercado,2023-12-25,Natal,S,0,12,2023,52,Inverno,1,0,0,0,1,0,0,0,0,0,0,0,1
POR058,Faro Mercado,2024-03-31,Páscoa,N,1,3,2024,13,Primavera,1,0,0,0,0,1,0,0,0,0,1,0,0
POR058,Faro Mercado,2023-04-09,Páscoa,N,1,4,2023,14,Primavera,0,0,0,0,0,1,0,0,0,0,1,0,0
POR058,Faro Mercado,2023-12-01,Restauração da Independência,S,1,12,2023,48,Inverno,1,0,0,0,0,0,0,0,0,0,0,0,1
POR058,Faro Mercado,2024-03-29,Sexta-feira Santa,N,1,3,2024,13,Primavera,1,0,0,0,0,0,1,0,0,0,1,0,0
POR058,Faro Mercado,2023-04-07,Sexta-feira Santa,N,1,4,2023,14,Primavera,0,0,0,0,0,0,1,0,0,0,1,0,0
POR062,Eiras,2024-01-01,Ano Novo,S,1,1,2024,1,Inverno,1,1,0,0,0,0,0,0,0,0,0,0,1
POR062,Eiras,2023-01-01,Ano Novo,S,1,1,2023,52,Inverno,0,1,0,0,0,0,0,0,0,0,0,0,1
POR062,Eiras,2022-01-01,Ano Novo,S,1,1,2022,52,Inverno,0,1,0,0,0,0,0,0,0,0,0,0,1
POR062,Eiras,2021-01-01,Ano Novo,S,1,1,2021,53,Inverno,0,1,0,0,0,0,0,0,0,0,0,0,1
POR062,Eiras,2020-01-01,Ano Novo,S,1,1,2020,1,Inverno,0,1,0,0,0,0,0,0,0,0,0,0,1
POR062,Eiras,2023-08-15,Assunção de Maria,S,1,8,2023,33,Verão,1,0,0,0,0,0,0,0,0,1,0,0,0
POR062,Eiras,2022-08-15,Assunção de Maria,N,1,8,2022,33,Verão,0,0,0,0,0,0,0,0,0,1,0,0,0
POR062,Eiras,2024-02-13,Carnaval,N,1,2,2024,7,Inverno,1,0,1,0,0,0,0,0,0,0,0,0,1
POR062,Eiras,2023-02-21,Carnaval,N,1,2,2023,8,Inverno,0,0,1,0,0,0,0,0,0,0,0,0,1
POR062,Eiras,2022-03-01,Carnaval,N,1,3,2022,9,Primavera,0,0,1,0,0,0,0,0,0,0,1,0,0
POR062,Eiras,2023-06-08,Corpo de Deus,S,1,6,2023,23,Verão,1,0,0,0,0,0,0,0,0,1,0,0,0
POR062,Eiras,2022-06-16,Corpo de Deus,N,1,6,2022,24,Verão,0,0,0,0,0,0,0,0,0,1,0,0,0
POR062,Eiras,2023-12-08,Dia da Imaculada Conceição,S,1,12,2023,49,Inverno,1,0,0,0,0,0,0,0,0,0,0,0,1
POR062,Eiras,2022-12-08,Dia da Imaculada Conceição,N,1,12,2022,49,Inverno,0,0,0,0,0,0,0,0,0,0,0,0,1
POR062,Eiras,2023-04-25,Dia da Liberdade,S,1,4,2023,17,Primavera,1,0,0,0,0,0,0,0,0,0,1,0,0
POR062,Eiras,2022-04-25,Dia da Liberdade,N,1,4,2022,17,Primavera,0,0,0,0,0,0,0,0,0,0,1,0,0
POR062,Eiras,2023-06-10,Dia de Portugal,S,1,6,2023,23,Verão,1,0,0,0,0,0,0,0,0,1,0,0,0
POR062,Eiras,2022-06-10,Dia de Portugal,N,1,6,2022,23,Verão,0,0,0,0,0,0,0,0,0,1,0,0,0
POR062,Eiras,2023-11-01,Dia de Todos os Santos,S,1,11,2023,44,Outono,1,0,0,0,0,0,0,0,1,0,0,1,0
POR062,Eiras,2022-11-01,Dia de Todos os Santos,N,1,11,2022,44,Outono,0,0,0,0,0,0,0,0,1,0,0,1,0
POR062,Eiras,2023-05-01,Dia do Trabalhador,S,1,5,2023,18,Primavera,1,0,0,1,0,0,0,0,0,0,1,0,0
POR062,Eiras,2022-05-01,Dia do Trabalhador,N,1,5,2022,17,Primavera,0,0,0,1,0,0,0,0,0,0,1,0,0
POR062,Eiras,2023-07-04,Feriado Municipal de Coimbra,S,1,7,2023,27,Verão,1,0,0,0,0,0,0,0,0,1,0,0,0
POR062,Eiras,2023-10-05,Implantação da República,S,1,10,2023,40,Outono,1,0,0,0,0,0,0,0,0,0,0,1,0
POR062,Eiras,2022-10-05,Implantação da República,N,1,10,2022,40,Outono,0,0,0,0,0,0,0,0,0,0,0,1,0
POR062,Eiras,2024-12-25,Natal,S,1,12,2024,52,Inverno,1,0,0,0,1,0,0,0,0,0,0,0,1
POR062,Eiras,2023-12-25,Natal,S,1,12,2023,52,Inverno,0,0,0,0,1,0,0,0,0,0,0,0,1
POR062,Eiras,2022-12-25,Natal,S,1,12,2022,51,Inverno,0,0,0,0,1,0,0,0,0,0,0,0,1
POR062,Eiras,2021-12-25,Natal,S,1,12,2021,51,Inverno,0,0,0,0,1,0,0,0,0,0,0,0,1
POR062,Eiras,2020-12-25,Natal,S,1,12,2020,52,Inverno,0,0,0,0,1,0,0,0,0,0,0,0,1
POR062,Eiras,2024-03-31,Páscoa,N,1,3,2024,13,Primavera,1,0,0,0,0,1,0,0,0,0,1,0,0
POR062,Eiras,2023-04-09,Páscoa,N,1,4,2023,14,Primavera,0,0,0,0,0,1,0,0,0,0,1,0,0
POR062,Eiras,2022-04-17,Páscoa,N,1,4,2022,15,Primavera,0,0,0,0,0,1,0,0,0,0,1,0,0
POR062,Eiras,2023-12-01,Restauração da Independência,S,1,12,2023,48,Inverno,1,0,0,0,0,0,0,0,0,0,0,0,1
POR062,Eiras,2022-12-01,Restauração da Independência,N,1,12,2022,48,Inverno,0,0,0,0,0,0,0,0,0,0,0,0,1
POR062,Eiras,2024-03-29,Sexta-feira Santa,N,1,3,2024,13,Primavera,1,0,0,0,0,0,1,0,0,0,1,0,0
POR062,Eiras,2023-04-07,Sexta-feira Santa,N,1,4,2023,14,Primavera,0,0,0,0,0,0,1,0,0,0,1,0,0
POR062,Eiras,2022-04-15,Sexta-feira Santa,N,1,4,2022,15,Primavera,0,0,0,0,0,0,1,0,0,0,1,0,0
POR063,Lagoa,2024-01-01,Ano Novo,S,1,1,2024,1,Inverno,1,1,0,0,0,0,0,0,0,0,0,0,1
POR063,Lagoa,2023-01-01,Ano Novo,S,1,1,2023,52,Inverno,0,1,0,0,0,0,0,0,0,0,0,0,1
POR063,Lagoa,2022-01-01,Ano Novo,S,1,1,2022,52,Inverno,0,1,0,0,0,0,0,0,0,0,0,0,1
POR063,Lagoa,2021-01-01,Ano Novo,S,1,1,2021,53,Inverno,0,1,0,0,0,0,0,0,0,0,0,0,1
POR063,Lagoa,2020-01-01,Ano Novo,S,1,1,2020,1,Inverno,0,1,0,0,0,0,0,0,0,0,0,0,1
POR063,Lagoa,2023-08-15,Assunção de Maria,S,1,8,2023,33,Verão,1,0,0,0,0,0,0,0,0,1,0,0,0
POR063,Lagoa,2024-02-13,Carnaval,N,1,2,2024,7,Inverno,1,0,1,0,0,0,0,0,0,0,0,0,1
POR063,Lagoa,2023-02-21,Carnaval,N,1,2,2023,8,Inverno,0,0,1,0,0,0,0,0,0,0,0,0,1
POR063,Lagoa,2023-06-08,Corpo de Deus,S,1,6,2023,23,Verão,1,0,0,0,0,0,0,0,0,1,0,0,0
POR063,Lagoa,2023-12-08,Dia da Imaculada Conceição,S,1,12,2023,49,Inverno,1,0,0,0,0,0,0,0,0,0,0,0,1
POR063,Lagoa,2023-04-25,Dia da Liberdade,S,1,4,2023,17,Primavera,1,0,0,0,0,0,0,0,0,0,1,0,0
POR063,Lagoa,2023-06-10,Dia de Portugal,S,1,6,2023,23,Verão,1,0,0,0,0,0,0,0,0,1,0,0,0
POR063,Lagoa,2023-11-01,Dia de Todos os Santos,S,1,11,2023,44,Outono,1,0,0,0,0,0,0,0,1,0,0,1,0
POR063,Lagoa,2023-05-01,Dia do Trabalhador,S,1,5,2023,18,Primavera,1,0,0,1,0,0,0,0,0,0,1,0,0
POR063,Lagoa,2024-09-08,Feriado Municipal de Lagoa,S,1,9,2024,36,Outono,1,0,0,0,0,0,0,0,0,0,0,1,0
POR063,Lagoa,2023-09-08,Feriado Municipal de Lagoa,S,1,9,2023,36,Outono,0,0,0,0,0,0,0,0,0,0,0,1,0
POR063,Lagoa,2022-09-08,Feriado Municipal de Lagoa,S,1,9,2022,36,Outono,0,0,0,0,0,0,0,0,0,0,0,1,0
POR063,Lagoa,2021-09-08,Feriado Municipal de Lagoa,S,1,9,2021,36,Outono,0,0,0,0,0,0,0,0,0,0,0,1,0
POR063,Lagoa,2020-09-08,Feriado Municipal de Lagoa,S,1,9,2020,37,Outono,0,0,0,0,0,0,0,0,0,0,0,1,0
POR063,Lagoa,2023-10-05,Implantação da República,S,1,10,2023,40,Outono,1,0,0,0,0,0,0,0,0,0,0,1,0
POR063,Lagoa,2024-12-25,Natal,S,0,12,2024,52,Inverno,1,0,0,0,1,0,0,0,0,0,0,0,1
POR063,Lagoa,2023-12-25,Natal,S,0,12,2023,52,Inverno,0,0,0,0,1,0,0,0,0,0,0,0,1
POR063,Lagoa,2022-12-25,Natal,S,0,12,2022,51,Inverno,0,0,0,0,1,0,0,0,0,0,0,0,1
POR063,Lagoa,2021-12-25,Natal,S,0,12,2021,51,Inverno,0,0,0,0,1,0,0,0,0,0,0,0,1
POR063,Lagoa,2020-12-25,Natal,S,0,12,2020,52,Inverno,0,0,0,0,1,0,0,0,0,0,0,0,1
POR063,Lagoa,2024-03-31,Páscoa,N,1,3,2024,13,Primavera,1,0,0,0,0,1,0,0,0,0,1,0,0
POR063,Lagoa,2023-04-09,Páscoa,N,1,4,2023,14,Primavera,0,0,0,0,0,1,0,0,0,0,1,0,0
POR063,Lagoa,2023-12-01,Restauração da Independência,S,1,12,2023,48,Inverno,1,0,0,0,0,0,0,0,0,0,0,0,1
POR063,Lagoa,2024-03-29,Sexta-feira Santa,N,1,3,2024,13,Primavera,1,0,0,0,0,0,1,0,0,0,1,0,0
POR063,Lagoa,2023-04-07,Sexta-feira Santa,N,1,4,2023,14,Primavera,0,0,0,0,0,0,1,0,0,0,1,0,0
POR065,Canidelo,2024-01-01,Ano Novo,S,1,1,2024,1,Inverno,1,1,0,0,0,0,0,0,0,0,0,0,1
POR065,Canidelo,2023-01-01,Ano Novo,S,1,1,2023,52,Inverno,0,1,0,0,0,0,0,0,0,0,0,0,1
POR065,Canidelo,2022-01-01,Ano Novo,N,0,1,2022,52,Inverno,0,1,0,0,0,0,0,0,0,0,0,0,1
POR065,Canidelo,2022-01-01,Ano Novo,S,1,1,2022,52,Inverno,0,1,0,0,0,0,0,0,0,0,0,0,1
POR065,Canidelo,2021-01-01,Ano Novo,S,1,1,2021,53,Inverno,0,1,0,0,0,0,0,0,0,0,0,0,1
POR065,Canidelo,2020-01-01,Ano Novo,S,1,1,2020,1,Inverno,0,1,0,0,0,0,0,0,0,0,0,0,1
POR065,Canidelo,2023-08-15,Assunção de Maria,S,1,8,2023,33,Verão,1,0,0,0,0,0,0,0,0,1,0,0,0
POR065,Canidelo,2022-08-15,Assunção de Maria,N,1,8,2022,33,Verão,0,0,0,0,0,0,0,0,0,1,0,0,0
POR065,Canidelo,2024-02-13,Carnaval,N,1,2,2024,7,Inverno,1,0,1,0,0,0,0,0,0,0,0,0,1
POR065,Canidelo,2023-02-21,Carnaval,N,1,2,2023,8,Inverno,0,0,1,0,0,0,0,0,0,0,0,0,1
POR065,Canidelo,2022-03-01,Carnaval,N,1,3,2022,9,Primavera,0,0,1,0,0,0,0,0,0,0,1,0,0
POR065,Canidelo,2023-06-08,Corpo de Deus,S,1,6,2023,23,Verão,1,0,0,0,0,0,0,0,0,1,0,0,0
POR065,Canidelo,2022-06-16,Corpo de Deus,N,1,6,2022,24,Verão,0,0,0,0,0,0,0,0,0,1,0,0,0
POR065,Canidelo,2023-12-08,Dia da Imaculada Conceição,S,1,12,2023,49,Inverno,1,0,0,0,0,0,0,0,0,0,0,0,1
POR065,Canidelo,2022-12-08,Dia da Imaculada Conceição,N,1,12,2022,49,Inverno,0,0,0,0,0,0,0,0,0,0,0,0,1
POR065,Canidelo,2023-04-25,Dia da Liberdade,S,1,4,2023,17,Primavera,1,0,0,0,0,0,0,0,0,0,1,0,0
POR065,Canidelo,2022-04-25,Dia da Liberdade,N,1,4,2022,17,Primavera,0,0,0,0,0,0,0,0,0,0,1,0,0
POR065,Canidelo,2023-06-10,Dia de Portugal,S,1,6,2023,23,Verão,1,0,0,0,0,0,0,0,0,1,0,0,0
POR065,Canidelo,2022-06-10,Dia de Portugal,N,1,6,2022,23,Verão,0,0,0,0,0,0,0,0,0,1,0,0,0
POR065,Canidelo,2023-11-01,Dia de Todos os Santos,S,1,11,2023,44,Outono,1,0,0,0,0,0,0,0,1,0,0,1,0
POR065,Canidelo,2022-11-01,Dia de Todos os Santos,N,1,11,2022,44,Outono,0,0,0,0,0,0,0,0,1,0,0,1,0
POR065,Canidelo,2023-05-01,Dia do Trabalhador,S,1,5,2023,18,Primavera,1,0,0,1,0,0,0,0,0,0,1,0,0
POR065,Canidelo,2022-05-01,Dia do Trabalhador,N,1,5,2022,17,Primavera,0,0,0,1,0,0,0,0,0,0,1,0,0
POR065,Canidelo,2023-06-24,Feriado Municipal de Vila Nova de Gaia,S,1,6,2023,25,Verão,1,0,0,0,0,0,0,0,0,1,0,0,0
POR065,Canidelo,2022-06-24,Feriado Municipal do Porto,N,1,6,2022,25,Verão,1,0,0,0,0,0,0,0,0,1,0,0,0
POR065,Canidelo,2023-10-05,Implantação da República,S,1,10,2023,40,Outono,1,0,0,0,0,0,0,0,0,0,0,1,0
POR065,Canidelo,2022-10-05,Implantação da República,N,1,10,2022,40,Outono,0,0,0,0,0,0,0,0,0,0,0,1,0
POR065,Canidelo,2024-12-25,Natal,S,1,12,2024,52,Inverno,1,0,0,0,1,0,0,0,0,0,0,0,1
POR065,Canidelo,2023-12-25,Natal,S,1,12,2023,52,Inverno,0,0,0,0,1,0,0,0,0,0,0,0,1
POR065,Canidelo,2022-12-25,Natal,N,0,12,2022,51,Inverno,0,0,0,0,1,0,0,0,0,0,0,0,1
POR065,Canidelo,2022-12-25,Natal,S,1,12,2022,51,Inverno,0,0,0,0,1,0,0,0,0,0,0,0,1
POR065,Canidelo,2021-12-25,Natal,S,1,12,2021,51,Inverno,0,0,0,0,1,0,0,0,0,0,0,0,1
POR065,Canidelo,2020-12-25,Natal,S,1,12,2020,52,Inverno,0,0,0,0,1,0,0,0,0,0,0,0,1
POR065,Canidelo,2024-03-31,Páscoa,N,1,3,2024,13,Primavera,1,0,0,0,0,1,0,0,0,0,1,0,0
POR065,Canidelo,2023-04-09,Páscoa,N,1,4,2023,14,Primavera,0,0,0,0,0,1,0,0,0,0,1,0,0
POR065,Canidelo,2022-04-17,Páscoa,N,1,4,2022,15,Primavera,0,0,0,0,0,1,0,0,0,0,1,0,0
POR065,Canidelo,2023-12-01,Restauração da Independência,S,1,12,2023,48,Inverno,1,0,0,0,0,0,0,0,0,0,0,0,1
POR065,Canidelo,2022-12-01,Restauração da Independência,N,1,12,2022,48,Inverno,0,0,0,0,0,0,0,0,0,0,0,0,1
POR065,Canidelo,2024-03-29,Sexta-feira Santa,N,1,3,2024,13,Primavera,1,0,0,0,0,0,1,0,0,0,1,0,0
POR065,Canidelo,2023-04-07,Sexta-feira Santa,N,1,4,2023,14,Primavera,0,0,0,0,0,0,1,0,0,0,1,0,0
POR065,Canidelo,2022-04-15,Sexta-feira Santa,N,1,4,2022,15,Primavera,0,0,0,0,0,0,1,0,0,0,1,0,0
POR402,S - João XXI,2024-01-01,Ano Novo,S,1,1,2024,1,Inverno,1,1,0,0,0,0,0,0,0,0,0,0,1
POR402,S - João XXI,2023-01-01,Ano Novo,S,1,1,2023,52,Inverno,0,1,0,0,0,0,0,0,0,0,0,0,1
POR402,S - João XXI,2022-01-01,Ano Novo,S,1,1,2022,52,Inverno,0,1,0,0,0,0,0,0,0,0,0,0,1
POR402,S - João XXI,2021-01-01,Ano Novo,S,1,1,2021,53,Inverno,0,1,0,0,0,0,0,0,0,0,0,0,1
POR402,S - João XXI,2020-01-01,Ano Novo,S,1,1,2020,1,Inverno,0,1,0,0,0,0,0,0,0,0,0,0,1
POR402,S - João XXI,2023-08-15,Assunção de Maria,S,1,8,2023,33,Verão,1,0,0,0,0,0,0,0,0,1,0,0,0
POR402,S - João XXI,2024-02-13,Carnaval,N,1,2,2024,7,Inverno,1,0,1,0,0,0,0,0,0,0,0,0,1
POR402,S - João XXI,2023-02-21,Carnaval,N,1,2,2023,8,Inverno,0,0,1,0,0,0,0,0,0,0,0,0,1
POR402,S - João XXI,2023-06-08,Corpo de Deus,S,1,6,2023,23,Verão,1,0,0,0,0,0,0,0,0,1,0,0,0
POR402,S - João XXI,2023-12-08,Dia da Imaculada Conceição,S,1,12,2023,49,Inverno,1,0,0,0,0,0,0,0,0,0,0,0,1
POR402,S - João XXI,2023-04-25,Dia da Liberdade,S,1,4,2023,17,Primavera,1,0,0,0,0,0,0,0,0,0,1,0,0
POR402,S - João XXI,2023-06-10,Dia de Portugal,S,1,6,2023,23,Verão,1,0,0,0,0,0,0,0,0,1,0,0,0
POR402,S - João XXI,2023-11-01,Dia de Todos os Santos,S,1,11,2023,44,Outono,1,0,0,0,0,0,0,0,1,0,0,1,0
POR402,S - João XXI,2023-05-01,Dia do Trabalhador,S,1,5,2023,18,Primavera,1,0,0,1,0,0,0,0,0,0,1,0,0
POR402,S - João XXI,2022-06-13,Feriado Municipal de Lisboa,S,1,6,2022,24,Verão,1,0,0,0,0,0,0,0,0,1,0,0,0
POR402,S - João XXI,2023-10-05,Implantação da República,S,1,10,2023,40,Outono,1,0,0,0,0,0,0,0,0,0,0,1,0
POR402,S - João XXI,2024-12-25,Natal,S,1,12,2024,52,Inverno,1,0,0,0,1,0,0,0,0,0,0,0,1
POR402,S - João XXI,2023-12-25,Natal,S,1,12,2023,52,Inverno,0,0,0,0,1,0,0,0,0,0,0,0,1
POR402,S - João XXI,2022-12-25,Natal,S,1,12,2022,51,Inverno,0,0,0,0,1,0,0,0,0,0,0,0,1
POR402,S - João XXI,2021-12-25,Natal,S,1,12,2021,51,Inverno,0,0,0,0,1,0,0,0,0,0,0,0,1
POR402,S - João XXI,2020-12-25,Natal,S,1,12,2020,52,Inverno,0,0,0,0,1,0,0,0,0,0,0,0,1
POR402,S - João XXI,2024-03-31,Páscoa,N,1,3,2024,13,Primavera,1,0,0,0,0,1,0,0,0,0,1,0,0
POR402,S - João XXI,2023-04-09,Páscoa,N,1,4,2023,14,Primavera,0,0,0,0,0,1,0,0,0,0,1,0,0
POR402,S - João XXI,2023-12-01,Restauração da Independência,S,1,12,2023,48,Inverno,1,0,0,0,0,0,0,0,0,0,0,0,1
POR402,S - João XXI,2024-03-29,Sexta-feira Santa,N,1,3,2024,13,Primavera,1,0,0,0,0,0,1,0,0,0,1,0,0
POR402,S - João XXI,2023-04-07,Sexta-feira Santa,N,1,4,2023,14,Primavera,0,0,0,0,0,0,1,0,0,0,1,0,0
POR403,S - Pascoal de Melo,2023-01-01,Ano Novo,S,0,1,2023,52,Inverno,1,1,0,0,0,0,0,0,0,0,0,0,1
POR403,S - Pascoal de Melo,2023-08-15,Assunção de Maria,S,1,8,2023,33,Verão,1,0,0,0,0,0,0,0,0,1,0,0,0
POR403,S - Pascoal de Melo,2024-02-13,Carnaval,N,1,2,2024,7,Inverno,1,0,1,0,0,0,0,0,0,0,0,0,1
POR403,S - Pascoal de Melo,2023-02-21,Carnaval,N,1,2,2023,8,Inverno,0,0,1,0,0,0,0,0,0,0,0,0,1
POR403,S - Pascoal de Melo,2023-06-08,Corpo de Deus,S,1,6,2023,23,Verão,1,0,0,0,0,0,0,0,0,1,0,0,0
POR403,S - Pascoal de Melo,2023-12-08,Dia da Imaculada Conceição,S,1,12,2023,49,Inverno,1,0,0,0,0,0,0,0,0,0,0,0,1
POR403,S - Pascoal de Melo,2023-04-25,Dia da Liberdade,S,1,4,2023,17,Primavera,1,0,0,0,0,0,0,0,0,0,1,0,0
POR403,S - Pascoal de Melo,2023-06-10,Dia de Portugal,S,1,6,2023,23,Verão,1,0,0,0,0,0,0,0,0,1,0,0,0
POR403,S - Pascoal de Melo,2023-11-01,Dia de Todos os Santos,S,1,11,2023,44,Outono,1,0,0,0,0,0,0,0,1,0,0,1,0
POR403,S - Pascoal de Melo,2023-05-01,Dia do Trabalhador,S,1,5,2023,18,Primavera,1,0,0,1,0,0,0,0,0,0,1,0,0
POR403,S - Pascoal de Melo,2022-06-13,Feriado Municipal de Lisboa,S,1,6,2022,24,Verão,1,0,0,0,0,0,0,0,0,1,0,0,0
POR403,S - Pascoal de Melo,2023-10-05,Implantação da República,S,1,10,2023,40,Outono,1,0,0,0,0,0,0,0,0,0,0,1,0
POR403,S - Pascoal de Melo,2023-12-25,Natal,S,0,12,2023,52,Inverno,1,0,0,0,1,0,0,0,0,0,0,0,1
POR403,S - Pascoal de Melo,2024-03-31,Páscoa,N,1,3,2024,13,Primavera,1,0,0,0,0,1,0,0,0,0,1,0,0
POR403,S - Pascoal de Melo,2023-04-09,Páscoa,N,1,4,2023,14,Primavera,0,0,0,0,0,1,0,0,0,0,1,0,0
POR403,S - Pascoal de Melo,2023-12-01,Restauração da Independência,S,1,12,2023,48,Inverno,1,0,0,0,0,0,0,0,0,0,0,0,1
POR403,S - Pascoal de Melo,2024-03-29,Sexta-feira Santa,N,1,3,2024,13,Primavera,1,0,0,0,0,0,1,0,0,0,1,0,0
POR403,S - Pascoal de Melo,2023-04-07,Sexta-feira Santa,N,1,4,2023,14,Primavera,0,0,0,0,0,0,1,0,0,0,1,0,0
POR404,Up Duque Avila,2024-01-01,Ano Novo,S,1,1,2024,1,Inverno,1,1,0,0,0,0,0,0,0,0,0,0,1
POR404,Up Duque Avila,2023-01-01,Ano Novo,S,1,1,2023,52,Inverno,0,1,0,0,0,0,0,0,0,0,0,0,1
POR404,Up Duque Avila,2022-01-01,Ano Novo,S,1,1,2022,52,Inverno,0,1,0,0,0,0,0,0,0,0,0,0,1
POR404,Up Duque Avila,2021-01-01,Ano Novo,S,1,1,2021,53,Inverno,0,1,0,0,0,0,0,0,0,0,0,0,1
POR404,Up Duque Avila,2020-01-01,Ano Novo,S,1,1,2020,1,Inverno,0,1,0,0,0,0,0,0,0,0,0,0,1
POR404,Up Duque Avila,2023-08-15,Assunção de Maria,S,1,8,2023,33,Verão,1,0,0,0,0,0,0,0,0,1,0,0,0
POR404,Up Duque Avila,2024-02-13,Carnaval,N,1,2,2024,7,Inverno,1,0,1,0,0,0,0,0,0,0,0,0,1
POR404,Up Duque Avila,2023-02-21,Carnaval,N,1,2,2023,8,Inverno,0,0,1,0,0,0,0,0,0,0,0,0,1
POR404,Up Duque Avila,2023-06-08,Corpo de Deus,S,1,6,2023,23,Verão,1,0,0,0,0,0,0,0,0,1,0,0,0
POR404,Up Duque Avila,2023-12-08,Dia da Imaculada Conceição,S,1,12,2023,49,Inverno,1,0,0,0,0,0,0,0,0,0,0,0,1
POR404,Up Duque Avila,2023-04-25,Dia da Liberdade,S,1,4,2023,17,Primavera,1,0,0,0,0,0,0,0,0,0,1,0,0
POR404,Up Duque Avila,2023-06-10,Dia de Portugal,S,1,6,2023,23,Verão,1,0,0,0,0,0,0,0,0,1,0,0,0
POR404,Up Duque Avila,2023-11-01,Dia de Todos os Santos,S,1,11,2023,44,Outono,1,0,0,0,0,0,0,0,1,0,0,1,0
POR404,Up Duque Avila,2023-05-01,Dia do Trabalhador,S,1,5,2023,18,Primavera,1,0,0,1,0,0,0,0,0,0,1,0,0
POR404,Up Duque Avila,2022-06-13,Feriado Municipal de Lisboa,S,1,6,2022,24,Verão,1,0,0,0,0,0,0,0,0,1,0,0,0
POR404,Up Duque Avila,2023-10-05,Implantação da República,S,1,10,2023,40,Outono,1,0,0,0,0,0,0,0,0,0,0,1,0
POR404,Up Duque Avila,2023-12-25,Natal,S,0,12,2023,52,Inverno,1,0,0,0,1,0,0,0,0,0,0,0,1
POR404,Up Duque Avila,2024-03-31,Páscoa,N,1,3,2024,13,Primavera,1,0,0,0,0,1,0,0,0,0,1,0,0
POR404,Up Duque Avila,2023-04-09,Páscoa,N,1,4,2023,14,Primavera,0,0,0,0,0,1,0,0,0,0,1,0,0
POR404,Up Duque Avila,2023-12-01,Restauração da Independência,S,1,12,2023,48,Inverno,1,0,0,0,0,0,0,0,0,0,0,0,1
POR404,Up Duque Avila,2024-03-29,Sexta-feira Santa,N,1,3,2024,13,Primavera,1,0,0,0,0,0,1,0,0,0,1,0,0
POR404,Up Duque Avila,2023-04-07,Sexta-feira Santa,N,1,4,2023,14,Primavera,0,0,0,0,0,0,1,0,0,0,1,0,0
POR405,S - Costa Caparica (Pescadores),2024-02-13,Feriado Municipal de Costa Caparica,N,1,2,2024,7,Inverno,1,0,0,0,0,0,0,0,0,0,0,0,1
POR405,S - Costa Caparica (Pescadores),2024-03-29,Feriado Municipal de Costa Caparica,N,1,3,2024,13,Primavera,0,0,0,0,0,0,0,0,0,0,1,0,0
POR405,S - Costa Caparica (Pescadores),2024-03-31,Feriado Municipal de Costa Caparica,N,1,3,2024,13,Primavera,0,0,0,0,0,0,0,0,0,0,1,0,0
POR405,S - Costa Caparica (Pescadores),2024-05-01,Feriado Municipal de Costa Caparica,S,1,5,2024,18,Primavera,0,0,0,0,0,0,0,0,0,0,1,0,0
POR405,S - Costa Caparica (Pescadores),2023-01-01,Feriado Municipal de Costa Caparica,S,0,1,2023,52,Inverno,0,0,0,0,0,0,0,0,0,0,0,0,1
POR405,S - Costa Caparica (Pescadores),2023-02-21,Feriado Municipal de Costa Caparica,N,1,2,2023,8,Inverno,0,0,0,0,0,0,0,0,0,0,0,0,1
POR405,S - Costa Caparica (Pescadores),2023-04-07,Feriado Municipal de Costa Caparica,N,1,4,2023,14,Primavera,0,0,0,0,0,0,0,0,0,0,1,0,0
POR405,S - Costa Caparica (Pescadores),2023-04-09,Feriado Municipal de Costa Caparica,N,1,4,2023,14,Primavera,0,0,0,0,0,0,0,0,0,0,1,0,0
POR405,S - Costa Caparica (Pescadores),2023-04-25,Feriado Municipal de Costa Caparica,S,1,4,2023,17,Primavera,0,0,0,0,0,0,0,0,0,0,1,0,0
POR405,S - Costa Caparica (Pescadores),2023-05-01,Feriado Municipal de Costa Caparica,S,1,5,2023,18,Primavera,0,0,0,0,0,0,0,0,0,0,1,0,0
POR405,S - Costa Caparica (Pescadores),2023-06-08,Feriado Municipal de Costa Caparica,S,1,6,2023,23,Verão,0,0,0,0,0,0,0,0,0,1,0,0,0
POR405,S - Costa Caparica (Pescadores),2023-06-10,Feriado Municipal de Costa Caparica,S,1,6,2023,23,Verão,0,0,0,0,0,0,0,0,0,1,0,0,0
POR405,S - Costa Caparica (Pescadores),2023-06-24,Feriado Municipal de Costa Caparica,S,1,6,2023,25,Verão,0,0,0,0,0,0,0,0,0,1,0,0,0
POR405,S - Costa Caparica (Pescadores),2023-08-15,Feriado Municipal de Costa Caparica,S,1,8,2023,33,Verão,0,0,0,0,0,0,0,0,0,1,0,0,0
POR405,S - Costa Caparica (Pescadores),2023-10-05,Feriado Municipal de Costa Caparica,S,1,10,2023,40,Outono,0,0,0,0,0,0,0,0,0,0,0,1,0
POR405,S - Costa Caparica (Pescadores),2023-11-01,Feriado Municipal de Costa Caparica,S,1,11,2023,44,Outono,0,0,0,0,0,0,0,0,0,0,0,1,0
POR405,S - Costa Caparica (Pescadores),2023-12-01,Feriado Municipal de Costa Caparica,S,1,12,2023,48,Inverno,0,0,0,0,0,0,0,0,0,0,0,0,1
POR405,S - Costa Caparica (Pescadores),2023-12-08,Feriado Municipal de Costa Caparica,S,1,12,2023,49,Inverno,0,0,0,0,0,0,0,0,0,0,0,0,1
POR405,S - Costa Caparica (Pescadores),2023-12-25,Feriado Municipal de Costa Caparica,S,0,12,2023,52,Inverno,0,0,0,0,0,0,0,0,0,0,0,0,1
POR405,S - Costa Caparica (Pescadores),2023-05-01,Feriado Municipal de Costa Caparica,S,1,5,2023,18,Primavera,0,0,0,0,0,0,0,0,0,0,1,0,0
POR405,S - Costa Caparica (Pescadores),2022-03-01,Feriado Municipal de Costa Caparica,N,1,3,2022,9,Primavera,0,0,0,0,0,0,0,0,0,0,1,0,0
POR405,S - Costa Caparica (Pescadores),2022-04-15,Feriado Municipal de Costa Caparica,N,1,4,2022,15,Primavera,0,0,0,0,0,0,0,0,0,0,1,0,0
POR405,S - Costa Caparica (Pescadores),2022-04-17,Feriado Municipal de Costa Caparica,N,1,4,2022,15,Primavera,0,0,0,0,0,0,0,0,0,0,1,0,0
POR405,S - Costa Caparica (Pescadores),2022-04-25,Feriado Municipal de Costa Caparica,N,1,4,2022,17,Primavera,0,0,0,0,0,0,0,0,0,0,1,0,0
POR405,S - Costa Caparica (Pescadores),2022-05-01,Feriado Municipal de Costa Caparica,N,1,5,2022,17,Primavera,0,0,0,0,0,0,0,0,0,0,1,0,0
POR405,S - Costa Caparica (Pescadores),2022-06-10,Feriado Municipal de Costa Caparica,N,1,6,2022,23,Verão,0,0,0,0,0,0,0,0,0,1,0,0,0
POR405,S - Costa Caparica (Pescadores),2022-06-16,Feriado Municipal de Costa Caparica,N,1,6,2022,24,Verão,0,0,0,0,0,0,0,0,0,1,0,0,0
POR405,S - Costa Caparica (Pescadores),2022-06-24,Feriado Municipal de Costa Caparica,N,1,6,2022,25,Verão,0,0,0,0,0,0,0,0,0,1,0,0,0
POR405,S - Costa Caparica (Pescadores),2022-08-15,Feriado Municipal de Costa Caparica,N,1,8,2022,33,Verão,0,0,0,0,0,0,0,0,0,1,0,0,0
POR405,S - Costa Caparica (Pescadores),2022-10-05,Feriado Municipal de Costa Caparica,N,1,10,2022,40,Outono,0,0,0,0,0,0,0,0,0,0,0,1,0
POR405,S - Costa Caparica (Pescadores),2022-11-01,Feriado Municipal de Costa Caparica,N,1,11,2022,44,Outono,0,0,0,0,0,0,0,0,0,0,0,1,0
POR405,S - Costa Caparica (Pescadores),2022-12-01,Feriado Municipal de Costa Caparica,N,1,12,2022,48,Inverno,0,0,0,0,0,0,0,0,0,0,0,0,1
POR405,S - Costa Caparica (Pescadores),2022-12-08,Feriado Municipal de Costa Caparica,N,1,12,2022,49,Inverno,0,0,0,0,0,0,0,0,0,0,0,0,1
POR405,S - Costa Caparica (Pescadores),2022-05-01,Feriado Municipal de Costa Caparica,S,1,5,2022,17,Primavera,0,0,0,0,0,0,0,0,0,0,1,0,0
POR405,S - Costa Caparica (Pescadores),2021-05-01,Feriado Municipal de Costa Caparica,S,1,5,2021,17,Primavera,0,0,0,0,0,0,0,0,0,0,1,0,0
POR405,S - Costa Caparica (Pescadores),2020-05-01,Feriado Municipal de Costa Caparica,S,1,5,2020,18,Primavera,0,0,0,0,0,0,0,0,0,0,1,0,0
POR406,S - Graça,2024-01-01,Ano Novo,S,1,1,2024,1,Inverno,1,1,0,0,0,0,0,0,0,0,0,0,1
POR406,S - Graça,2023-01-01,Ano Novo,S,1,1,2023,52,Inverno,0,1,0,0,0,0,0,0,0,0,0,0,1
POR406,S - Graça,2022-01-01,Ano Novo,S,1,1,2022,52,Inverno,0,1,0,0,0,0,0,0,0,0,0,0,1
POR406,S - Graça,2021-01-01,Ano Novo,S,1,1,2021,53,Inverno,0,1,0,0,0,0,0,0,0,0,0,0,1
POR406,S - Graça,2020-01-01,Ano Novo,S,1,1,2020,1,Inverno,0,1,0,0,0,0,0,0,0,0,0,0,1
POR406,S - Graça,2023-08-15,Assunção de Maria,S,1,8,2023,33,Verão,1,0,0,0,0,0,0,0,0,1,0,0,0
POR406,S - Graça,2024-02-13,Carnaval,N,1,2,2024,7,Inverno,1,0,1,0,0,0,0,0,0,0,0,0,1
POR406,S - Graça,2023-02-21,Carnaval,N,1,2,2023,8,Inverno,0,0,1,0,0,0,0,0,0,0,0,0,1
POR406,S - Graça,2023-06-08,Corpo de Deus,S,1,6,2023,23,Verão,1,0,0,0,0,0,0,0,0,1,0,0,0
POR406,S - Graça,2023-12-08,Dia da Imaculada Conceição,S,1,12,2023,49,Inverno,1,0,0,0,0,0,0,0,0,0,0,0,1
POR406,S - Graça,2023-04-25,Dia da Liberdade,S,1,4,2023,17,Primavera,1,0,0,0,0,0,0,0,0,0,1,0,0
POR406,S - Graça,2023-06-10,Dia de Portugal,S,1,6,2023,23,Verão,1,0,0,0,0,0,0,0,0,1,0,0,0
POR406,S - Graça,2023-11-01,Dia de Todos os Santos,S,1,11,2023,44,Outono,1,0,0,0,0,0,0,0,1,0,0,1,0
POR406,S - Graça,2023-05-01,Dia do Trabalhador,S,1,5,2023,18,Primavera,1,0,0,1,0,0,0,0,0,0,1,0,0
POR406,S - Graça,2022-06-13,Feriado Municipal de Lisboa,S,1,6,2022,24,Verão,1,0,0,0,0,0,0,0,0,1,0,0,0
POR406,S - Graça,2023-10-05,Implantação da República,S,1,10,2023,40,Outono,1,0,0,0,0,0,0,0,0,0,0,1,0
POR406,S - Graça,2024-12-25,Natal,S,1,12,2024,52,Inverno,1,0,0,0,1,0,0,0,0,0,0,0,1
POR406,S - Graça,2023-12-25,Natal,S,1,12,2023,52,Inverno,0,0,0,0,1,0,0,0,0,0,0,0,1
POR406,S - Graça,2022-12-25,Natal,S,1,12,2022,51,Inverno,0,0,0,0,1,0,0,0,0,0,0,0,1
POR406,S - Graça,2021-12-25,Natal,S,1,12,2021,51,Inverno,0,0,0,0,1,0,0,0,0,0,0,0,1
POR406,S - Graça,2020-12-25,Natal,S,1,12,2020,52,Inverno,0,0,0,0,1,0,0,0,0,0,0,0,1
POR406,S - Graça,2024-03-31,Páscoa,N,1,3,2024,13,Primavera,1,0,0,0,0,1,0,0,0,0,1,0,0
POR406,S - Graça,2023-04-09,Páscoa,N,1,4,2023,14,Primavera,0,0,0,0,0,1,0,0,0,0,1,0,0
POR406,S - Graça,2023-12-01,Restauração da Independência,S,1,12,2023,48,Inverno,1,0,0,0,0,0,0,0,0,0,0,0,1
POR406,S - Graça,2024-03-29,Sexta-feira Santa,N,1,3,2024,13,Primavera,1,0,0,0,0,0,1,0,0,0,1,0,0
POR406,S - Graça,2023-04-07,Sexta-feira Santa,N,1,4,2023,14,Primavera,0,0,0,0,0,0,1,0,0,0,1,0,0
POR407,S - Queluz,2024-01-01,Ano Novo,S,1,1,2024,1,Inverno,1,1,0,0,0,0,0,0,0,0,0,0,1
POR407,S - Queluz,2023-01-01,Ano Novo,S,1,1,2023,52,Inverno,0,1,0,0,0,0,0,0,0,0,0,0,1
POR407,S - Queluz,2022-01-01,Ano Novo,S,1,1,2022,52,Inverno,0,1,0,0,0,0,0,0,0,0,0,0,1
POR407,S - Queluz,2021-01-01,Ano Novo,S,1,1,2021,53,Inverno,0,1,0,0,0,0,0,0,0,0,0,0,1
POR407,S - Queluz,2020-01-01,Ano Novo,S,1,1,2020,1,Inverno,0,1,0,0,0,0,0,0,0,0,0,0,1
POR407,S - Queluz,2023-08-15,Assunção de Maria,S,1,8,2023,33,Verão,1,0,0,0,0,0,0,0,0,1,0,0,0
POR407,S - Queluz,2024-02-13,Carnaval,N,1,2,2024,7,Inverno,1,0,1,0,0,0,0,0,0,0,0,0,1
POR407,S - Queluz,2023-02-21,Carnaval,N,1,2,2023,8,Inverno,0,0,1,0,0,0,0,0,0,0,0,0,1
POR407,S - Queluz,2023-06-08,Corpo de Deus,S,1,6,2023,23,Verão,1,0,0,0,0,0,0,0,0,1,0,0,0
POR407,S - Queluz,2023-12-08,Dia da Imaculada Conceição,S,1,12,2023,49,Inverno,1,0,0,0,0,0,0,0,0,0,0,0,1
POR407,S - Queluz,2023-04-25,Dia da Liberdade,S,1,4,2023,17,Primavera,1,0,0,0,0,0,0,0,0,0,1,0,0
POR407,S - Queluz,2023-06-10,Dia de Portugal,S,1,6,2023,23,Verão,1,0,0,0,0,0,0,0,0,1,0,0,0
POR407,S - Queluz,2023-11-01,Dia de Todos os Santos,S,1,11,2023,44,Outono,1,0,0,0,0,0,0,0,1,0,0,1,0
POR407,S - Queluz,2023-05-01,Dia do Trabalhador,S,1,5,2023,18,Primavera,1,0,0,1,0,0,0,0,0,0,1,0,0
POR407,S - Queluz,2023-06-29,Feriado Municipal de Sintra,S,1,6,2023,26,Verão,1,0,0,0,0,0,0,0,0,1,0,0,0
POR407,S - Queluz,2023-10-05,Implantação da República,S,1,10,2023,40,Outono,1,0,0,0,0,0,0,0,0,0,0,1,0
POR407,S - Queluz,2024-12-25,Natal,S,1,12,2024,52,Inverno,1,0,0,0,1,0,0,0,0,0,0,0,1
POR407,S - Queluz,2023-12-25,Natal,S,1,12,2023,52,Inverno,0,0,0,0,1,0,0,0,0,0,0,0,1
POR407,S - Queluz,2022-12-25,Natal,S,1,12,2022,51,Inverno,0,0,0,0,1,0,0,0,0,0,0,0,1
POR407,S - Queluz,2021-12-25,Natal,S,1,12,2021,51,Inverno,0,0,0,0,1,0,0,0,0,0,0,0,1
POR407,S - Queluz,2020-12-25,Natal,S,1,12,2020,52,Inverno,0,0,0,0,1,0,0,0,0,0,0,0,1
POR407,S - Queluz,2024-03-31,Páscoa,N,1,3,2024,13,Primavera,1,0,0,0,0,1,0,0,0,0,1,0,0
POR407,S - Queluz,2023-04-09,Páscoa,N,1,4,2023,14,Primavera,0,0,0,0,0,1,0,0,0,0,1,0,0
POR407,S - Queluz,2023-12-01,Restauração da Independência,S,1,12,2023,48,Inverno,1,0,0,0,0,0,0,0,0,0,0,0,1
POR407,S - Queluz,2024-03-29,Sexta-feira Santa,N,1,3,2024,13,Primavera,1,0,0,0,0,0,1,0,0,0,1,0,0
POR407,S - Queluz,2023-04-07,Sexta-feira Santa,N,1,4,2023,14,Primavera,0,0,0,0,0,0,1,0,0,0,1,0,0
POR408,S - Campolide,2024-01-01,Ano Novo,S,1,1,2024,1,Inverno,1,1,0,0,0,0,0,0,0,0,0,0,1
POR408,S - Campolide,2023-01-01,Ano Novo,S,1,1,2023,52,Inverno,0,1,0,0,0,0,0,0,0,0,0,0,1
POR408,S - Campolide,2022-01-01,Ano Novo,S,1,1,2022,52,Inverno,0,1,0,0,0,0,0,0,0,0,0,0,1
POR408,S - Campolide,2021-01-01,Ano Novo,S,1,1,2021,53,Inverno,0,1,0,0,0,0,0,0,0,0,0,0,1
POR408,S - Campolide,2020-01-01,Ano Novo,S,1,1,2020,1,Inverno,0,1,0,0,0,0,0,0,0,0,0,0,1
POR408,S - Campolide,2023-08-15,Assunção de Maria,S,1,8,2023,33,Verão,1,0,0,0,0,0,0,0,0,1,0,0,0
POR408,S - Campolide,2024-02-13,Carnaval,N,1,2,2024,7,Inverno,1,0,1,0,0,0,0,0,0,0,0,0,1
POR408,S - Campolide,2023-02-21,Carnaval,N,1,2,2023,8,Inverno,0,0,1,0,0,0,0,0,0,0,0,0,1
POR408,S - Campolide,2023-06-08,Corpo de Deus,S,1,6,2023,23,Verão,1,0,0,0,0,0,0,0,0,1,0,0,0
POR408,S - Campolide,2023-12-08,Dia da Imaculada Conceição,S,1,12,2023,49,Inverno,1,0,0,0,0,0,0,0,0,0,0,0,1
POR408,S - Campolide,2023-04-25,Dia da Liberdade,S,1,4,2023,17,Primavera,1,0,0,0,0,0,0,0,0,0,1,0,0
POR408,S - Campolide,2023-06-10,Dia de Portugal,S,1,6,2023,23,Verão,1,0,0,0,0,0,0,0,0,1,0,0,0
POR408,S - Campolide,2023-11-01,Dia de Todos os Santos,S,1,11,2023,44,Outono,1,0,0,0,0,0,0,0,1,0,0,1,0
POR408,S - Campolide,2023-05-01,Dia do Trabalhador,S,1,5,2023,18,Primavera,1,0,0,1,0,0,0,0,0,0,1,0,0
POR408,S - Campolide,2022-06-13,Feriado Municipal de Lisboa,S,1,6,2022,24,Verão,1,0,0,0,0,0,0,0,0,1,0,0,0
POR408,S - Campolide,2023-10-05,Implantação da República,S,1,10,2023,40,Outono,1,0,0,0,0,0,0,0,0,0,0,1,0
POR408,S - Campolide,2023-12-25,Natal,S,0,12,2023,52,Inverno,1,0,0,0,1,0,0,0,0,0,0,0,1
POR408,S - Campolide,2024-03-31,Páscoa,N,1,3,2024,13,Primavera,1,0,0,0,0,1,0,0,0,0,1,0,0
POR408,S - Campolide,2023-04-09,Páscoa,N,1,4,2023,14,Primavera,0,0,0,0,0,1,0,0,0,0,1,0,0
POR408,S - Campolide,2023-12-01,Restauração da Independência,S,1,12,2023,48,Inverno,1,0,0,0,0,0,0,0,0,0,0,0,1
POR408,S - Campolide,2024-03-29,Sexta-feira Santa,N,1,3,2024,13,Primavera,1,0,0,0,0,0,1,0,0,0,1,0,0
POR408,S - Campolide,2023-04-07,Sexta-feira Santa,N,1,4,2023,14,Primavera,0,0,0,0,0,0,1,0,0,0,1,0,0
POR409,S - Almirante Reis ,2024-01-01,Ano Novo,S,1,1,2024,1,Inverno,1,1,0,0,0,0,0,0,0,0,0,0,1
POR409,S - Almirante Reis ,2023-01-01,Ano Novo,S,1,1,2023,52,Inverno,0,1,0,0,0,0,0,0,0,0,0,0,1
POR409,S - Almirante Reis ,2022-01-01,Ano Novo,S,1,1,2022,52,Inverno,0,1,0,0,0,0,0,0,0,0,0,0,1
POR409,S - Almirante Reis ,2021-01-01,Ano Novo,S,1,1,2021,53,Inverno,0,1,0,0,0,0,0,0,0,0,0,0,1
POR409,S - Almirante Reis ,2020-01-01,Ano Novo,S,1,1,2020,1,Inverno,0,1,0,0,0,0,0,0,0,0,0,0,1
POR409,S - Almirante Reis ,2023-08-15,Assunção de Maria,S,1,8,2023,33,Verão,1,0,0,0,0,0,0,0,0,1,0,0,0
POR409,S - Almirante Reis ,2024-02-13,Carnaval,N,1,2,2024,7,Inverno,1,0,1,0,0,0,0,0,0,0,0,0,1
POR409,S - Almirante Reis ,2023-02-21,Carnaval,N,1,2,2023,8,Inverno,0,0,1,0,0,0,0,0,0,0,0,0,1
POR409,S - Almirante Reis ,2023-06-08,Corpo de Deus,S,1,6,2023,23,Verão,1,0,0,0,0,0,0,0,0,1,0,0,0
POR409,S - Almirante Reis ,2023-12-08,Dia da Imaculada Conceição,S,1,12,2023,49,Inverno,1,0,0,0,0,0,0,0,0,0,0,0,1
POR409,S - Almirante Reis ,2023-04-25,Dia da Liberdade,S,1,4,2023,17,Primavera,1,0,0,0,0,0,0,0,0,0,1,0,0
POR409,S - Almirante Reis ,2023-06-10,Dia de Portugal,S,1,6,2023,23,Verão,1,0,0,0,0,0,0,0,0,1,0,0,0
POR409,S - Almirante Reis ,2023-11-01,Dia de Todos os Santos,S,1,11,2023,44,Outono,1,0,0,0,0,0,0,0,1,0,0,1,0
POR409,S - Almirante Reis ,2023-05-01,Dia do Trabalhador,S,1,5,2023,18,Primavera,1,0,0,1,0,0,0,0,0,0,1,0,0
POR409,S - Almirante Reis ,2022-06-13,Feriado Municipal de Lisboa,S,1,6,2022,24,Verão,1,0,0,0,0,0,0,0,0,1,0,0,0
POR409,S - Almirante Reis ,2023-10-05,Implantação da República,S,1,10,2023,40,Outono,1,0,0,0,0,0,0,0,0,0,0,1,0
POR409,S - Almirante Reis ,2023-12-25,Natal,S,0,12,2023,52,Inverno,1,0,0,0,1,0,0,0,0,0,0,0,1
POR409,S - Almirante Reis ,2024-03-31,Páscoa,N,1,3,2024,13,Primavera,1,0,0,0,0,1,0,0,0,0,1,0,0
POR409,S - Almirante Reis ,2023-04-09,Páscoa,N,1,4,2023,14,Primavera,0,0,0,0,0,1,0,0,0,0,1,0,0
POR409,S - Almirante Reis ,2023-12-01,Restauração da Independência,S,1,12,2023,48,Inverno,1,0,0,0,0,0,0,0,0,0,0,0,1
POR409,S - Almirante Reis ,2024-03-29,Sexta-feira Santa,N,1,3,2024,13,Primavera,1,0,0,0,0,0,1,0,0,0,1,0,0
POR409,S - Almirante Reis ,2023-04-07,Sexta-feira Santa,N,1,4,2023,14,Primavera,0,0,0,0,0,0,1,0,0,0,1,0,0
POR410,S - Penha de Franca,2024-01-01,Ano Novo,S,1,1,2024,1,Inverno,1,1,0,0,0,0,0,0,0,0,0,0,1
POR410,S - Penha de Franca,2023-01-01,Ano Novo,S,1,1,2023,52,Inverno,0,1,0,0,0,0,0,0,0,0,0,0,1
POR410,S - Penha de Franca,2022-01-01,Ano Novo,S,1,1,2022,52,Inverno,0,1,0,0,0,0,0,0,0,0,0,0,1
POR410,S - Penha de Franca,2021-01-01,Ano Novo,S,1,1,2021,53,Inverno,0,1,0,0,0,0,0,0,0,0,0,0,1
POR410,S - Penha de Franca,2020-01-01,Ano Novo,S,1,1,2020,1,Inverno,0,1,0,0,0,0,0,0,0,0,0,0,1
POR410,S - Penha de Franca,2023-08-15,Assunção de Maria,S,1,8,2023,33,Verão,1,0,0,0,0,0,0,0,0,1,0,0,0
POR410,S - Penha de Franca,2024-02-13,Carnaval,N,1,2,2024,7,Inverno,1,0,1,0,0,0,0,0,0,0,0,0,1
POR410,S - Penha de Franca,2023-02-21,Carnaval,N,1,2,2023,8,Inverno,0,0,1,0,0,0,0,0,0,0,0,0,1
POR410,S - Penha de Franca,2023-06-08,Corpo de Deus,S,1,6,2023,23,Verão,1,0,0,0,0,0,0,0,0,1,0,0,0
POR410,S - Penha de Franca,2023-12-08,Dia da Imaculada Conceição,S,1,12,2023,49,Inverno,1,0,0,0,0,0,0,0,0,0,0,0,1
POR410,S - Penha de Franca,2023-04-25,Dia da Liberdade,S,1,4,2023,17,Primavera,1,0,0,0,0,0,0,0,0,0,1,0,0
POR410,S - Penha de Franca,2023-06-10,Dia de Portugal,S,1,6,2023,23,Verão,1,0,0,0,0,0,0,0,0,1,0,0,0
POR410,S - Penha de Franca,2023-11-01,Dia de Todos os Santos,S,1,11,2023,44,Outono,1,0,0,0,0,0,0,0,1,0,0,1,0
POR410,S - Penha de Franca,2023-05-01,Dia do Trabalhador,S,1,5,2023,18,Primavera,1,0,0,1,0,0,0,0,0,0,1,0,0
POR410,S - Penha de Franca,2022-06-13,Feriado Municipal de Lisboa,S,1,6,2022,24,Verão,1,0,0,0,0,0,0,0,0,1,0,0,0
POR410,S - Penha de Franca,2023-10-05,Implantação da República,S,1,10,2023,40,Outono,1,0,0,0,0,0,0,0,0,0,0,1,0
POR410,S - Penha de Franca,2023-12-25,Natal,S,0,12,2023,52,Inverno,1,0,0,0,1,0,0,0,0,0,0,0,1
POR410,S - Penha de Franca,2024-03-31,Páscoa,N,1,3,2024,13,Primavera,1,0,0,0,0,1,0,0,0,0,1,0,0
POR410,S - Penha de Franca,2023-04-09,Páscoa,N,1,4,2023,14,Primavera,0,0,0,0,0,1,0,0,0,0,1,0,0
POR410,S - Penha de Franca,2023-12-01,Restauração da Independência,S,1,12,2023,48,Inverno,1,0,0,0,0,0,0,0,0,0,0,0,1
POR410,S - Penha de Franca,2024-03-29,Sexta-feira Santa,N,1,3,2024,13,Primavera,1,0,0,0,0,0,1,0,0,0,1,0,0
POR410,S - Penha de Franca,2023-04-07,Sexta-feira Santa,N,1,4,2023,14,Primavera,0,0,0,0,0,0,1,0,0,0,1,0,0
POR411,S - Benfica,2024-01-01,Ano Novo,S,1,1,2024,1,Inverno,1,1,0,0,0,0,0,0,0,0,0,0,1
POR411,S - Benfica,2023-01-01,Ano Novo,S,1,1,2023,52,Inverno,0,1,0,0,0,0,0,0,0,0,0,0,1
POR411,S - Benfica,2022-01-01,Ano Novo,S,1,1,2022,52,Inverno,0,1,0,0,0,0,0,0,0,0,0,0,1
POR411,S - Benfica,2021-01-01,Ano Novo,S,1,1,2021,53,Inverno,0,1,0,0,0,0,0,0,0,0,0,0,1
POR411,S - Benfica,2020-01-01,Ano Novo,S,1,1,2020,1,Inverno,0,1,0,0,0,0,0,0,0,0,0,0,1
POR411,S - Benfica,2023-08-15,Assunção de Maria,S,1,8,2023,33,Verão,1,0,0,0,0,0,0,0,0,1,0,0,0
POR411,S - Benfica,2024-02-13,Carnaval,N,1,2,2024,7,Inverno,1,0,1,0,0,0,0,0,0,0,0,0,1
POR411,S - Benfica,2023-02-21,Carnaval,N,1,2,2023,8,Inverno,0,0,1,0,0,0,0,0,0,0,0,0,1
POR411,S - Benfica,2023-06-08,Corpo de Deus,S,1,6,2023,23,Verão,1,0,0,0,0,0,0,0,0,1,0,0,0
POR411,S - Benfica,2023-12-08,Dia da Imaculada Conceição,S,1,12,2023,49,Inverno,1,0,0,0,0,0,0,0,0,0,0,0,1
POR411,S - Benfica,2023-04-25,Dia da Liberdade,S,1,4,2023,17,Primavera,1,0,0,0,0,0,0,0,0,0,1,0,0
POR411,S - Benfica,2023-06-10,Dia de Portugal,S,1,6,2023,23,Verão,1,0,0,0,0,0,0,0,0,1,0,0,0
POR411,S - Benfica,2023-11-01,Dia de Todos os Santos,S,1,11,2023,44,Outono,1,0,0,0,0,0,0,0,1,0,0,1,0
POR411,S - Benfica,2023-05-01,Dia do Trabalhador,S,1,5,2023,18,Primavera,1,0,0,1,0,0,0,0,0,0,1,0,0
POR411,S - Benfica,2022-06-13,Feriado Municipal de Lisboa,S,1,6,2022,24,Verão,1,0,0,0,0,0,0,0,0,1,0,0,0
POR411,S - Benfica,2023-10-05,Implantação da República,S,1,10,2023,40,Outono,1,0,0,0,0,0,0,0,0,0,0,1,0
POR411,S - Benfica,2023-12-25,Natal,S,0,12,2023,52,Inverno,1,0,0,0,1,0,0,0,0,0,0,0,1
POR411,S - Benfica,2024-03-31,Páscoa,N,1,3,2024,13,Primavera,1,0,0,0,0,1,0,0,0,0,1,0,0
POR411,S - Benfica,2023-04-09,Páscoa,N,1,4,2023,14,Primavera,0,0,0,0,0,1,0,0,0,0,1,0,0
POR411,S - Benfica,2023-12-01,Restauração da Independência,S,1,12,2023,48,Inverno,1,0,0,0,0,0,0,0,0,0,0,0,1
POR411,S - Benfica,2024-03-29,Sexta-feira Santa,N,1,3,2024,13,Primavera,1,0,0,0,0,0,1,0,0,0,1,0,0
POR411,S - Benfica,2023-04-07,Sexta-feira Santa,N,1,4,2023,14,Primavera,0,0,0,0,0,0,1,0,0,0,1,0,0
POR412,S - Gil Vicente,2024-01-01,Ano Novo,S,1,1,2024,1,Inverno,1,1,0,0,0,0,0,0,0,0,0,0,1
POR412,S - Gil Vicente,2023-01-01,Ano Novo,S,1,1,2023,52,Inverno,0,1,0,0,0,0,0,0,0,0,0,0,1
POR412,S - Gil Vicente,2022-01-01,Ano Novo,S,1,1,2022,52,Inverno,0,1,0,0,0,0,0,0,0,0,0,0,1
POR412,S - Gil Vicente,2021-01-01,Ano Novo,S,1,1,2021,53,Inverno,0,1,0,0,0,0,0,0,0,0,0,0,1
POR412,S - Gil Vicente,2020-01-01,Ano Novo,S,1,1,2020,1,Inverno,0,1,0,0,0,0,0,0,0,0,0,0,1
POR412,S - Gil Vicente,2023-08-15,Assunção de Maria,S,1,8,2023,33,Verão,1,0,0,0,0,0,0,0,0,1,0,0,0
POR412,S - Gil Vicente,2022-08-15,Assunção de Maria,N,1,8,2022,33,Verão,0,0,0,0,0,0,0,0,0,1,0,0,0
POR412,S - Gil Vicente,2024-02-13,Carnaval,N,1,2,2024,7,Inverno,1,0,1,0,0,0,0,0,0,0,0,0,1
POR412,S - Gil Vicente,2023-02-21,Carnaval,N,1,2,2023,8,Inverno,0,0,1,0,0,0,0,0,0,0,0,0,1
POR412,S - Gil Vicente,2022-03-01,Carnaval,N,1,3,2022,9,Primavera,0,0,1,0,0,0,0,0,0,0,1,0,0
POR412,S - Gil Vicente,2023-06-08,Corpo de Deus,S,1,6,2023,23,Verão,1,0,0,0,0,0,0,0,0,1,0,0,0
POR412,S - Gil Vicente,2022-06-16,Corpo de Deus,N,1,6,2022,24,Verão,0,0,0,0,0,0,0,0,0,1,0,0,0
POR412,S - Gil Vicente,2023-12-08,Dia da Imaculada Conceição,S,1,12,2023,49,Inverno,1,0,0,0,0,0,0,0,0,0,0,0,1
POR412,S - Gil Vicente,2022-12-08,Dia da Imaculada Conceição,N,1,12,2022,49,Inverno,0,0,0,0,0,0,0,0,0,0,0,0,1
POR412,S - Gil Vicente,2023-04-25,Dia da Liberdade,S,1,4,2023,17,Primavera,1,0,0,0,0,0,0,0,0,0,1,0,0
POR412,S - Gil Vicente,2022-04-25,Dia da Liberdade,N,1,4,2022,17,Primavera,0,0,0,0,0,0,0,0,0,0,1,0,0
POR412,S - Gil Vicente,2023-06-10,Dia de Portugal,S,1,6,2023,23,Verão,1,0,0,0,0,0,0,0,0,1,0,0,0
POR412,S - Gil Vicente,2022-06-10,Dia de Portugal,N,1,6,2022,23,Verão,0,0,0,0,0,0,0,0,0,1,0,0,0
POR412,S - Gil Vicente,2023-11-01,Dia de Todos os Santos,S,1,11,2023,44,Outono,1,0,0,0,0,0,0,0,1,0,0,1,0
POR412,S - Gil Vicente,2022-11-01,Dia de Todos os Santos,N,1,11,2022,44,Outono,0,0,0,0,0,0,0,0,1,0,0,1,0
POR412,S - Gil Vicente,2023-05-01,Dia do Trabalhador,S,1,5,2023,18,Primavera,1,0,0,1,0,0,0,0,0,0,1,0,0
POR412,S - Gil Vicente,2022-05-01,Dia do Trabalhador,N,1,5,2022,17,Primavera,0,0,0,1,0,0,0,0,0,0,1,0,0
POR412,S - Gil Vicente,2023-06-24,Feriado Municipal de Almada,S,1,6,2023,25,Verão,1,0,0,0,0,0,0,0,0,1,0,0,0
POR412,S - Gil Vicente,2022-06-24,Feriado Municipal do Porto,N,1,6,2022,25,Verão,1,0,0,0,0,0,0,0,0,1,0,0,0
POR412,S - Gil Vicente,2023-10-05,Implantação da República,S,1,10,2023,40,Outono,1,0,0,0,0,0,0,0,0,0,0,1,0
POR412,S - Gil Vicente,2022-10-05,Implantação da República,N,1,10,2022,40,Outono,0,0,0,0,0,0,0,0,0,0,0,1,0
POR412,S - Gil Vicente,2024-12-25,Natal,S,0,12,2024,52,Inverno,1,0,0,0,1,0,0,0,0,0,0,0,1
POR412,S - Gil Vicente,2023-12-25,Natal,S,0,12,2023,52,Inverno,0,0,0,0,1,0,0,0,0,0,0,0,1
POR412,S - Gil Vicente,2022-12-25,Natal,S,0,12,2022,51,Inverno,0,0,0,0,1,0,0,0,0,0,0,0,1
POR412,S - Gil Vicente,2021-12-25,Natal,S,0,12,2021,51,Inverno,0,0,0,0,1,0,0,0,0,0,0,0,1
POR412,S - Gil Vicente,2020-12-25,Natal,S,0,12,2020,52,Inverno,0,0,0,0,1,0,0,0,0,0,0,0,1
POR412,S - Gil Vicente,2024-03-31,Páscoa,N,1,3,2024,13,Primavera,1,0,0,0,0,1,0,0,0,0,1,0,0
POR412,S - Gil Vicente,2023-04-09,Páscoa,N,1,4,2023,14,Primavera,0,0,0,0,0,1,0,0,0,0,1,0,0
POR412,S - Gil Vicente,2022-04-17,Páscoa,N,1,4,2022,15,Primavera,0,0,0,0,0,1,0,0,0,0,1,0,0
POR412,S - Gil Vicente,2023-12-01,Restauração da Independência,S,1,12,2023,48,Inverno,1,0,0,0,0,0,0,0,0,0,0,0,1
POR412,S - Gil Vicente,2022-12-01,Restauração da Independência,N,1,12,2022,48,Inverno,0,0,0,0,0,0,0,0,0,0,0,0,1
POR412,S - Gil Vicente,2024-03-29,Sexta-feira Santa,N,1,3,2024,13,Primavera,1,0,0,0,0,0,1,0,0,0,1,0,0
POR412,S - Gil Vicente,2023-04-07,Sexta-feira Santa,N,1,4,2023,14,Primavera,0,0,0,0,0,0,1,0,0,0,1,0,0
POR412,S - Gil Vicente,2022-04-15,Sexta-feira Santa,N,1,4,2022,15,Primavera,0,0,0,0,0,0,1,0,0,0,1,0,0
POR413,S - Avenida Republica,2024-01-01,Ano Novo,S,1,1,2024,1,Inverno,1,1,0,0,0,0,0,0,0,0,0,0,1
POR413,S - Avenida Republica,2023-01-01,Ano Novo,S,1,1,2023,52,Inverno,0,1,0,0,0,0,0,0,0,0,0,0,1
POR413,S - Avenida Republica,2022-01-01,Ano Novo,S,1,1,2022,52,Inverno,0,1,0,0,0,0,0,0,0,0,0,0,1
POR413,S - Avenida Republica,2021-01-01,Ano Novo,S,1,1,2021,53,Inverno,0,1,0,0,0,0,0,0,0,0,0,0,1
POR413,S - Avenida Republica,2020-01-01,Ano Novo,S,1,1,2020,1,Inverno,0,1,0,0,0,0,0,0,0,0,0,0,1
POR413,S - Avenida Republica,2023-08-15,Assunção de Maria,S,1,8,2023,33,Verão,1,0,0,0,0,0,0,0,0,1,0,0,0
POR413,S - Avenida Republica,2024-02-13,Carnaval,N,1,2,2024,7,Inverno,1,0,1,0,0,0,0,0,0,0,0,0,1
POR413,S - Avenida Republica,2023-02-21,Carnaval,N,1,2,2023,8,Inverno,0,0,1,0,0,0,0,0,0,0,0,0,1
POR413,S - Avenida Republica,2023-06-08,Corpo de Deus,S,1,6,2023,23,Verão,1,0,0,0,0,0,0,0,0,1,0,0,0
POR413,S - Avenida Republica,2023-12-08,Dia da Imaculada Conceição,S,1,12,2023,49,Inverno,1,0,0,0,0,0,0,0,0,0,0,0,1
POR413,S - Avenida Republica,2023-04-25,Dia da Liberdade,S,1,4,2023,17,Primavera,1,0,0,0,0,0,0,0,0,0,1,0,0
POR413,S - Avenida Republica,2023-06-10,Dia de Portugal,S,1,6,2023,23,Verão,1,0,0,0,0,0,0,0,0,1,0,0,0
POR413,S - Avenida Republica,2023-11-01,Dia de Todos os Santos,S,1,11,2023,44,Outono,1,0,0,0,0,0,0,0,1,0,0,1,0
POR413,S - Avenida Republica,2023-05-01,Dia do Trabalhador,S,1,5,2023,18,Primavera,1,0,0,1,0,0,0,0,0,0,1,0,0
POR413,S - Avenida Republica,2022-06-13,Feriado Municipal de Lisboa,S,1,6,2022,24,Verão,1,0,0,0,0,0,0,0,0,1,0,0,0
POR413,S - Avenida Republica,2023-10-05,Implantação da República,S,1,10,2023,40,Outono,1,0,0,0,0,0,0,0,0,0,0,1,0
POR413,S - Avenida Republica,2023-12-25,Natal,S,0,12,2023,52,Inverno,1,0,0,0,1,0,0,0,0,0,0,0,1
POR413,S - Avenida Republica,2024-03-31,Páscoa,N,1,3,2024,13,Primavera,1,0,0,0,0,1,0,0,0,0,1,0,0
POR413,S - Avenida Republica,2023-04-09,Páscoa,N,1,4,2023,14,Primavera,0,0,0,0,0,1,0,0,0,0,1,0,0
POR413,S - Avenida Republica,2023-12-01,Restauração da Independência,S,1,12,2023,48,Inverno,1,0,0,0,0,0,0,0,0,0,0,0,1
POR413,S - Avenida Republica,2024-03-29,Sexta-feira Santa,N,1,3,2024,13,Primavera,1,0,0,0,0,0,1,0,0,0,1,0,0
POR413,S - Avenida Republica,2023-04-07,Sexta-feira Santa,N,1,4,2023,14,Primavera,0,0,0,0,0,0,1,0,0,0,1,0,0
POR414,S - Columbano Bordalo Pinheiro,2024-01-01,Ano Novo,S,1,1,2024,1,Inverno,1,1,0,0,0,0,0,0,0,0,0,0,1
POR414,S - Columbano Bordalo Pinheiro,2023-01-01,Ano Novo,S,1,1,2023,52,Inverno,0,1,0,0,0,0,0,0,0,0,0,0,1
POR414,S - Columbano Bordalo Pinheiro,2022-01-01,Ano Novo,S,1,1,2022,52,Inverno,0,1,0,0,0,0,0,0,0,0,0,0,1
POR414,S - Columbano Bordalo Pinheiro,2021-01-01,Ano Novo,S,1,1,2021,53,Inverno,0,1,0,0,0,0,0,0,0,0,0,0,1
POR414,S - Columbano Bordalo Pinheiro,2020-01-01,Ano Novo,S,1,1,2020,1,Inverno,0,1,0,0,0,0,0,0,0,0,0,0,1
POR414,S - Columbano Bordalo Pinheiro,2023-08-15,Assunção de Maria,S,1,8,2023,33,Verão,1,0,0,0,0,0,0,0,0,1,0,0,0
POR414,S - Columbano Bordalo Pinheiro,2024-02-13,Carnaval,N,1,2,2024,7,Inverno,1,0,1,0,0,0,0,0,0,0,0,0,1
POR414,S - Columbano Bordalo Pinheiro,2023-02-21,Carnaval,N,1,2,2023,8,Inverno,0,0,1,0,0,0,0,0,0,0,0,0,1
POR414,S - Columbano Bordalo Pinheiro,2023-06-08,Corpo de Deus,S,1,6,2023,23,Verão,1,0,0,0,0,0,0,0,0,1,0,0,0
POR414,S - Columbano Bordalo Pinheiro,2023-12-08,Dia da Imaculada Conceição,S,1,12,2023,49,Inverno,1,0,0,0,0,0,0,0,0,0,0,0,1
POR414,S - Columbano Bordalo Pinheiro,2023-04-25,Dia da Liberdade,S,1,4,2023,17,Primavera,1,0,0,0,0,0,0,0,0,0,1,0,0
POR414,S - Columbano Bordalo Pinheiro,2023-06-10,Dia de Portugal,S,1,6,2023,23,Verão,1,0,0,0,0,0,0,0,0,1,0,0,0
POR414,S - Columbano Bordalo Pinheiro,2023-11-01,Dia de Todos os Santos,S,1,11,2023,44,Outono,1,0,0,0,0,0,0,0,1,0,0,1,0
POR414,S - Columbano Bordalo Pinheiro,2023-05-01,Dia do Trabalhador,S,1,5,2023,18,Primavera,1,0,0,1,0,0,0,0,0,0,1,0,0
POR414,S - Columbano Bordalo Pinheiro,2022-06-13,Feriado Municipal de Lisboa,S,1,6,2022,24,Verão,1,0,0,0,0,0,0,0,0,1,0,0,0
POR414,S - Columbano Bordalo Pinheiro,2023-10-05,Implantação da República,S,1,10,2023,40,Outono,1,0,0,0,0,0,0,0,0,0,0,1,0
POR414,S - Columbano Bordalo Pinheiro,2023-12-25,Natal,S,0,12,2023,52,Inverno,1,0,0,0,1,0,0,0,0,0,0,0,1
POR414,S - Columbano Bordalo Pinheiro,2024-03-31,Páscoa,N,1,3,2024,13,Primavera,1,0,0,0,0,1,0,0,0,0,1,0,0
POR414,S - Columbano Bordalo Pinheiro,2023-04-09,Páscoa,N,1,4,2023,14,Primavera,0,0,0,0,0,1,0,0,0,0,1,0,0
POR414,S - Columbano Bordalo Pinheiro,2023-12-01,Restauração da Independência,S,1,12,2023,48,Inverno,1,0,0,0,0,0,0,0,0,0,0,0,1
POR414,S - Columbano Bordalo Pinheiro,2024-03-29,Sexta-feira Santa,N,1,3,2024,13,Primavera,1,0,0,0,0,0,1,0,0,0,1,0,0
POR414,S - Columbano Bordalo Pinheiro,2023-04-07,Sexta-feira Santa,N,1,4,2023,14,Primavera,0,0,0,0,0,0,1,0,0,0,1,0,0
POR416,S - Odivelas,2024-01-01,Ano Novo,S,1,1,2024,1,Inverno,1,1,0,0,0,0,0,0,0,0,0,0,1
POR416,S - Odivelas,2023-01-01,Ano Novo,S,1,1,2023,52,Inverno,0,1,0,0,0,0,0,0,0,0,0,0,1
POR416,S - Odivelas,2022-01-01,Ano Novo,S,1,1,2022,52,Inverno,0,1,0,0,0,0,0,0,0,0,0,0,1
POR416,S - Odivelas,2021-01-01,Ano Novo,S,1,1,2021,53,Inverno,0,1,0,0,0,0,0,0,0,0,0,0,1
POR416,S - Odivelas,2020-01-01,Ano Novo,S,1,1,2020,1,Inverno,0,1,0,0,0,0,0,0,0,0,0,0,1
POR416,S - Odivelas,2023-08-15,Assunção de Maria,S,1,8,2023,33,Verão,1,0,0,0,0,0,0,0,0,1,0,0,0
POR416,S - Odivelas,2024-02-13,Carnaval,N,1,2,2024,7,Inverno,1,0,1,0,0,0,0,0,0,0,0,0,1
POR416,S - Odivelas,2023-02-21,Carnaval,N,1,2,2023,8,Inverno,0,0,1,0,0,0,0,0,0,0,0,0,1
POR416,S - Odivelas,2023-06-08,Corpo de Deus,S,1,6,2023,23,Verão,1,0,0,0,0,0,0,0,0,1,0,0,0
POR416,S - Odivelas,2023-12-08,Dia da Imaculada Conceição,S,1,12,2023,49,Inverno,1,0,0,0,0,0,0,0,0,0,0,0,1
POR416,S - Odivelas,2023-04-25,Dia da Liberdade,S,1,4,2023,17,Primavera,1,0,0,0,0,0,0,0,0,0,1,0,0
POR416,S - Odivelas,2023-06-10,Dia de Portugal,S,1,6,2023,23,Verão,1,0,0,0,0,0,0,0,0,1,0,0,0
POR416,S - Odivelas,2023-11-01,Dia de Todos os Santos,S,1,11,2023,44,Outono,1,0,0,0,0,0,0,0,1,0,0,1,0
POR416,S - Odivelas,2023-05-01,Dia do Trabalhador,S,1,5,2023,18,Primavera,1,0,0,1,0,0,0,0,0,0,1,0,0
POR416,S - Odivelas,2024-11-19,Feriado Municipal de Odivelas,S,1,11,2024,47,Outono,1,0,0,0,0,0,0,0,0,0,0,1,0
POR416,S - Odivelas,2023-11-19,Feriado Municipal de Odivelas,S,1,11,2023,46,Outono,0,0,0,0,0,0,0,0,0,0,0,1,0
POR416,S - Odivelas,2022-11-19,Feriado Municipal de Odivelas,S,1,11,2022,46,Outono,0,0,0,0,0,0,0,0,0,0,0,1,0
POR416,S - Odivelas,2021-11-19,Feriado Municipal de Odivelas,S,1,11,2021,46,Outono,0,0,0,0,0,0,0,0,0,0,0,1,0
POR416,S - Odivelas,2020-11-19,Feriado Municipal de Odivelas,S,1,11,2020,47,Outono,0,0,0,0,0,0,0,0,0,0,0,1,0
POR416,S - Odivelas,2023-10-05,Implantação da República,S,1,10,2023,40,Outono,1,0,0,0,0,0,0,0,0,0,0,1,0
POR416,S - Odivelas,2023-12-25,Natal,S,0,12,2023,52,Inverno,1,0,0,0,1,0,0,0,0,0,0,0,1
POR416,S - Odivelas,2024-03-31,Páscoa,N,1,3,2024,13,Primavera,1,0,0,0,0,1,0,0,0,0,1,0,0
POR416,S - Odivelas,2023-04-09,Páscoa,N,1,4,2023,14,Primavera,0,0,0,0,0,1,0,0,0,0,1,0,0
POR416,S - Odivelas,2023-12-01,Restauração da Independência,S,1,12,2023,48,Inverno,1,0,0,0,0,0,0,0,0,0,0,0,1
POR416,S - Odivelas,2024-03-29,Sexta-feira Santa,N,1,3,2024,13,Primavera,1,0,0,0,0,0,1,0,0,0,1,0,0
POR416,S - Odivelas,2023-04-07,Sexta-feira Santa,N,1,4,2023,14,Primavera,0,0,0,0,0,0,1,0,0,0,1,0,0
POR417,S - Nuno Alvares Pereira,2024-01-01,Ano Novo,S,1,1,2024,1,Inverno,1,1,0,0,0,0,0,0,0,0,0,0,1
POR417,S - Nuno Alvares Pereira,2023-01-01,Ano Novo,S,1,1,2023,52,Inverno,0,1,0,0,0,0,0,0,0,0,0,0,1
POR417,S - Nuno Alvares Pereira,2022-01-01,Ano Novo,N,0,1,2022,52,Inverno,0,1,0,0,0,0,0,0,0,0,0,0,1
POR417,S - Nuno Alvares Pereira,2022-01-01,Ano Novo,S,1,1,2022,52,Inverno,0,1,0,0,0,0,0,0,0,0,0,0,1
POR417,S - Nuno Alvares Pereira,2021-01-01,Ano Novo,S,1,1,2021,53,Inverno,0,1,0,0,0,0,0,0,0,0,0,0,1
POR417,S - Nuno Alvares Pereira,2020-01-01,Ano Novo,S,1,1,2020,1,Inverno,0,1,0,0,0,0,0,0,0,0,0,0,1
POR417,S - Nuno Alvares Pereira,2023-08-15,Assunção de Maria,S,1,8,2023,33,Verão,1,0,0,0,0,0,0,0,0,1,0,0,0
POR417,S - Nuno Alvares Pereira,2022-08-15,Assunção de Maria,N,1,8,2022,33,Verão,0,0,0,0,0,0,0,0,0,1,0,0,0
POR417,S - Nuno Alvares Pereira,2021-08-15,Assunção de Maria,N,1,8,2021,32,Verão,0,0,0,0,0,0,0,0,0,1,0,0,0
POR417,S - Nuno Alvares Pereira,2024-02-13,Carnaval,N,1,2,2024,7,Inverno,1,0,1,0,0,0,0,0,0,0,0,0,1
POR417,S - Nuno Alvares Pereira,2023-02-21,Carnaval,N,1,2,2023,8,Inverno,0,0,1,0,0,0,0,0,0,0,0,0,1
POR417,S - Nuno Alvares Pereira,2022-03-01,Carnaval,N,1,3,2022,9,Primavera,0,0,1,0,0,0,0,0,0,0,1,0,0
POR417,S - Nuno Alvares Pereira,2023-06-08,Corpo de Deus,S,1,6,2023,23,Verão,1,0,0,0,0,0,0,0,0,1,0,0,0
POR417,S - Nuno Alvares Pereira,2022-06-16,Corpo de Deus,N,1,6,2022,24,Verão,0,0,0,0,0,0,0,0,0,1,0,0,0
POR417,S - Nuno Alvares Pereira,2021-06-03,Corpo de Deus,N,1,6,2021,22,Verão,0,0,0,0,0,0,0,0,0,1,0,0,0
POR417,S - Nuno Alvares Pereira,2023-12-08,Dia da Imaculada Conceição,S,1,12,2023,49,Inverno,1,0,0,0,0,0,0,0,0,0,0,0,1
POR417,S - Nuno Alvares Pereira,2022-12-08,Dia da Imaculada Conceição,N,1,12,2022,49,Inverno,0,0,0,0,0,0,0,0,0,0,0,0,1
POR417,S - Nuno Alvares Pereira,2021-12-08,Dia da Imaculada Conceição,N,1,12,2021,49,Inverno,0,0,0,0,0,0,0,0,0,0,0,0,1
POR417,S - Nuno Alvares Pereira,2023-04-25,Dia da Liberdade,S,1,4,2023,17,Primavera,1,0,0,0,0,0,0,0,0,0,1,0,0
POR417,S - Nuno Alvares Pereira,2022-04-25,Dia da Liberdade,N,1,4,2022,17,Primavera,0,0,0,0,0,0,0,0,0,0,1,0,0
POR417,S - Nuno Alvares Pereira,2023-06-10,Dia de Portugal,S,1,6,2023,23,Verão,1,0,0,0,0,0,0,0,0,1,0,0,0
POR417,S - Nuno Alvares Pereira,2022-06-10,Dia de Portugal,N,1,6,2022,23,Verão,0,0,0,0,0,0,0,0,0,1,0,0,0
POR417,S - Nuno Alvares Pereira,2021-06-10,Dia de Portugal,N,1,6,2021,23,Verão,0,0,0,0,0,0,0,0,0,1,0,0,0
POR417,S - Nuno Alvares Pereira,2023-11-01,Dia de Todos os Santos,S,1,11,2023,44,Outono,1,0,0,0,0,0,0,0,1,0,0,1,0
POR417,S - Nuno Alvares Pereira,2022-11-01,Dia de Todos os Santos,N,1,11,2022,44,Outono,0,0,0,0,0,0,0,0,1,0,0,1,0
POR417,S - Nuno Alvares Pereira,2021-11-01,Dia de Todos os Santos,N,1,11,2021,44,Outono,0,0,0,0,0,0,0,0,1,0,0,1,0
POR417,S - Nuno Alvares Pereira,2023-05-01,Dia do Trabalhador,S,1,5,2023,18,Primavera,1,0,0,1,0,0,0,0,0,0,1,0,0
POR417,S - Nuno Alvares Pereira,2022-05-01,Dia do Trabalhador,N,1,5,2022,17,Primavera,0,0,0,1,0,0,0,0,0,0,1,0,0
POR417,S - Nuno Alvares Pereira,2023-06-24,Feriado Municipal de Almada,S,1,6,2023,25,Verão,1,0,0,0,0,0,0,0,0,1,0,0,0
POR417,S - Nuno Alvares Pereira,2022-06-24,Feriado Municipal do Porto,N,1,6,2022,25,Verão,1,0,0,0,0,0,0,0,0,1,0,0,0
POR417,S - Nuno Alvares Pereira,2021-06-24,Feriado Municipal do Porto,N,1,6,2021,25,Verão,0,0,0,0,0,0,0,0,0,1,0,0,0
POR417,S - Nuno Alvares Pereira,2023-10-05,Implantação da República,S,1,10,2023,40,Outono,1,0,0,0,0,0,0,0,0,0,0,1,0
POR417,S - Nuno Alvares Pereira,2022-10-05,Implantação da República,N,1,10,2022,40,Outono,0,0,0,0,0,0,0,0,0,0,0,1,0
POR417,S - Nuno Alvares Pereira,2021-10-05,Implantação da República,N,1,10,2021,40,Outono,0,0,0,0,0,0,0,0,0,0,0,1,0
POR417,S - Nuno Alvares Pereira,2023-12-25,Natal,S,0,12,2023,52,Inverno,1,0,0,0,1,0,0,0,0,0,0,0,1
POR417,S - Nuno Alvares Pereira,2022-12-25,Natal,N,0,12,2022,51,Inverno,0,0,0,0,1,0,0,0,0,0,0,0,1
POR417,S - Nuno Alvares Pereira,2021-12-25,Natal,N,0,12,2021,51,Inverno,0,0,0,0,1,0,0,0,0,0,0,0,1
POR417,S - Nuno Alvares Pereira,2024-03-31,Páscoa,N,1,3,2024,13,Primavera,1,0,0,0,0,1,0,0,0,0,1,0,0
POR417,S - Nuno Alvares Pereira,2023-04-09,Páscoa,N,1,4,2023,14,Primavera,0,0,0,0,0,1,0,0,0,0,1,0,0
POR417,S - Nuno Alvares Pereira,2022-04-17,Páscoa,N,1,4,2022,15,Primavera,0,0,0,0,0,1,0,0,0,0,1,0,0
POR417,S - Nuno Alvares Pereira,2023-12-01,Restauração da Independência,S,1,12,2023,48,Inverno,1,0,0,0,0,0,0,0,0,0,0,0,1
POR417,S - Nuno Alvares Pereira,2022-12-01,Restauração da Independência,N,1,12,2022,48,Inverno,0,0,0,0,0,0,0,0,0,0,0,0,1
POR417,S - Nuno Alvares Pereira,2021-12-01,Restauração da Independência,N,1,12,2021,48,Inverno,0,0,0,0,0,0,0,0,0,0,0,0,1
POR417,S - Nuno Alvares Pereira,2024-03-29,Sexta-feira Santa,N,1,3,2024,13,Primavera,1,0,0,0,0,0,1,0,0,0,1,0,0
POR417,S - Nuno Alvares Pereira,2023-04-07,Sexta-feira Santa,N,1,4,2023,14,Primavera,0,0,0,0,0,0,1,0,0,0,1,0,0
POR417,S - Nuno Alvares Pereira,2022-04-15,Sexta-feira Santa,N,1,4,2022,15,Primavera,0,0,0,0,0,0,1,0,0,0,1,0,0
POR419,S - Algés ,2024-01-01,Ano Novo,S,1,1,2024,1,Inverno,1,1,0,0,0,0,0,0,0,0,0,0,1
POR419,S - Algés ,2023-01-01,Ano Novo,S,1,1,2023,52,Inverno,0,1,0,0,0,0,0,0,0,0,0,0,1
POR419,S - Algés ,2022-01-01,Ano Novo,S,1,1,2022,52,Inverno,0,1,0,0,0,0,0,0,0,0,0,0,1
POR419,S - Algés ,2021-01-01,Ano Novo,S,1,1,2021,53,Inverno,0,1,0,0,0,0,0,0,0,0,0,0,1
POR419,S - Algés ,2020-01-01,Ano Novo,S,1,1,2020,1,Inverno,0,1,0,0,0,0,0,0,0,0,0,0,1
POR419,S - Algés ,2023-08-15,Assunção de Maria,S,1,8,2023,33,Verão,1,0,0,0,0,0,0,0,0,1,0,0,0
POR419,S - Algés ,2024-02-13,Carnaval,N,1,2,2024,7,Inverno,1,0,1,0,0,0,0,0,0,0,0,0,1
POR419,S - Algés ,2023-02-21,Carnaval,N,1,2,2023,8,Inverno,0,0,1,0,0,0,0,0,0,0,0,0,1
POR419,S - Algés ,2023-06-08,Corpo de Deus,S,1,6,2023,23,Verão,1,0,0,0,0,0,0,0,0,1,0,0,0
POR419,S - Algés ,2023-12-08,Dia da Imaculada Conceição,S,1,12,2023,49,Inverno,1,0,0,0,0,0,0,0,0,0,0,0,1
POR419,S - Algés ,2023-04-25,Dia da Liberdade,S,1,4,2023,17,Primavera,1,0,0,0,0,0,0,0,0,0,1,0,0
POR419,S - Algés ,2023-06-10,Dia de Portugal,S,1,6,2023,23,Verão,1,0,0,0,0,0,0,0,0,1,0,0,0
POR419,S - Algés ,2023-11-01,Dia de Todos os Santos,S,1,11,2023,44,Outono,1,0,0,0,0,0,0,0,1,0,0,1,0
POR419,S - Algés ,2023-05-01,Dia do Trabalhador,S,1,5,2023,18,Primavera,1,0,0,1,0,0,0,0,0,0,1,0,0
POR419,S - Algés ,2022-06-07,Feriado Municipal de Oeiras,S,1,6,2022,23,Verão,1,0,0,0,0,0,0,0,0,1,0,0,0
POR419,S - Algés ,2023-10-05,Implantação da República,S,1,10,2023,40,Outono,1,0,0,0,0,0,0,0,0,0,0,1,0
POR419,S - Algés ,2023-12-25,Natal,S,0,12,2023,52,Inverno,1,0,0,0,1,0,0,0,0,0,0,0,1
POR419,S - Algés ,2024-03-31,Páscoa,N,1,3,2024,13,Primavera,1,0,0,0,0,1,0,0,0,0,1,0,0
POR419,S - Algés ,2023-04-09,Páscoa,N,1,4,2023,14,Primavera,0,0,0,0,0,1,0,0,0,0,1,0,0
POR419,S - Algés ,2023-12-01,Restauração da Independência,S,1,12,2023,48,Inverno,1,0,0,0,0,0,0,0,0,0,0,0,1
POR419,S - Algés ,2024-03-29,Sexta-feira Santa,N,1,3,2024,13,Primavera,1,0,0,0,0,0,1,0,0,0,1,0,0
POR419,S - Algés ,2023-04-07,Sexta-feira Santa,N,1,4,2023,14,Primavera,0,0,0,0,0,0,1,0,0,0,1,0,0
POR420,S - Bobadela,2024-01-01,Ano Novo,S,1,1,2024,1,Inverno,1,1,0,0,0,0,0,0,0,0,0,0,1
POR420,S - Bobadela,2023-01-01,Ano Novo,S,1,1,2023,52,Inverno,0,1,0,0,0,0,0,0,0,0,0,0,1
POR420,S - Bobadela,2022-01-01,Ano Novo,S,1,1,2022,52,Inverno,0,1,0,0,0,0,0,0,0,0,0,0,1
POR420,S - Bobadela,2021-01-01,Ano Novo,S,1,1,2021,53,Inverno,0,1,0,0,0,0,0,0,0,0,0,0,1
POR420,S - Bobadela,2020-01-01,Ano Novo,S,1,1,2020,1,Inverno,0,1,0,0,0,0,0,0,0,0,0,0,1
POR420,S - Bobadela,2023-08-15,Assunção de Maria,S,1,8,2023,33,Verão,1,0,0,0,0,0,0,0,0,1,0,0,0
POR420,S - Bobadela,2024-02-13,Carnaval,N,1,2,2024,7,Inverno,1,0,1,0,0,0,0,0,0,0,0,0,1
POR420,S - Bobadela,2023-02-21,Carnaval,N,1,2,2023,8,Inverno,0,0,1,0,0,0,0,0,0,0,0,0,1
POR420,S - Bobadela,2023-06-08,Corpo de Deus,S,1,6,2023,23,Verão,1,0,0,0,0,0,0,0,0,1,0,0,0
POR420,S - Bobadela,2023-12-08,Dia da Imaculada Conceição,S,1,12,2023,49,Inverno,1,0,0,0,0,0,0,0,0,0,0,0,1
POR420,S - Bobadela,2023-04-25,Dia da Liberdade,S,1,4,2023,17,Primavera,1,0,0,0,0,0,0,0,0,0,1,0,0
POR420,S - Bobadela,2023-06-10,Dia de Portugal,S,1,6,2023,23,Verão,1,0,0,0,0,0,0,0,0,1,0,0,0
POR420,S - Bobadela,2023-11-01,Dia de Todos os Santos,S,1,11,2023,44,Outono,1,0,0,0,0,0,0,0,1,0,0,1,0
POR420,S - Bobadela,2023-05-01,Dia do Trabalhador,S,1,5,2023,18,Primavera,1,0,0,1,0,0,0,0,0,0,1,0,0
POR420,S - Bobadela,2024-07-26,Feriado Municipal de Loures,S,1,7,2024,30,Verão,1,0,0,0,0,0,0,0,0,1,0,0,0
POR420,S - Bobadela,2023-07-26,Feriado Municipal de Loures,S,1,7,2023,30,Verão,0,0,0,0,0,0,0,0,0,1,0,0,0
POR420,S - Bobadela,2022-07-26,Feriado Municipal de Loures,S,1,7,2022,30,Verão,0,0,0,0,0,0,0,0,0,1,0,0,0
POR420,S - Bobadela,2021-07-26,Feriado Municipal de Loures,S,1,7,2021,30,Verão,0,0,0,0,0,0,0,0,0,1,0,0,0
POR420,S - Bobadela,2020-07-26,Feriado Municipal de Loures,S,1,7,2020,30,Verão,0,0,0,0,0,0,0,0,0,1,0,0,0
POR420,S - Bobadela,2023-10-05,Implantação da República,S,1,10,2023,40,Outono,1,0,0,0,0,0,0,0,0,0,0,1,0
POR420,S - Bobadela,2023-12-25,Natal,S,0,12,2023,52,Inverno,1,0,0,0,1,0,0,0,0,0,0,0,1
POR420,S - Bobadela,2024-03-31,Páscoa,N,1,3,2024,13,Primavera,1,0,0,0,0,1,0,0,0,0,1,0,0
POR420,S - Bobadela,2023-04-09,Páscoa,N,1,4,2023,14,Primavera,0,0,0,0,0,1,0,0,0,0,1,0,0
POR420,S - Bobadela,2023-12-01,Restauração da Independência,S,1,12,2023,48,Inverno,1,0,0,0,0,0,0,0,0,0,0,0,1
POR420,S - Bobadela,2024-03-29,Sexta-feira Santa,N,1,3,2024,13,Primavera,1,0,0,0,0,0,1,0,0,0,1,0,0
POR420,S - Bobadela,2023-04-07,Sexta-feira Santa,N,1,4,2023,14,Primavera,0,0,0,0,0,0,1,0,0,0,1,0,0
POR421,S - Almirante Reis II,2024-01-01,Ano Novo,S,1,1,2024,1,Inverno,1,1,0,0,0,0,0,0,0,0,0,0,1
POR421,S - Almirante Reis II,2023-01-01,Ano Novo,S,1,1,2023,52,Inverno,0,1,0,0,0,0,0,0,0,0,0,0,1
POR421,S - Almirante Reis II,2022-01-01,Ano Novo,S,1,1,2022,52,Inverno,0,1,0,0,0,0,0,0,0,0,0,0,1
POR421,S - Almirante Reis II,2021-01-01,Ano Novo,S,1,1,2021,53,Inverno,0,1,0,0,0,0,0,0,0,0,0,0,1
POR421,S - Almirante Reis II,2020-01-01,Ano Novo,S,1,1,2020,1,Inverno,0,1,0,0,0,0,0,0,0,0,0,0,1
POR421,S - Almirante Reis II,2023-08-15,Assunção de Maria,S,1,8,2023,33,Verão,1,0,0,0,0,0,0,0,0,1,0,0,0
POR421,S - Almirante Reis II,2024-02-13,Carnaval,N,1,2,2024,7,Inverno,1,0,1,0,0,0,0,0,0,0,0,0,1
POR421,S - Almirante Reis II,2023-02-21,Carnaval,N,1,2,2023,8,Inverno,0,0,1,0,0,0,0,0,0,0,0,0,1
POR421,S - Almirante Reis II,2023-06-08,Corpo de Deus,S,1,6,2023,23,Verão,1,0,0,0,0,0,0,0,0,1,0,0,0
POR421,S - Almirante Reis II,2023-12-08,Dia da Imaculada Conceição,S,1,12,2023,49,Inverno,1,0,0,0,0,0,0,0,0,0,0,0,1
POR421,S - Almirante Reis II,2023-04-25,Dia da Liberdade,S,1,4,2023,17,Primavera,1,0,0,0,0,0,0,0,0,0,1,0,0
POR421,S - Almirante Reis II,2023-06-10,Dia de Portugal,S,1,6,2023,23,Verão,1,0,0,0,0,0,0,0,0,1,0,0,0
POR421,S - Almirante Reis II,2023-11-01,Dia de Todos os Santos,S,1,11,2023,44,Outono,1,0,0,0,0,0,0,0,1,0,0,1,0
POR421,S - Almirante Reis II,2023-05-01,Dia do Trabalhador,S,1,5,2023,18,Primavera,1,0,0,1,0,0,0,0,0,0,1,0,0
POR421,S - Almirante Reis II,2022-06-13,Feriado Municipal de Lisboa,S,1,6,2022,24,Verão,1,0,0,0,0,0,0,0,0,1,0,0,0
POR421,S - Almirante Reis II,2023-10-05,Implantação da República,S,1,10,2023,40,Outono,1,0,0,0,0,0,0,0,0,0,0,1,0
POR421,S - Almirante Reis II,2023-12-25,Natal,S,0,12,2023,52,Inverno,1,0,0,0,1,0,0,0,0,0,0,0,1
POR421,S - Almirante Reis II,2024-03-31,Páscoa,N,1,3,2024,13,Primavera,1,0,0,0,0,1,0,0,0,0,1,0,0
POR421,S - Almirante Reis II,2023-04-09,Páscoa,N,1,4,2023,14,Primavera,0,0,0,0,0,1,0,0,0,0,1,0,0
POR421,S - Almirante Reis II,2023-12-01,Restauração da Independência,S,1,12,2023,48,Inverno,1,0,0,0,0,0,0,0,0,0,0,0,1
POR421,S - Almirante Reis II,2024-03-29,Sexta-feira Santa,N,1,3,2024,13,Primavera,1,0,0,0,0,0,1,0,0,0,1,0,0
POR421,S - Almirante Reis II,2023-04-07,Sexta-feira Santa,N,1,4,2023,14,Primavera,0,0,0,0,0,0,1,0,0,0,1,0,0
POR422,S - Benificiencia,2024-01-01,Ano Novo,S,1,1,2024,1,Inverno,1,1,0,0,0,0,0,0,0,0,0,0,1
POR422,S - Benificiencia,2023-01-01,Ano Novo,S,1,1,2023,52,Inverno,0,1,0,0,0,0,0,0,0,0,0,0,1
POR422,S - Benificiencia,2022-01-01,Ano Novo,S,1,1,2022,52,Inverno,0,1,0,0,0,0,0,0,0,0,0,0,1
POR422,S - Benificiencia,2021-01-01,Ano Novo,S,1,1,2021,53,Inverno,0,1,0,0,0,0,0,0,0,0,0,0,1
POR422,S - Benificiencia,2020-01-01,Ano Novo,S,1,1,2020,1,Inverno,0,1,0,0,0,0,0,0,0,0,0,0,1
POR422,S - Benificiencia,2023-08-15,Assunção de Maria,S,1,8,2023,33,Verão,1,0,0,0,0,0,0,0,0,1,0,0,0
POR422,S - Benificiencia,2024-02-13,Carnaval,N,1,2,2024,7,Inverno,1,0,1,0,0,0,0,0,0,0,0,0,1
POR422,S - Benificiencia,2023-02-21,Carnaval,N,1,2,2023,8,Inverno,0,0,1,0,0,0,0,0,0,0,0,0,1
POR422,S - Benificiencia,2023-06-08,Corpo de Deus,S,1,6,2023,23,Verão,1,0,0,0,0,0,0,0,0,1,0,0,0
POR422,S - Benificiencia,2023-12-08,Dia da Imaculada Conceição,S,1,12,2023,49,Inverno,1,0,0,0,0,0,0,0,0,0,0,0,1
POR422,S - Benificiencia,2023-04-25,Dia da Liberdade,S,1,4,2023,17,Primavera,1,0,0,0,0,0,0,0,0,0,1,0,0
POR422,S - Benificiencia,2023-06-10,Dia de Portugal,S,1,6,2023,23,Verão,1,0,0,0,0,0,0,0,0,1,0,0,0
POR422,S - Benificiencia,2023-11-01,Dia de Todos os Santos,S,1,11,2023,44,Outono,1,0,0,0,0,0,0,0,1,0,0,1,0
POR422,S - Benificiencia,2023-05-01,Dia do Trabalhador,S,1,5,2023,18,Primavera,1,0,0,1,0,0,0,0,0,0,1,0,0
POR422,S - Benificiencia,2022-06-13,Feriado Municipal de Lisboa,S,1,6,2022,24,Verão,1,0,0,0,0,0,0,0,0,1,0,0,0
POR422,S - Benificiencia,2023-10-05,Implantação da República,S,1,10,2023,40,Outono,1,0,0,0,0,0,0,0,0,0,0,1,0
POR422,S - Benificiencia,2023-12-25,Natal,S,0,12,2023,52,Inverno,1,0,0,0,1,0,0,0,0,0,0,0,1
POR422,S - Benificiencia,2024-03-31,Páscoa,N,1,3,2024,13,Primavera,1,0,0,0,0,1,0,0,0,0,1,0,0
POR422,S - Benificiencia,2023-04-09,Páscoa,N,1,4,2023,14,Primavera,0,0,0,0,0,1,0,0,0,0,1,0,0
POR422,S - Benificiencia,2023-12-01,Restauração da Independência,S,1,12,2023,48,Inverno,1,0,0,0,0,0,0,0,0,0,0,0,1
POR422,S - Benificiencia,2024-03-29,Sexta-feira Santa,N,1,3,2024,13,Primavera,1,0,0,0,0,0,1,0,0,0,1,0,0
POR422,S - Benificiencia,2023-04-07,Sexta-feira Santa,N,1,4,2023,14,Primavera,0,0,0,0,0,0,1,0,0,0,1,0,0
POR423,S - Bento Gonçalves,2024-01-01,Ano Novo,S,1,1,2024,1,Inverno,1,1,0,0,0,0,0,0,0,0,0,0,1
POR423,S - Bento Gonçalves,2023-01-01,Ano Novo,S,1,1,2023,52,Inverno,0,1,0,0,0,0,0,0,0,0,0,0,1
POR423,S - Bento Gonçalves,2022-01-01,Ano Novo,S,1,1,2022,52,Inverno,0,1,0,0,0,0,0,0,0,0,0,0,1
POR423,S - Bento Gonçalves,2021-01-01,Ano Novo,S,1,1,2021,53,Inverno,0,1,0,0,0,0,0,0,0,0,0,0,1
POR423,S - Bento Gonçalves,2020-01-01,Ano Novo,S,1,1,2020,1,Inverno,0,1,0,0,0,0,0,0,0,0,0,0,1
POR423,S - Bento Gonçalves,2023-08-15,Assunção de Maria,S,1,8,2023,33,Verão,1,0,0,0,0,0,0,0,0,1,0,0,0
POR423,S - Bento Gonçalves,2022-08-15,Assunção de Maria,N,1,8,2022,33,Verão,0,0,0,0,0,0,0,0,0,1,0,0,0
POR423,S - Bento Gonçalves,2024-02-13,Carnaval,N,1,2,2024,7,Inverno,1,0,1,0,0,0,0,0,0,0,0,0,1
POR423,S - Bento Gonçalves,2023-02-21,Carnaval,N,1,2,2023,8,Inverno,0,0,1,0,0,0,0,0,0,0,0,0,1
POR423,S - Bento Gonçalves,2022-03-01,Carnaval,N,1,3,2022,9,Primavera,0,0,1,0,0,0,0,0,0,0,1,0,0
POR423,S - Bento Gonçalves,2023-06-08,Corpo de Deus,S,1,6,2023,23,Verão,1,0,0,0,0,0,0,0,0,1,0,0,0
POR423,S - Bento Gonçalves,2022-06-16,Corpo de Deus,N,1,6,2022,24,Verão,0,0,0,0,0,0,0,0,0,1,0,0,0
POR423,S - Bento Gonçalves,2023-12-08,Dia da Imaculada Conceição,S,1,12,2023,49,Inverno,1,0,0,0,0,0,0,0,0,0,0,0,1
POR423,S - Bento Gonçalves,2022-12-08,Dia da Imaculada Conceição,N,1,12,2022,49,Inverno,0,0,0,0,0,0,0,0,0,0,0,0,1
POR423,S - Bento Gonçalves,2023-04-25,Dia da Liberdade,S,1,4,2023,17,Primavera,1,0,0,0,0,0,0,0,0,0,1,0,0
POR423,S - Bento Gonçalves,2022-04-25,Dia da Liberdade,N,1,4,2022,17,Primavera,0,0,0,0,0,0,0,0,0,0,1,0,0
POR423,S - Bento Gonçalves,2023-06-10,Dia de Portugal,S,1,6,2023,23,Verão,1,0,0,0,0,0,0,0,0,1,0,0,0
POR423,S - Bento Gonçalves,2022-06-10,Dia de Portugal,N,1,6,2022,23,Verão,0,0,0,0,0,0,0,0,0,1,0,0,0
POR423,S - Bento Gonçalves,2023-11-01,Dia de Todos os Santos,S,1,11,2023,44,Outono,1,0,0,0,0,0,0,0,1,0,0,1,0
POR423,S - Bento Gonçalves,2022-11-01,Dia de Todos os Santos,N,1,11,2022,44,Outono,0,0,0,0,0,0,0,0,1,0,0,1,0
POR423,S - Bento Gonçalves,2023-05-01,Dia do Trabalhador,S,1,5,2023,18,Primavera,1,0,0,1,0,0,0,0,0,0,1,0,0
POR423,S - Bento Gonçalves,2022-05-01,Dia do Trabalhador,N,1,5,2022,17,Primavera,0,0,0,1,0,0,0,0,0,0,1,0,0
POR423,S - Bento Gonçalves,2023-06-24,Feriado Municipal de Almada,S,1,6,2023,25,Verão,1,0,0,0,0,0,0,0,0,1,0,0,0
POR423,S - Bento Gonçalves,2022-06-24,Feriado Municipal do Porto,N,1,6,2022,25,Verão,1,0,0,0,0,0,0,0,0,1,0,0,0
POR423,S - Bento Gonçalves,2023-10-05,Implantação da República,S,1,10,2023,40,Outono,1,0,0,0,0,0,0,0,0,0,0,1,0
POR423,S - Bento Gonçalves,2022-10-05,Implantação da República,N,1,10,2022,40,Outono,0,0,0,0,0,0,0,0,0,0,0,1,0
POR423,S - Bento Gonçalves,2023-12-25,Natal,S,0,12,2023,52,Inverno,1,0,0,0,1,0,0,0,0,0,0,0,1
POR423,S - Bento Gonçalves,2024-03-31,Páscoa,N,1,3,2024,13,Primavera,1,0,0,0,0,1,0,0,0,0,1,0,0
POR423,S - Bento Gonçalves,2023-04-09,Páscoa,N,1,4,2023,14,Primavera,0,0,0,0,0,1,0,0,0,0,1,0,0
POR423,S - Bento Gonçalves,2022-04-17,Páscoa,N,1,4,2022,15,Primavera,0,0,0,0,0,1,0,0,0,0,1,0,0
POR423,S - Bento Gonçalves,2023-12-01,Restauração da Independência,S,1,12,2023,48,Inverno,1,0,0,0,0,0,0,0,0,0,0,0,1
POR423,S - Bento Gonçalves,2022-12-01,Restauração da Independência,N,1,12,2022,48,Inverno,0,0,0,0,0,0,0,0,0,0,0,0,1
POR423,S - Bento Gonçalves,2024-03-29,Sexta-feira Santa,N,1,3,2024,13,Primavera,1,0,0,0,0,0,1,0,0,0,1,0,0
POR423,S - Bento Gonçalves,2023-04-07,Sexta-feira Santa,N,1,4,2023,14,Primavera,0,0,0,0,0,0,1,0,0,0,1,0,0
POR423,S - Bento Gonçalves,2022-04-15,Sexta-feira Santa,N,1,4,2022,15,Primavera,0,0,0,0,0,0,1,0,0,0,1,0,0
POR424,S - Lumiar,2024-01-01,Ano Novo,S,1,1,2024,1,Inverno,1,1,0,0,0,0,0,0,0,0,0,0,1
POR424,S - Lumiar,2023-01-01,Ano Novo,S,1,1,2023,52,Inverno,0,1,0,0,0,0,0,0,0,0,0,0,1
POR424,S - Lumiar,2022-01-01,Ano Novo,S,1,1,2022,52,Inverno,0,1,0,0,0,0,0,0,0,0,0,0,1
POR424,S - Lumiar,2021-01-01,Ano Novo,S,1,1,2021,53,Inverno,0,1,0,0,0,0,0,0,0,0,0,0,1
POR424,S - Lumiar,2020-01-01,Ano Novo,S,1,1,2020,1,Inverno,0,1,0,0,0,0,0,0,0,0,0,0,1
POR424,S - Lumiar,2023-08-15,Assunção de Maria,S,1,8,2023,33,Verão,1,0,0,0,0,0,0,0,0,1,0,0,0
POR424,S - Lumiar,2024-02-13,Carnaval,N,1,2,2024,7,Inverno,1,0,1,0,0,0,0,0,0,0,0,0,1
POR424,S - Lumiar,2023-02-21,Carnaval,N,1,2,2023,8,Inverno,0,0,1,0,0,0,0,0,0,0,0,0,1
POR424,S - Lumiar,2023-06-08,Corpo de Deus,S,1,6,2023,23,Verão,1,0,0,0,0,0,0,0,0,1,0,0,0
POR424,S - Lumiar,2023-12-08,Dia da Imaculada Conceição,S,1,12,2023,49,Inverno,1,0,0,0,0,0,0,0,0,0,0,0,1
POR424,S - Lumiar,2023-04-25,Dia da Liberdade,S,1,4,2023,17,Primavera,1,0,0,0,0,0,0,0,0,0,1,0,0
POR424,S - Lumiar,2023-06-10,Dia de Portugal,S,1,6,2023,23,Verão,1,0,0,0,0,0,0,0,0,1,0,0,0
POR424,S - Lumiar,2023-11-01,Dia de Todos os Santos,S,1,11,2023,44,Outono,1,0,0,0,0,0,0,0,1,0,0,1,0
POR424,S - Lumiar,2023-05-01,Dia do Trabalhador,S,1,5,2023,18,Primavera,1,0,0,1,0,0,0,0,0,0,1,0,0
POR424,S - Lumiar,2022-06-13,Feriado Municipal de Lisboa,S,1,6,2022,24,Verão,1,0,0,0,0,0,0,0,0,1,0,0,0
POR424,S - Lumiar,2023-10-05,Implantação da República,S,1,10,2023,40,Outono,1,0,0,0,0,0,0,0,0,0,0,1,0
POR424,S - Lumiar,2023-12-25,Natal,S,0,12,2023,52,Inverno,1,0,0,0,1,0,0,0,0,0,0,0,1
POR424,S - Lumiar,2024-03-31,Páscoa,N,1,3,2024,13,Primavera,1,0,0,0,0,1,0,0,0,0,1,0,0
POR424,S - Lumiar,2023-04-09,Páscoa,N,1,4,2023,14,Primavera,0,0,0,0,0,1,0,0,0,0,1,0,0
POR424,S - Lumiar,2023-12-01,Restauração da Independência,S,1,12,2023,48,Inverno,1,0,0,0,0,0,0,0,0,0,0,0,1
POR424,S - Lumiar,2024-03-29,Sexta-feira Santa,N,1,3,2024,13,Primavera,1,0,0,0,0,0,1,0,0,0,1,0,0
POR424,S - Lumiar,2023-04-07,Sexta-feira Santa,N,1,4,2023,14,Primavera,0,0,0,0,0,0,1,0,0,0,1,0,0
POR425,S - R.Luis Queiroz,2024-01-01,Ano Novo,S,1,1,2024,1,Inverno,1,1,0,0,0,0,0,0,0,0,0,0,1
POR425,S - R.Luis Queiroz,2023-01-01,Ano Novo,S,1,1,2023,52,Inverno,0,1,0,0,0,0,0,0,0,0,0,0,1
POR425,S - R.Luis Queiroz,2022-01-01,Ano Novo,S,1,1,2022,52,Inverno,0,1,0,0,0,0,0,0,0,0,0,0,1
POR425,S - R.Luis Queiroz,2021-01-01,Ano Novo,S,1,1,2021,53,Inverno,0,1,0,0,0,0,0,0,0,0,0,0,1
POR425,S - R.Luis Queiroz,2020-01-01,Ano Novo,S,1,1,2020,1,Inverno,0,1,0,0,0,0,0,0,0,0,0,0,1
POR425,S - R.Luis Queiroz,2023-08-15,Assunção de Maria,S,1,8,2023,33,Verão,1,0,0,0,0,0,0,0,0,1,0,0,0
POR425,S - R.Luis Queiroz,2022-08-15,Assunção de Maria,N,1,8,2022,33,Verão,0,0,0,0,0,0,0,0,0,1,0,0,0
POR425,S - R.Luis Queiroz,2024-02-13,Carnaval,N,1,2,2024,7,Inverno,1,0,1,0,0,0,0,0,0,0,0,0,1
POR425,S - R.Luis Queiroz,2023-02-21,Carnaval,N,1,2,2023,8,Inverno,0,0,1,0,0,0,0,0,0,0,0,0,1
POR425,S - R.Luis Queiroz,2022-03-01,Carnaval,N,1,3,2022,9,Primavera,0,0,1,0,0,0,0,0,0,0,1,0,0
POR425,S - R.Luis Queiroz,2023-06-08,Corpo de Deus,S,1,6,2023,23,Verão,1,0,0,0,0,0,0,0,0,1,0,0,0
POR425,S - R.Luis Queiroz,2022-06-16,Corpo de Deus,N,1,6,2022,24,Verão,0,0,0,0,0,0,0,0,0,1,0,0,0
POR425,S - R.Luis Queiroz,2023-12-08,Dia da Imaculada Conceição,S,1,12,2023,49,Inverno,1,0,0,0,0,0,0,0,0,0,0,0,1
POR425,S - R.Luis Queiroz,2022-12-08,Dia da Imaculada Conceição,N,1,12,2022,49,Inverno,0,0,0,0,0,0,0,0,0,0,0,0,1
POR425,S - R.Luis Queiroz,2023-04-25,Dia da Liberdade,S,1,4,2023,17,Primavera,1,0,0,0,0,0,0,0,0,0,1,0,0
POR425,S - R.Luis Queiroz,2022-04-25,Dia da Liberdade,N,1,4,2022,17,Primavera,0,0,0,0,0,0,0,0,0,0,1,0,0
POR425,S - R.Luis Queiroz,2023-06-10,Dia de Portugal,S,1,6,2023,23,Verão,1,0,0,0,0,0,0,0,0,1,0,0,0
POR425,S - R.Luis Queiroz,2022-06-10,Dia de Portugal,N,1,6,2022,23,Verão,0,0,0,0,0,0,0,0,0,1,0,0,0
POR425,S - R.Luis Queiroz,2023-11-01,Dia de Todos os Santos,S,1,11,2023,44,Outono,1,0,0,0,0,0,0,0,1,0,0,1,0
POR425,S - R.Luis Queiroz,2022-11-01,Dia de Todos os Santos,N,1,11,2022,44,Outono,0,0,0,0,0,0,0,0,1,0,0,1,0
POR425,S - R.Luis Queiroz,2023-05-01,Dia do Trabalhador,S,1,5,2023,18,Primavera,1,0,0,1,0,0,0,0,0,0,1,0,0
POR425,S - R.Luis Queiroz,2022-05-01,Dia do Trabalhador,N,1,5,2022,17,Primavera,0,0,0,1,0,0,0,0,0,0,1,0,0
POR425,S - R.Luis Queiroz,2023-06-24,Feriado Municipal de Almada,S,1,6,2023,25,Verão,1,0,0,0,0,0,0,0,0,1,0,0,0
POR425,S - R.Luis Queiroz,2022-06-24,Feriado Municipal do Porto,N,1,6,2022,25,Verão,1,0,0,0,0,0,0,0,0,1,0,0,0
POR425,S - R.Luis Queiroz,2023-10-05,Implantação da República,S,1,10,2023,40,Outono,1,0,0,0,0,0,0,0,0,0,0,1,0
POR425,S - R.Luis Queiroz,2022-10-05,Implantação da República,N,1,10,2022,40,Outono,0,0,0,0,0,0,0,0,0,0,0,1,0
POR425,S - R.Luis Queiroz,2024-12-25,Natal,S,1,12,2024,52,Inverno,1,0,0,0,1,0,0,0,0,0,0,0,1
POR425,S - R.Luis Queiroz,2023-12-25,Natal,S,1,12,2023,52,Inverno,0,0,0,0,1,0,0,0,0,0,0,0,1
POR425,S - R.Luis Queiroz,2022-12-25,Natal,S,1,12,2022,51,Inverno,0,0,0,0,1,0,0,0,0,0,0,0,1
POR425,S - R.Luis Queiroz,2021-12-25,Natal,S,1,12,2021,51,Inverno,0,0,0,0,1,0,0,0,0,0,0,0,1
POR425,S - R.Luis Queiroz,2020-12-25,Natal,S,1,12,2020,52,Inverno,0,0,0,0,1,0,0,0,0,0,0,0,1
POR425,S - R.Luis Queiroz,2024-03-31,Páscoa,N,1,3,2024,13,Primavera,1,0,0,0,0,1,0,0,0,0,1,0,0
POR425,S - R.Luis Queiroz,2023-04-09,Páscoa,N,1,4,2023,14,Primavera,0,0,0,0,0,1,0,0,0,0,1,0,0
POR425,S - R.Luis Queiroz,2022-04-17,Páscoa,N,1,4,2022,15,Primavera,0,0,0,0,0,1,0,0,0,0,1,0,0
POR425,S - R.Luis Queiroz,2023-12-01,Restauração da Independência,S,1,12,2023,48,Inverno,1,0,0,0,0,0,0,0,0,0,0,0,1
POR425,S - R.Luis Queiroz,2022-12-01,Restauração da Independência,N,1,12,2022,48,Inverno,0,0,0,0,0,0,0,0,0,0,0,0,1
POR425,S - R.Luis Queiroz,2024-03-29,Sexta-feira Santa,N,1,3,2024,13,Primavera,1,0,0,0,0,0,1,0,0,0,1,0,0
POR425,S - R.Luis Queiroz,2023-04-07,Sexta-feira Santa,N,1,4,2023,14,Primavera,0,0,0,0,0,0,1,0,0,0,1,0,0
POR425,S - R.Luis Queiroz,2022-04-15,Sexta-feira Santa,N,1,4,2022,15,Primavera,0,0,0,0,0,0,1,0,0,0,1,0,0
POR427,S - Estrada de Benfica,2024-01-01,Ano Novo,S,1,1,2024,1,Inverno,1,1,0,0,0,0,0,0,0,0,0,0,1
POR427,S - Estrada de Benfica,2023-01-01,Ano Novo,S,1,1,2023,52,Inverno,0,1,0,0,0,0,0,0,0,0,0,0,1
POR427,S - Estrada de Benfica,2022-01-01,Ano Novo,S,1,1,2022,52,Inverno,0,1,0,0,0,0,0,0,0,0,0,0,1
POR427,S - Estrada de Benfica,2021-01-01,Ano Novo,S,1,1,2021,53,Inverno,0,1,0,0,0,0,0,0,0,0,0,0,1
POR427,S - Estrada de Benfica,2020-01-01,Ano Novo,S,1,1,2020,1,Inverno,0,1,0,0,0,0,0,0,0,0,0,0,1
POR427,S - Estrada de Benfica,2023-08-15,Assunção de Maria,S,1,8,2023,33,Verão,1,0,0,0,0,0,0,0,0,1,0,0,0
POR427,S - Estrada de Benfica,2024-02-13,Carnaval,N,1,2,2024,7,Inverno,1,0,1,0,0,0,0,0,0,0,0,0,1
POR427,S - Estrada de Benfica,2023-02-21,Carnaval,N,1,2,2023,8,Inverno,0,0,1,0,0,0,0,0,0,0,0,0,1
POR427,S - Estrada de Benfica,2023-06-08,Corpo de Deus,S,1,6,2023,23,Verão,1,0,0,0,0,0,0,0,0,1,0,0,0
POR427,S - Estrada de Benfica,2023-12-08,Dia da Imaculada Conceição,S,1,12,2023,49,Inverno,1,0,0,0,0,0,0,0,0,0,0,0,1
POR427,S - Estrada de Benfica,2023-04-25,Dia da Liberdade,S,1,4,2023,17,Primavera,1,0,0,0,0,0,0,0,0,0,1,0,0
POR427,S - Estrada de Benfica,2023-06-10,Dia de Portugal,S,1,6,2023,23,Verão,1,0,0,0,0,0,0,0,0,1,0,0,0
POR427,S - Estrada de Benfica,2023-11-01,Dia de Todos os Santos,S,1,11,2023,44,Outono,1,0,0,0,0,0,0,0,1,0,0,1,0
POR427,S - Estrada de Benfica,2023-05-01,Dia do Trabalhador,S,1,5,2023,18,Primavera,1,0,0,1,0,0,0,0,0,0,1,0,0
POR427,S - Estrada de Benfica,2022-06-13,Feriado Municipal de Lisboa,S,1,6,2022,24,Verão,1,0,0,0,0,0,0,0,0,1,0,0,0
POR427,S - Estrada de Benfica,2023-10-05,Implantação da República,S,1,10,2023,40,Outono,1,0,0,0,0,0,0,0,0,0,0,1,0
POR427,S - Estrada de Benfica,2024-12-25,Natal,S,1,12,2024,52,Inverno,1,0,0,0,1,0,0,0,0,0,0,0,1
POR427,S - Estrada de Benfica,2023-12-25,Natal,S,1,12,2023,52,Inverno,0,0,0,0,1,0,0,0,0,0,0,0,1
POR427,S - Estrada de Benfica,2022-12-25,Natal,S,1,12,2022,51,Inverno,0,0,0,0,1,0,0,0,0,0,0,0,1
POR427,S - Estrada de Benfica,2021-12-25,Natal,S,1,12,2021,51,Inverno,0,0,0,0,1,0,0,0,0,0,0,0,1
POR427,S - Estrada de Benfica,2020-12-25,Natal,S,1,12,2020,52,Inverno,0,0,0,0,1,0,0,0,0,0,0,0,1
POR427,S - Estrada de Benfica,2024-03-31,Páscoa,N,1,3,2024,13,Primavera,1,0,0,0,0,1,0,0,0,0,1,0,0
POR427,S - Estrada de Benfica,2023-04-09,Páscoa,N,1,4,2023,14,Primavera,0,0,0,0,0,1,0,0,0,0,1,0,0
POR427,S - Estrada de Benfica,2023-12-01,Restauração da Independência,S,1,12,2023,48,Inverno,1,0,0,0,0,0,0,0,0,0,0,0,1
POR427,S - Estrada de Benfica,2024-03-29,Sexta-feira Santa,N,1,3,2024,13,Primavera,1,0,0,0,0,0,1,0,0,0,1,0,0
POR427,S - Estrada de Benfica,2023-04-07,Sexta-feira Santa,N,1,4,2023,14,Primavera,0,0,0,0,0,0,1,0,0,0,1,0,0
POR429,S - Carnide,2024-01-01,Ano Novo,S,1,1,2024,1,Inverno,1,1,0,0,0,0,0,0,0,0,0,0,1
POR429,S - Carnide,2023-01-01,Ano Novo,S,1,1,2023,52,Inverno,0,1,0,0,0,0,0,0,0,0,0,0,1
POR429,S - Carnide,2022-01-01,Ano Novo,S,1,1,2022,52,Inverno,0,1,0,0,0,0,0,0,0,0,0,0,1
POR429,S - Carnide,2021-01-01,Ano Novo,S,1,1,2021,53,Inverno,0,1,0,0,0,0,0,0,0,0,0,0,1
POR429,S - Carnide,2020-01-01,Ano Novo,S,1,1,2020,1,Inverno,0,1,0,0,0,0,0,0,0,0,0,0,1
POR429,S - Carnide,2023-08-15,Assunção de Maria,S,1,8,2023,33,Verão,1,0,0,0,0,0,0,0,0,1,0,0,0
POR429,S - Carnide,2024-02-13,Carnaval,N,1,2,2024,7,Inverno,1,0,1,0,0,0,0,0,0,0,0,0,1
POR429,S - Carnide,2023-02-21,Carnaval,N,1,2,2023,8,Inverno,0,0,1,0,0,0,0,0,0,0,0,0,1
POR429,S - Carnide,2023-06-08,Corpo de Deus,S,1,6,2023,23,Verão,1,0,0,0,0,0,0,0,0,1,0,0,0
POR429,S - Carnide,2023-12-08,Dia da Imaculada Conceição,S,1,12,2023,49,Inverno,1,0,0,0,0,0,0,0,0,0,0,0,1
POR429,S - Carnide,2023-04-25,Dia da Liberdade,S,1,4,2023,17,Primavera,1,0,0,0,0,0,0,0,0,0,1,0,0
POR429,S - Carnide,2023-06-10,Dia de Portugal,S,1,6,2023,23,Verão,1,0,0,0,0,0,0,0,0,1,0,0,0
POR429,S - Carnide,2023-11-01,Dia de Todos os Santos,S,1,11,2023,44,Outono,1,0,0,0,0,0,0,0,1,0,0,1,0
POR429,S - Carnide,2023-05-01,Dia do Trabalhador,S,1,5,2023,18,Primavera,1,0,0,1,0,0,0,0,0,0,1,0,0
POR429,S - Carnide,2022-06-13,Feriado Municipal de Lisboa,S,1,6,2022,24,Verão,1,0,0,0,0,0,0,0,0,1,0,0,0
POR429,S - Carnide,2023-10-05,Implantação da República,S,1,10,2023,40,Outono,1,0,0,0,0,0,0,0,0,0,0,1,0
POR429,S - Carnide,2023-12-25,Natal,S,0,12,2023,52,Inverno,1,0,0,0,1,0,0,0,0,0,0,0,1
POR429,S - Carnide,2024-03-31,Páscoa,N,1,3,2024,13,Primavera,1,0,0,0,0,1,0,0,0,0,1,0,0
POR429,S - Carnide,2023-04-09,Páscoa,N,1,4,2023,14,Primavera,0,0,0,0,0,1,0,0,0,0,1,0,0
POR429,S - Carnide,2023-12-01,Restauração da Independência,S,1,12,2023,48,Inverno,1,0,0,0,0,0,0,0,0,0,0,0,1
POR429,S - Carnide,2024-03-29,Sexta-feira Santa,N,1,3,2024,13,Primavera,1,0,0,0,0,0,1,0,0,0,1,0,0
POR429,S - Carnide,2023-04-07,Sexta-feira Santa,N,1,4,2023,14,Primavera,0,0,0,0,0,0,1,0,0,0,1,0,0
POR430,S - Amadora,2024-01-01,Ano Novo,S,1,1,2024,1,Inverno,1,1,0,0,0,0,0,0,0,0,0,0,1
POR430,S - Amadora,2023-01-01,Ano Novo,S,1,1,2023,52,Inverno,0,1,0,0,0,0,0,0,0,0,0,0,1
POR430,S - Amadora,2022-01-01,Ano Novo,S,1,1,2022,52,Inverno,0,1,0,0,0,0,0,0,0,0,0,0,1
POR430,S - Amadora,2021-01-01,Ano Novo,S,1,1,2021,53,Inverno,0,1,0,0,0,0,0,0,0,0,0,0,1
POR430,S - Amadora,2020-01-01,Ano Novo,S,1,1,2020,1,Inverno,0,1,0,0,0,0,0,0,0,0,0,0,1
POR430,S - Amadora,2023-08-15,Assunção de Maria,S,1,8,2023,33,Verão,1,0,0,0,0,0,0,0,0,1,0,0,0
POR430,S - Amadora,2024-02-13,Carnaval,N,1,2,2024,7,Inverno,1,0,1,0,0,0,0,0,0,0,0,0,1
POR430,S - Amadora,2023-02-21,Carnaval,N,1,2,2023,8,Inverno,0,0,1,0,0,0,0,0,0,0,0,0,1
POR430,S - Amadora,2023-06-08,Corpo de Deus,S,1,6,2023,23,Verão,1,0,0,0,0,0,0,0,0,1,0,0,0
POR430,S - Amadora,2023-12-08,Dia da Imaculada Conceição,S,1,12,2023,49,Inverno,1,0,0,0,0,0,0,0,0,0,0,0,1
POR430,S - Amadora,2023-04-25,Dia da Liberdade,S,1,4,2023,17,Primavera,1,0,0,0,0,0,0,0,0,0,1,0,0
POR430,S - Amadora,2023-06-10,Dia de Portugal,S,1,6,2023,23,Verão,1,0,0,0,0,0,0,0,0,1,0,0,0
POR430,S - Amadora,2023-11-01,Dia de Todos os Santos,S,1,11,2023,44,Outono,1,0,0,0,0,0,0,0,1,0,0,1,0
POR430,S - Amadora,2023-05-01,Dia do Trabalhador,S,1,5,2023,18,Primavera,1,0,0,1,0,0,0,0,0,0,1,0,0
POR430,S - Amadora,2023-09-11,Feriado Municipal da Amadora,S,1,9,2023,37,Outono,1,0,0,0,0,0,0,0,0,0,0,1,0
POR430,S - Amadora,2023-10-05,Implantação da República,S,1,10,2023,40,Outono,1,0,0,0,0,0,0,0,0,0,0,1,0
POR430,S - Amadora,2023-12-25,Natal,S,0,12,2023,52,Inverno,1,0,0,0,1,0,0,0,0,0,0,0,1
POR430,S - Amadora,2024-03-31,Páscoa,N,1,3,2024,13,Primavera,1,0,0,0,0,1,0,0,0,0,1,0,0
POR430,S - Amadora,2023-04-09,Páscoa,N,1,4,2023,14,Primavera,0,0,0,0,0,1,0,0,0,0,1,0,0
POR430,S - Amadora,2023-12-01,Restauração da Independência,S,1,12,2023,48,Inverno,1,0,0,0,0,0,0,0,0,0,0,0,1
POR430,S - Amadora,2024-03-29,Sexta-feira Santa,N,1,3,2024,13,Primavera,1,0,0,0,0,0,1,0,0,0,1,0,0
POR430,S - Amadora,2023-04-07,Sexta-feira Santa,N,1,4,2023,14,Primavera,0,0,0,0,0,0,1,0,0,0,1,0,0
POR432,S - Costa Caparica (Navegantes),2024-01-01,Ano Novo,S,1,1,2024,1,Inverno,1,1,0,0,0,0,0,0,0,0,0,0,1
POR432,S - Costa Caparica (Navegantes),2023-01-01,Ano Novo,S,1,1,2023,52,Inverno,0,1,0,0,0,0,0,0,0,0,0,0,1
POR432,S - Costa Caparica (Navegantes),2022-01-01,Ano Novo,S,1,1,2022,52,Inverno,0,1,0,0,0,0,0,0,0,0,0,0,1
POR432,S - Costa Caparica (Navegantes),2021-01-01,Ano Novo,S,1,1,2021,53,Inverno,0,1,0,0,0,0,0,0,0,0,0,0,1
POR432,S - Costa Caparica (Navegantes),2020-01-01,Ano Novo,S,1,1,2020,1,Inverno,0,1,0,0,0,0,0,0,0,0,0,0,1
POR432,S - Costa Caparica (Navegantes),2023-08-15,Assunção de Maria,S,1,8,2023,33,Verão,1,0,0,0,0,0,0,0,0,1,0,0,0
POR432,S - Costa Caparica (Navegantes),2022-08-15,Assunção de Maria,N,1,8,2022,33,Verão,0,0,0,0,0,0,0,0,0,1,0,0,0
POR432,S - Costa Caparica (Navegantes),2024-02-13,Carnaval,N,1,2,2024,7,Inverno,1,0,1,0,0,0,0,0,0,0,0,0,1
POR432,S - Costa Caparica (Navegantes),2023-02-21,Carnaval,N,1,2,2023,8,Inverno,0,0,1,0,0,0,0,0,0,0,0,0,1
POR432,S - Costa Caparica (Navegantes),2022-03-01,Carnaval,N,1,3,2022,9,Primavera,0,0,1,0,0,0,0,0,0,0,1,0,0
POR432,S - Costa Caparica (Navegantes),2023-06-08,Corpo de Deus,S,1,6,2023,23,Verão,1,0,0,0,0,0,0,0,0,1,0,0,0
POR432,S - Costa Caparica (Navegantes),2022-06-16,Corpo de Deus,N,1,6,2022,24,Verão,0,0,0,0,0,0,0,0,0,1,0,0,0
POR432,S - Costa Caparica (Navegantes),2023-12-08,Dia da Imaculada Conceição,S,1,12,2023,49,Inverno,1,0,0,0,0,0,0,0,0,0,0,0,1
POR432,S - Costa Caparica (Navegantes),2022-12-08,Dia da Imaculada Conceição,N,1,12,2022,49,Inverno,0,0,0,0,0,0,0,0,0,0,0,0,1
POR432,S - Costa Caparica (Navegantes),2023-04-25,Dia da Liberdade,S,1,4,2023,17,Primavera,1,0,0,0,0,0,0,0,0,0,1,0,0
POR432,S - Costa Caparica (Navegantes),2022-04-25,Dia da Liberdade,N,1,4,2022,17,Primavera,0,0,0,0,0,0,0,0,0,0,1,0,0
POR432,S - Costa Caparica (Navegantes),2023-06-10,Dia de Portugal,S,1,6,2023,23,Verão,1,0,0,0,0,0,0,0,0,1,0,0,0
POR432,S - Costa Caparica (Navegantes),2022-06-10,Dia de Portugal,N,1,6,2022,23,Verão,0,0,0,0,0,0,0,0,0,1,0,0,0
POR432,S - Costa Caparica (Navegantes),2023-11-01,Dia de Todos os Santos,S,1,11,2023,44,Outono,1,0,0,0,0,0,0,0,1,0,0,1,0
POR432,S - Costa Caparica (Navegantes),2022-11-01,Dia de Todos os Santos,N,1,11,2022,44,Outono,0,0,0,0,0,0,0,0,1,0,0,1,0
POR432,S - Costa Caparica (Navegantes),2023-05-01,Dia do Trabalhador,S,1,5,2023,18,Primavera,1,0,0,1,0,0,0,0,0,0,1,0,0
POR432,S - Costa Caparica (Navegantes),2022-05-01,Dia do Trabalhador,N,1,5,2022,17,Primavera,0,0,0,1,0,0,0,0,0,0,1,0,0
POR432,S - Costa Caparica (Navegantes),2023-06-24,Feriado Municipal de Almada,S,1,6,2023,25,Verão,1,0,0,0,0,0,0,0,0,1,0,0,0
POR432,S - Costa Caparica (Navegantes),2022-06-24,Feriado Municipal do Porto,N,1,6,2022,25,Verão,1,0,0,0,0,0,0,0,0,1,0,0,0
POR432,S - Costa Caparica (Navegantes),2023-10-05,Implantação da República,S,1,10,2023,40,Outono,1,0,0,0,0,0,0,0,0,0,0,1,0
POR432,S - Costa Caparica (Navegantes),2022-10-05,Implantação da República,N,1,10,2022,40,Outono,0,0,0,0,0,0,0,0,0,0,0,1,0
POR432,S - Costa Caparica (Navegantes),2023-12-25,Natal,S,0,12,2023,52,Inverno,1,0,0,0,1,0,0,0,0,0,0,0,1
POR432,S - Costa Caparica (Navegantes),2024-03-31,Páscoa,N,1,3,2024,13,Primavera,1,0,0,0,0,1,0,0,0,0,1,0,0
POR432,S - Costa Caparica (Navegantes),2023-04-09,Páscoa,N,1,4,2023,14,Primavera,0,0,0,0,0,1,0,0,0,0,1,0,0
POR432,S - Costa Caparica (Navegantes),2022-04-17,Páscoa,N,1,4,2022,15,Primavera,0,0,0,0,0,1,0,0,0,0,1,0,0
POR432,S - Costa Caparica (Navegantes),2023-12-01,Restauração da Independência,S,1,12,2023,48,Inverno,1,0,0,0,0,0,0,0,0,0,0,0,1
POR432,S - Costa Caparica (Navegantes),2022-12-01,Restauração da Independência,N,1,12,2022,48,Inverno,0,0,0,0,0,0,0,0,0,0,0,0,1
POR432,S - Costa Caparica (Navegantes),2024-03-29,Sexta-feira Santa,N,1,3,2024,13,Primavera,1,0,0,0,0,0,1,0,0,0,1,0,0
POR432,S - Costa Caparica (Navegantes),2023-04-07,Sexta-feira Santa,N,1,4,2023,14,Primavera,0,0,0,0,0,0,1,0,0,0,1,0,0
POR432,S - Costa Caparica (Navegantes),2022-04-15,Sexta-feira Santa,N,1,4,2022,15,Primavera,0,0,0,0,0,0,1,0,0,0,1,0,0
POR433,S - Oscar Monteiro,2024-01-01,Ano Novo,S,1,1,2024,1,Inverno,1,1,0,0,0,0,0,0,0,0,0,0,1
POR433,S - Oscar Monteiro,2023-01-01,Ano Novo,S,1,1,2023,52,Inverno,0,1,0,0,0,0,0,0,0,0,0,0,1
POR433,S - Oscar Monteiro,2022-01-01,Ano Novo,S,1,1,2022,52,Inverno,0,1,0,0,0,0,0,0,0,0,0,0,1
POR433,S - Oscar Monteiro,2021-01-01,Ano Novo,S,1,1,2021,53,Inverno,0,1,0,0,0,0,0,0,0,0,0,0,1
POR433,S - Oscar Monteiro,2020-01-01,Ano Novo,S,1,1,2020,1,Inverno,0,1,0,0,0,0,0,0,0,0,0,0,1
POR433,S - Oscar Monteiro,2023-08-15,Assunção de Maria,S,1,8,2023,33,Verão,1,0,0,0,0,0,0,0,0,1,0,0,0
POR433,S - Oscar Monteiro,2024-02-13,Carnaval,N,1,2,2024,7,Inverno,1,0,1,0,0,0,0,0,0,0,0,0,1
POR433,S - Oscar Monteiro,2023-02-21,Carnaval,N,1,2,2023,8,Inverno,0,0,1,0,0,0,0,0,0,0,0,0,1
POR433,S - Oscar Monteiro,2023-06-08,Corpo de Deus,S,1,6,2023,23,Verão,1,0,0,0,0,0,0,0,0,1,0,0,0
POR433,S - Oscar Monteiro,2023-12-08,Dia da Imaculada Conceição,S,1,12,2023,49,Inverno,1,0,0,0,0,0,0,0,0,0,0,0,1
POR433,S - Oscar Monteiro,2023-04-25,Dia da Liberdade,S,1,4,2023,17,Primavera,1,0,0,0,0,0,0,0,0,0,1,0,0
POR433,S - Oscar Monteiro,2023-06-10,Dia de Portugal,S,1,6,2023,23,Verão,1,0,0,0,0,0,0,0,0,1,0,0,0
POR433,S - Oscar Monteiro,2023-11-01,Dia de Todos os Santos,S,1,11,2023,44,Outono,1,0,0,0,0,0,0,0,1,0,0,1,0
POR433,S - Oscar Monteiro,2023-05-01,Dia do Trabalhador,S,1,5,2023,18,Primavera,1,0,0,1,0,0,0,0,0,0,1,0,0
POR433,S - Oscar Monteiro,2024-06-13,Feriado Municipal de Lisboa,S,1,6,2024,24,Verão,1,0,0,0,0,0,0,0,0,1,0,0,0
POR433,S - Oscar Monteiro,2023-06-13,Feriado Municipal de Lisboa,S,1,6,2023,24,Verão,0,0,0,0,0,0,0,0,0,1,0,0,0
POR433,S - Oscar Monteiro,2022-06-13,Feriado Municipal de Lisboa,S,1,6,2022,24,Verão,0,0,0,0,0,0,0,0,0,1,0,0,0
POR433,S - Oscar Monteiro,2021-06-13,Feriado Municipal de Lisboa,S,1,6,2021,23,Verão,0,0,0,0,0,0,0,0,0,1,0,0,0
POR433,S - Oscar Monteiro,2020-06-13,Feriado Municipal de Lisboa,S,1,6,2020,24,Verão,0,0,0,0,0,0,0,0,0,1,0,0,0
POR433,S - Oscar Monteiro,2023-10-05,Implantação da República,S,1,10,2023,40,Outono,1,0,0,0,0,0,0,0,0,0,0,1,0
POR433,S - Oscar Monteiro,2023-12-25,Natal,S,0,12,2023,52,Inverno,1,0,0,0,1,0,0,0,0,0,0,0,1
POR433,S - Oscar Monteiro,2024-03-31,Páscoa,N,1,3,2024,13,Primavera,1,0,0,0,0,1,0,0,0,0,1,0,0
POR433,S - Oscar Monteiro,2023-04-09,Páscoa,N,1,4,2023,14,Primavera,0,0,0,0,0,1,0,0,0,0,1,0,0
POR433,S - Oscar Monteiro,2023-12-01,Restauração da Independência,S,1,12,2023,48,Inverno,1,0,0,0,0,0,0,0,0,0,0,0,1
POR433,S - Oscar Monteiro,2024-03-29,Sexta-feira Santa,N,1,3,2024,13,Primavera,1,0,0,0,0,0,1,0,0,0,1,0,0
POR433,S - Oscar Monteiro,2023-04-07,Sexta-feira Santa,N,1,4,2023,14,Primavera,0,0,0,0,0,0,1,0,0,0,1,0,0
POR434,S - Av. D. João II,2024-01-01,Ano Novo,S,1,1,2024,1,Inverno,1,1,0,0,0,0,0,0,0,0,0,0,1
POR434,S - Av. D. João II,2023-01-01,Ano Novo,S,1,1,2023,52,Inverno,0,1,0,0,0,0,0,0,0,0,0,0,1
POR434,S - Av. D. João II,2022-01-01,Ano Novo,S,1,1,2022,52,Inverno,0,1,0,0,0,0,0,0,0,0,0,0,1
POR434,S - Av. D. João II,2021-01-01,Ano Novo,S,1,1,2021,53,Inverno,0,1,0,0,0,0,0,0,0,0,0,0,1
POR434,S - Av. D. João II,2020-01-01,Ano Novo,S,1,1,2020,1,Inverno,0,1,0,0,0,0,0,0,0,0,0,0,1
POR434,S - Av. D. João II,2023-08-15,Assunção de Maria,S,1,8,2023,33,Verão,1,0,0,0,0,0,0,0,0,1,0,0,0
POR434,S - Av. D. João II,2022-08-15,Assunção de Maria,N,1,8,2022,33,Verão,0,0,0,0,0,0,0,0,0,1,0,0,0
POR434,S - Av. D. João II,2024-02-13,Carnaval,N,1,2,2024,7,Inverno,1,0,1,0,0,0,0,0,0,0,0,0,1
POR434,S - Av. D. João II,2023-02-21,Carnaval,N,1,2,2023,8,Inverno,0,0,1,0,0,0,0,0,0,0,0,0,1
POR434,S - Av. D. João II,2022-03-01,Carnaval,N,1,3,2022,9,Primavera,0,0,1,0,0,0,0,0,0,0,1,0,0
POR434,S - Av. D. João II,2023-06-08,Corpo de Deus,S,1,6,2023,23,Verão,1,0,0,0,0,0,0,0,0,1,0,0,0
POR434,S - Av. D. João II,2022-06-16,Corpo de Deus,N,1,6,2022,24,Verão,0,0,0,0,0,0,0,0,0,1,0,0,0
POR434,S - Av. D. João II,2023-12-08,Dia da Imaculada Conceição,S,1,12,2023,49,Inverno,1,0,0,0,0,0,0,0,0,0,0,0,1
POR434,S - Av. D. João II,2022-12-08,Dia da Imaculada Conceição,N,1,12,2022,49,Inverno,0,0,0,0,0,0,0,0,0,0,0,0,1
POR434,S - Av. D. João II,2021-12-08,Dia da Imaculada Conceição,N,1,12,2021,49,Inverno,0,0,0,0,0,0,0,0,0,0,0,0,1
POR434,S - Av. D. João II,2023-04-25,Dia da Liberdade,S,1,4,2023,17,Primavera,1,0,0,0,0,0,0,0,0,0,1,0,0
POR434,S - Av. D. João II,2022-04-25,Dia da Liberdade,N,1,4,2022,17,Primavera,0,0,0,0,0,0,0,0,0,0,1,0,0
POR434,S - Av. D. João II,2024-09-15,Dia de Bocage,S,1,9,2024,37,Outono,1,0,0,0,0,0,0,0,0,0,0,1,0
POR434,S - Av. D. João II,2023-09-15,Dia de Bocage,S,1,9,2023,37,Outono,0,0,0,0,0,0,0,0,0,0,0,1,0
POR434,S - Av. D. João II,2022-09-15,Dia de Bocage,S,1,9,2022,37,Outono,0,0,0,0,0,0,0,0,0,0,0,1,0
POR434,S - Av. D. João II,2021-09-15,Dia de Bocage,S,1,9,2021,37,Outono,0,0,0,0,0,0,0,0,0,0,0,1,0
POR434,S - Av. D. João II,2020-09-15,Dia de Bocage,S,1,9,2020,38,Outono,0,0,0,0,0,0,0,0,0,0,0,1,0
POR434,S - Av. D. João II,2023-06-10,Dia de Portugal,S,1,6,2023,23,Verão,1,0,0,0,0,0,0,0,0,1,0,0,0
POR434,S - Av. D. João II,2022-06-10,Dia de Portugal,N,1,6,2022,23,Verão,0,0,0,0,0,0,0,0,0,1,0,0,0
POR434,S - Av. D. João II,2023-11-01,Dia de Todos os Santos,S,1,11,2023,44,Outono,1,0,0,0,0,0,0,0,1,0,0,1,0
POR434,S - Av. D. João II,2022-11-01,Dia de Todos os Santos,N,1,11,2022,44,Outono,0,0,0,0,0,0,0,0,1,0,0,1,0
POR434,S - Av. D. João II,2021-11-01,Dia de Todos os Santos,N,1,11,2021,44,Outono,0,0,0,0,0,0,0,0,1,0,0,1,0
POR434,S - Av. D. João II,2023-05-01,Dia do Trabalhador,S,1,5,2023,18,Primavera,1,0,0,1,0,0,0,0,0,0,1,0,0
POR434,S - Av. D. João II,2022-05-01,Dia do Trabalhador,N,1,5,2022,17,Primavera,0,0,0,1,0,0,0,0,0,0,1,0,0
POR434,S - Av. D. João II,2022-09-15,Feriado Municipal de Setúbal,N,1,9,2022,37,Outono,1,0,0,0,0,0,0,0,0,0,0,1,0
POR434,S - Av. D. João II,2023-10-05,Implantação da República,S,1,10,2023,40,Outono,1,0,0,0,0,0,0,0,0,0,0,1,0
POR434,S - Av. D. João II,2022-10-05,Implantação da República,N,1,10,2022,40,Outono,0,0,0,0,0,0,0,0,0,0,0,1,0
POR434,S - Av. D. João II,2024-12-25,Natal,S,0,12,2024,52,Inverno,1,0,0,0,1,0,0,0,0,0,0,0,1
POR434,S - Av. D. João II,2023-12-25,Natal,S,0,12,2023,52,Inverno,0,0,0,0,1,0,0,0,0,0,0,0,1
POR434,S - Av. D. João II,2023-12-25,Natal,S,0,12,2023,52,Inverno,0,0,0,0,1,0,0,0,0,0,0,0,1
POR434,S - Av. D. João II,2022-12-25,Natal,S,0,12,2022,51,Inverno,0,0,0,0,1,0,0,0,0,0,0,0,1
POR434,S - Av. D. João II,2021-12-25,Natal,S,0,12,2021,51,Inverno,0,0,0,0,1,0,0,0,0,0,0,0,1
POR434,S - Av. D. João II,2020-12-25,Natal,S,0,12,2020,52,Inverno,0,0,0,0,1,0,0,0,0,0,0,0,1
POR434,S - Av. D. João II,2024-03-31,Páscoa,N,1,3,2024,13,Primavera,1,0,0,0,0,1,0,0,0,0,1,0,0
POR434,S - Av. D. João II,2023-04-09,Páscoa,N,1,4,2023,14,Primavera,0,0,0,0,0,1,0,0,0,0,1,0,0
POR434,S - Av. D. João II,2022-04-17,Páscoa,N,1,4,2022,15,Primavera,0,0,0,0,0,1,0,0,0,0,1,0,0
POR434,S - Av. D. João II,2023-12-01,Restauração da Independência,S,1,12,2023,48,Inverno,1,0,0,0,0,0,0,0,0,0,0,0,1
POR434,S - Av. D. João II,2022-12-01,Restauração da Independência,N,1,12,2022,48,Inverno,0,0,0,0,0,0,0,0,0,0,0,0,1
POR434,S - Av. D. João II,2021-12-01,Restauração da Independência,N,1,12,2021,48,Inverno,0,0,0,0,0,0,0,0,0,0,0,0,1
POR434,S - Av. D. João II,2024-03-29,Sexta-feira Santa,N,1,3,2024,13,Primavera,1,0,0,0,0,0,1,0,0,0,1,0,0
POR434,S - Av. D. João II,2023-04-07,Sexta-feira Santa,N,1,4,2023,14,Primavera,0,0,0,0,0,0,1,0,0,0,1,0,0
POR434,S - Av. D. João II,2022-04-15,Sexta-feira Santa,N,1,4,2022,15,Primavera,0,0,0,0,0,0,1,0,0,0,1,0,0
POR435,S - Jose Ricardo,2024-01-01,Ano Novo,S,1,1,2024,1,Inverno,1,1,0,0,0,0,0,0,0,0,0,0,1
POR435,S - Jose Ricardo,2023-01-01,Ano Novo,S,1,1,2023,52,Inverno,0,1,0,0,0,0,0,0,0,0,0,0,1
POR435,S - Jose Ricardo,2022-01-01,Ano Novo,S,1,1,2022,52,Inverno,0,1,0,0,0,0,0,0,0,0,0,0,1
POR435,S - Jose Ricardo,2021-01-01,Ano Novo,S,1,1,2021,53,Inverno,0,1,0,0,0,0,0,0,0,0,0,0,1
POR435,S - Jose Ricardo,2020-01-01,Ano Novo,S,1,1,2020,1,Inverno,0,1,0,0,0,0,0,0,0,0,0,0,1
POR435,S - Jose Ricardo,2023-08-15,Assunção de Maria,S,1,8,2023,33,Verão,1,0,0,0,0,0,0,0,0,1,0,0,0
POR435,S - Jose Ricardo,2024-02-13,Carnaval,N,1,2,2024,7,Inverno,1,0,1,0,0,0,0,0,0,0,0,0,1
POR435,S - Jose Ricardo,2023-02-21,Carnaval,N,1,2,2023,8,Inverno,0,0,1,0,0,0,0,0,0,0,0,0,1
POR435,S - Jose Ricardo,2023-06-08,Corpo de Deus,S,1,6,2023,23,Verão,1,0,0,0,0,0,0,0,0,1,0,0,0
POR435,S - Jose Ricardo,2023-12-08,Dia da Imaculada Conceição,S,1,12,2023,49,Inverno,1,0,0,0,0,0,0,0,0,0,0,0,1
POR435,S - Jose Ricardo,2023-04-25,Dia da Liberdade,S,1,4,2023,17,Primavera,1,0,0,0,0,0,0,0,0,0,1,0,0
POR435,S - Jose Ricardo,2023-06-10,Dia de Portugal,S,1,6,2023,23,Verão,1,0,0,0,0,0,0,0,0,1,0,0,0
POR435,S - Jose Ricardo,2023-11-01,Dia de Todos os Santos,S,1,11,2023,44,Outono,1,0,0,0,0,0,0,0,1,0,0,1,0
POR435,S - Jose Ricardo,2023-05-01,Dia do Trabalhador,S,1,5,2023,18,Primavera,1,0,0,1,0,0,0,0,0,0,1,0,0
POR435,S - Jose Ricardo,2024-06-13,Feriado Municipal de Lisboa,S,1,6,2024,24,Verão,1,0,0,0,0,0,0,0,0,1,0,0,0
POR435,S - Jose Ricardo,2023-06-13,Feriado Municipal de Lisboa,S,1,6,2023,24,Verão,0,0,0,0,0,0,0,0,0,1,0,0,0
POR435,S - Jose Ricardo,2022-06-13,Feriado Municipal de Lisboa,S,1,6,2022,24,Verão,0,0,0,0,0,0,0,0,0,1,0,0,0
POR435,S - Jose Ricardo,2021-06-13,Feriado Municipal de Lisboa,S,1,6,2021,23,Verão,0,0,0,0,0,0,0,0,0,1,0,0,0
POR435,S - Jose Ricardo,2020-06-13,Feriado Municipal de Lisboa,S,1,6,2020,24,Verão,0,0,0,0,0,0,0,0,0,1,0,0,0
POR435,S - Jose Ricardo,2023-10-05,Implantação da República,S,1,10,2023,40,Outono,1,0,0,0,0,0,0,0,0,0,0,1,0
POR435,S - Jose Ricardo,2024-12-25,Natal,S,1,12,2024,52,Inverno,1,0,0,0,1,0,0,0,0,0,0,0,1
POR435,S - Jose Ricardo,2023-12-25,Natal,S,1,12,2023,52,Inverno,0,0,0,0,1,0,0,0,0,0,0,0,1
POR435,S - Jose Ricardo,2022-12-25,Natal,S,1,12,2022,51,Inverno,0,0,0,0,1,0,0,0,0,0,0,0,1
POR435,S - Jose Ricardo,2021-12-25,Natal,S,1,12,2021,51,Inverno,0,0,0,0,1,0,0,0,0,0,0,0,1
POR435,S - Jose Ricardo,2020-12-25,Natal,S,1,12,2020,52,Inverno,0,0,0,0,1,0,0,0,0,0,0,0,1
POR435,S - Jose Ricardo,2024-03-31,Páscoa,N,1,3,2024,13,Primavera,1,0,0,0,0,1,0,0,0,0,1,0,0
POR435,S - Jose Ricardo,2023-04-09,Páscoa,N,1,4,2023,14,Primavera,0,0,0,0,0,1,0,0,0,0,1,0,0
POR435,S - Jose Ricardo,2023-12-01,Restauração da Independência,S,1,12,2023,48,Inverno,1,0,0,0,0,0,0,0,0,0,0,0,1
POR435,S - Jose Ricardo,2024-03-29,Sexta-feira Santa,N,1,3,2024,13,Primavera,1,0,0,0,0,0,1,0,0,0,1,0,0
POR435,S - Jose Ricardo,2023-04-07,Sexta-feira Santa,N,1,4,2023,14,Primavera,0,0,0,0,0,0,1,0,0,0,1,0,0
POR436,S - Campo de Ourique,2024-01-01,Ano Novo,S,1,1,2024,1,Inverno,1,1,0,0,0,0,0,0,0,0,0,0,1
POR436,S - Campo de Ourique,2023-01-01,Ano Novo,S,1,1,2023,52,Inverno,0,1,0,0,0,0,0,0,0,0,0,0,1
POR436,S - Campo de Ourique,2022-01-01,Ano Novo,S,1,1,2022,52,Inverno,0,1,0,0,0,0,0,0,0,0,0,0,1
POR436,S - Campo de Ourique,2021-01-01,Ano Novo,S,1,1,2021,53,Inverno,0,1,0,0,0,0,0,0,0,0,0,0,1
POR436,S - Campo de Ourique,2020-01-01,Ano Novo,S,1,1,2020,1,Inverno,0,1,0,0,0,0,0,0,0,0,0,0,1
POR436,S - Campo de Ourique,2023-08-15,Assunção de Maria,S,1,8,2023,33,Verão,1,0,0,0,0,0,0,0,0,1,0,0,0
POR436,S - Campo de Ourique,2024-02-13,Carnaval,N,1,2,2024,7,Inverno,1,0,1,0,0,0,0,0,0,0,0,0,1
POR436,S - Campo de Ourique,2023-02-21,Carnaval,N,1,2,2023,8,Inverno,0,0,1,0,0,0,0,0,0,0,0,0,1
POR436,S - Campo de Ourique,2023-06-08,Corpo de Deus,S,1,6,2023,23,Verão,1,0,0,0,0,0,0,0,0,1,0,0,0
POR436,S - Campo de Ourique,2023-12-08,Dia da Imaculada Conceição,S,1,12,2023,49,Inverno,1,0,0,0,0,0,0,0,0,0,0,0,1
POR436,S - Campo de Ourique,2023-04-25,Dia da Liberdade,S,1,4,2023,17,Primavera,1,0,0,0,0,0,0,0,0,0,1,0,0
POR436,S - Campo de Ourique,2023-06-10,Dia de Portugal,S,1,6,2023,23,Verão,1,0,0,0,0,0,0,0,0,1,0,0,0
POR436,S - Campo de Ourique,2023-11-01,Dia de Todos os Santos,S,1,11,2023,44,Outono,1,0,0,0,0,0,0,0,1,0,0,1,0
POR436,S - Campo de Ourique,2023-05-01,Dia do Trabalhador,S,1,5,2023,18,Primavera,1,0,0,1,0,0,0,0,0,0,1,0,0
POR436,S - Campo de Ourique,2024-06-13,Feriado Municipal de Lisboa,S,1,6,2024,24,Verão,1,0,0,0,0,0,0,0,0,1,0,0,0
POR436,S - Campo de Ourique,2023-06-13,Feriado Municipal de Lisboa,S,1,6,2023,24,Verão,0,0,0,0,0,0,0,0,0,1,0,0,0
POR436,S - Campo de Ourique,2022-06-13,Feriado Municipal de Lisboa,S,1,6,2022,24,Verão,0,0,0,0,0,0,0,0,0,1,0,0,0
POR436,S - Campo de Ourique,2021-06-13,Feriado Municipal de Lisboa,S,1,6,2021,23,Verão,0,0,0,0,0,0,0,0,0,1,0,0,0
POR436,S - Campo de Ourique,2020-06-13,Feriado Municipal de Lisboa,S,1,6,2020,24,Verão,0,0,0,0,0,0,0,0,0,1,0,0,0
POR436,S - Campo de Ourique,2023-10-05,Implantação da República,S,1,10,2023,40,Outono,1,0,0,0,0,0,0,0,0,0,0,1,0
POR436,S - Campo de Ourique,2024-12-25,Natal,S,1,12,2024,52,Inverno,1,0,0,0,1,0,0,0,0,0,0,0,1
POR436,S - Campo de Ourique,2023-12-25,Natal,S,1,12,2023,52,Inverno,0,0,0,0,1,0,0,0,0,0,0,0,1
POR436,S - Campo de Ourique,2022-12-25,Natal,S,1,12,2022,51,Inverno,0,0,0,0,1,0,0,0,0,0,0,0,1
POR436,S - Campo de Ourique,2021-12-25,Natal,S,1,12,2021,51,Inverno,0,0,0,0,1,0,0,0,0,0,0,0,1
POR436,S - Campo de Ourique,2020-12-25,Natal,S,1,12,2020,52,Inverno,0,0,0,0,1,0,0,0,0,0,0,0,1
POR436,S - Campo de Ourique,2024-03-31,Páscoa,N,1,3,2024,13,Primavera,1,0,0,0,0,1,0,0,0,0,1,0,0
POR436,S - Campo de Ourique,2023-04-09,Páscoa,N,1,4,2023,14,Primavera,0,0,0,0,0,1,0,0,0,0,1,0,0
POR436,S - Campo de Ourique,2023-12-01,Restauração da Independência,S,1,12,2023,48,Inverno,1,0,0,0,0,0,0,0,0,0,0,0,1
POR436,S - Campo de Ourique,2024-03-29,Sexta-feira Santa,N,1,3,2024,13,Primavera,1,0,0,0,0,0,1,0,0,0,1,0,0
POR436,S - Campo de Ourique,2023-04-07,Sexta-feira Santa,N,1,4,2023,14,Primavera,0,0,0,0,0,0,1,0,0,0,1,0,0
POR437,S - Pedro Nunes,2024-01-01,Ano Novo,S,1,1,2024,1,Inverno,1,1,0,0,0,0,0,0,0,0,0,0,1
POR437,S - Pedro Nunes,2023-01-01,Ano Novo,S,1,1,2023,52,Inverno,0,1,0,0,0,0,0,0,0,0,0,0,1
POR437,S - Pedro Nunes,2022-01-01,Ano Novo,S,1,1,2022,52,Inverno,0,1,0,0,0,0,0,0,0,0,0,0,1
POR437,S - Pedro Nunes,2021-01-01,Ano Novo,S,1,1,2021,53,Inverno,0,1,0,0,0,0,0,0,0,0,0,0,1
POR437,S - Pedro Nunes,2020-01-01,Ano Novo,S,1,1,2020,1,Inverno,0,1,0,0,0,0,0,0,0,0,0,0,1
POR437,S - Pedro Nunes,2023-08-15,Assunção de Maria,S,1,8,2023,33,Verão,1,0,0,0,0,0,0,0,0,1,0,0,0
POR437,S - Pedro Nunes,2024-02-13,Carnaval,N,1,2,2024,7,Inverno,1,0,1,0,0,0,0,0,0,0,0,0,1
POR437,S - Pedro Nunes,2023-02-21,Carnaval,N,1,2,2023,8,Inverno,0,0,1,0,0,0,0,0,0,0,0,0,1
POR437,S - Pedro Nunes,2023-06-08,Corpo de Deus,S,1,6,2023,23,Verão,1,0,0,0,0,0,0,0,0,1,0,0,0
POR437,S - Pedro Nunes,2023-12-08,Dia da Imaculada Conceição,S,1,12,2023,49,Inverno,1,0,0,0,0,0,0,0,0,0,0,0,1
POR437,S - Pedro Nunes,2023-04-25,Dia da Liberdade,S,1,4,2023,17,Primavera,1,0,0,0,0,0,0,0,0,0,1,0,0
POR437,S - Pedro Nunes,2023-06-10,Dia de Portugal,S,1,6,2023,23,Verão,1,0,0,0,0,0,0,0,0,1,0,0,0
POR437,S - Pedro Nunes,2023-11-01,Dia de Todos os Santos,S,1,11,2023,44,Outono,1,0,0,0,0,0,0,0,1,0,0,1,0
POR437,S - Pedro Nunes,2023-05-01,Dia do Trabalhador,S,1,5,2023,18,Primavera,1,0,0,1,0,0,0,0,0,0,1,0,0
POR437,S - Pedro Nunes,2024-06-13,Feriado Municipal de Lisboa,S,1,6,2024,24,Verão,1,0,0,0,0,0,0,0,0,1,0,0,0
POR437,S - Pedro Nunes,2023-06-13,Feriado Municipal de Lisboa,S,1,6,2023,24,Verão,0,0,0,0,0,0,0,0,0,1,0,0,0
POR437,S - Pedro Nunes,2022-06-13,Feriado Municipal de Lisboa,S,1,6,2022,24,Verão,0,0,0,0,0,0,0,0,0,1,0,0,0
POR437,S - Pedro Nunes,2021-06-13,Feriado Municipal de Lisboa,S,1,6,2021,23,Verão,0,0,0,0,0,0,0,0,0,1,0,0,0
POR437,S - Pedro Nunes,2020-06-13,Feriado Municipal de Lisboa,S,1,6,2020,24,Verão,0,0,0,0,0,0,0,0,0,1,0,0,0
POR437,S - Pedro Nunes,2023-10-05,Implantação da República,S,1,10,2023,40,Outono,1,0,0,0,0,0,0,0,0,0,0,1,0
POR437,S - Pedro Nunes,2023-12-25,Natal,S,0,12,2023,52,Inverno,1,0,0,0,1,0,0,0,0,0,0,0,1
POR437,S - Pedro Nunes,2024-03-31,Páscoa,N,1,3,2024,13,Primavera,1,0,0,0,0,1,0,0,0,0,1,0,0
POR437,S - Pedro Nunes,2023-04-09,Páscoa,N,1,4,2023,14,Primavera,0,0,0,0,0,1,0,0,0,0,1,0,0
POR437,S - Pedro Nunes,2023-12-01,Restauração da Independência,S,1,12,2023,48,Inverno,1,0,0,0,0,0,0,0,0,0,0,0,1
POR437,S - Pedro Nunes,2024-03-29,Sexta-feira Santa,N,1,3,2024,13,Primavera,1,0,0,0,0,0,1,0,0,0,1,0,0
POR437,S - Pedro Nunes,2023-04-07,Sexta-feira Santa,N,1,4,2023,14,Primavera,0,0,0,0,0,0,1,0,0,0,1,0,0
POR438,S - Rua Visconde Santarém,2024-01-01,Ano Novo,S,1,1,2024,1,Inverno,1,1,0,0,0,0,0,0,0,0,0,0,1
POR438,S - Rua Visconde Santarém,2023-01-01,Ano Novo,S,1,1,2023,52,Inverno,0,1,0,0,0,0,0,0,0,0,0,0,1
POR438,S - Rua Visconde Santarém,2022-01-01,Ano Novo,S,1,1,2022,52,Inverno,0,1,0,0,0,0,0,0,0,0,0,0,1
POR438,S - Rua Visconde Santarém,2021-01-01,Ano Novo,S,1,1,2021,53,Inverno,0,1,0,0,0,0,0,0,0,0,0,0,1
POR438,S - Rua Visconde Santarém,2020-01-01,Ano Novo,S,1,1,2020,1,Inverno,0,1,0,0,0,0,0,0,0,0,0,0,1
POR438,S - Rua Visconde Santarém,2023-08-15,Assunção de Maria,S,1,8,2023,33,Verão,1,0,0,0,0,0,0,0,0,1,0,0,0
POR438,S - Rua Visconde Santarém,2024-02-13,Carnaval,N,1,2,2024,7,Inverno,1,0,1,0,0,0,0,0,0,0,0,0,1
POR438,S - Rua Visconde Santarém,2023-02-21,Carnaval,N,1,2,2023,8,Inverno,0,0,1,0,0,0,0,0,0,0,0,0,1
POR438,S - Rua Visconde Santarém,2023-06-08,Corpo de Deus,S,1,6,2023,23,Verão,1,0,0,0,0,0,0,0,0,1,0,0,0
POR438,S - Rua Visconde Santarém,2023-12-08,Dia da Imaculada Conceição,S,1,12,2023,49,Inverno,1,0,0,0,0,0,0,0,0,0,0,0,1
POR438,S - Rua Visconde Santarém,2023-04-25,Dia da Liberdade,S,1,4,2023,17,Primavera,1,0,0,0,0,0,0,0,0,0,1,0,0
POR438,S - Rua Visconde Santarém,2023-06-10,Dia de Portugal,S,1,6,2023,23,Verão,1,0,0,0,0,0,0,0,0,1,0,0,0
POR438,S - Rua Visconde Santarém,2023-11-01,Dia de Todos os Santos,S,1,11,2023,44,Outono,1,0,0,0,0,0,0,0,1,0,0,1,0
POR438,S - Rua Visconde Santarém,2023-05-01,Dia do Trabalhador,S,1,5,2023,18,Primavera,1,0,0,1,0,0,0,0,0,0,1,0,0
POR438,S - Rua Visconde Santarém,2024-06-13,Feriado Municipal de Lisboa,S,1,6,2024,24,Verão,1,0,0,0,0,0,0,0,0,1,0,0,0
POR438,S - Rua Visconde Santarém,2023-06-13,Feriado Municipal de Lisboa,S,1,6,2023,24,Verão,0,0,0,0,0,0,0,0,0,1,0,0,0
POR438,S - Rua Visconde Santarém,2022-06-13,Feriado Municipal de Lisboa,S,1,6,2022,24,Verão,0,0,0,0,0,0,0,0,0,1,0,0,0
POR438,S - Rua Visconde Santarém,2021-06-13,Feriado Municipal de Lisboa,S,1,6,2021,23,Verão,0,0,0,0,0,0,0,0,0,1,0,0,0
POR438,S - Rua Visconde Santarém,2020-06-13,Feriado Municipal de Lisboa,S,1,6,2020,24,Verão,0,0,0,0,0,0,0,0,0,1,0,0,0
POR438,S - Rua Visconde Santarém,2023-10-05,Implantação da República,S,1,10,2023,40,Outono,1,0,0,0,0,0,0,0,0,0,0,1,0
POR438,S - Rua Visconde Santarém,2023-12-25,Natal,S,0,12,2023,52,Inverno,1,0,0,0,1,0,0,0,0,0,0,0,1
POR438,S - Rua Visconde Santarém,2024-03-31,Páscoa,N,1,3,2024,13,Primavera,1,0,0,0,0,1,0,0,0,0,1,0,0
POR438,S - Rua Visconde Santarém,2023-04-09,Páscoa,N,1,4,2023,14,Primavera,0,0,0,0,0,1,0,0,0,0,1,0,0
POR438,S - Rua Visconde Santarém,2023-12-01,Restauração da Independência,S,1,12,2023,48,Inverno,1,0,0,0,0,0,0,0,0,0,0,0,1
POR438,S - Rua Visconde Santarém,2024-03-29,Sexta-feira Santa,N,1,3,2024,13,Primavera,1,0,0,0,0,0,1,0,0,0,1,0,0
POR438,S - Rua Visconde Santarém,2023-04-07,Sexta-feira Santa,N,1,4,2023,14,Primavera,0,0,0,0,0,0,1,0,0,0,1,0,0
POR445,S - Conde Redondo,2024-01-01,Ano Novo,S,1,1,2024,1,Inverno,1,1,0,0,0,0,0,0,0,0,0,0,1
POR445,S - Conde Redondo,2023-01-01,Ano Novo,S,1,1,2023,52,Inverno,0,1,0,0,0,0,0,0,0,0,0,0,1
POR445,S - Conde Redondo,2022-01-01,Ano Novo,S,1,1,2022,52,Inverno,0,1,0,0,0,0,0,0,0,0,0,0,1
POR445,S - Conde Redondo,2021-01-01,Ano Novo,S,1,1,2021,53,Inverno,0,1,0,0,0,0,0,0,0,0,0,0,1
POR445,S - Conde Redondo,2020-01-01,Ano Novo,S,1,1,2020,1,Inverno,0,1,0,0,0,0,0,0,0,0,0,0,1
POR445,S - Conde Redondo,2023-08-15,Assunção de Maria,S,1,8,2023,33,Verão,1,0,0,0,0,0,0,0,0,1,0,0,0
POR445,S - Conde Redondo,2024-02-13,Carnaval,N,1,2,2024,7,Inverno,1,0,1,0,0,0,0,0,0,0,0,0,1
POR445,S - Conde Redondo,2023-02-21,Carnaval,N,1,2,2023,8,Inverno,0,0,1,0,0,0,0,0,0,0,0,0,1
POR445,S - Conde Redondo,2023-12-08,Dia da Imaculada Conceição,S,1,12,2023,49,Inverno,1,0,0,0,0,0,0,0,0,0,0,0,1
POR445,S - Conde Redondo,2023-06-10,Dia de Portugal,S,1,6,2023,23,Verão,1,0,0,0,0,0,0,0,0,1,0,0,0
POR445,S - Conde Redondo,2023-11-01,Dia de Todos os Santos,S,1,11,2023,44,Outono,1,0,0,0,0,0,0,0,1,0,0,1,0
POR445,S - Conde Redondo,2023-05-01,Dia do Trabalhador,S,1,5,2023,18,Primavera,1,0,0,1,0,0,0,0,0,0,1,0,0
POR445,S - Conde Redondo,2023-10-05,Implantação da República,S,1,10,2023,40,Outono,1,0,0,0,0,0,0,0,0,0,0,1,0
POR445,S - Conde Redondo,2023-12-25,Natal,S,0,12,2023,52,Inverno,1,0,0,0,1,0,0,0,0,0,0,0,1
POR445,S - Conde Redondo,2024-03-31,Páscoa,N,1,3,2024,13,Primavera,1,0,0,0,0,1,0,0,0,0,1,0,0
POR445,S - Conde Redondo,2023-12-01,Restauração da Independência,S,1,12,2023,48,Inverno,1,0,0,0,0,0,0,0,0,0,0,0,1
POR445,S - Conde Redondo,2024-03-29,Sexta-feira Santa,N,1,3,2024,13,Primavera,1,0,0,0,0,0,1,0,0,0,1,0,0
POR445,S - Conde Redondo,2023-04-07,Sexta-feira Santa,N,1,4,2023,14,Primavera,0,0,0,0,0,0,1,0,0,0,1,0,0
POR446,S - Bento Jesus,2024-01-01,Ano Novo,S,1,1,2024,1,Inverno,1,1,0,0,0,0,0,0,0,0,0,0,1
POR446,S - Bento Jesus,2023-01-01,Ano Novo,S,1,1,2023,52,Inverno,0,1,0,0,0,0,0,0,0,0,0,0,1
POR446,S - Bento Jesus,2022-01-01,Ano Novo,S,1,1,2022,52,Inverno,0,1,0,0,0,0,0,0,0,0,0,0,1
POR446,S - Bento Jesus,2021-01-01,Ano Novo,S,1,1,2021,53,Inverno,0,1,0,0,0,0,0,0,0,0,0,0,1
POR446,S - Bento Jesus,2020-01-01,Ano Novo,S,1,1,2020,1,Inverno,0,1,0,0,0,0,0,0,0,0,0,0,1
POR446,S - Bento Jesus,2023-08-15,Assunção de Maria,S,1,8,2023,33,Verão,1,0,0,0,0,0,0,0,0,1,0,0,0
POR446,S - Bento Jesus,2024-02-13,Carnaval,N,1,2,2024,7,Inverno,1,0,1,0,0,0,0,0,0,0,0,0,1
POR446,S - Bento Jesus,2023-06-08,Corpo de Deus,S,1,6,2023,23,Verão,1,0,0,0,0,0,0,0,0,1,0,0,0
POR446,S - Bento Jesus,2023-12-08,Dia da Imaculada Conceição,S,1,12,2023,49,Inverno,1,0,0,0,0,0,0,0,0,0,0,0,1
POR446,S - Bento Jesus,2023-04-25,Dia da Liberdade,S,1,4,2023,17,Primavera,1,0,0,0,0,0,0,0,0,0,1,0,0
POR446,S - Bento Jesus,2023-06-10,Dia de Portugal,S,1,6,2023,23,Verão,1,0,0,0,0,0,0,0,0,1,0,0,0
POR446,S - Bento Jesus,2023-11-01,Dia de Todos os Santos,S,1,11,2023,44,Outono,1,0,0,0,0,0,0,0,1,0,0,1,0
POR446,S - Bento Jesus,2023-05-01,Dia do Trabalhador,S,1,5,2023,18,Primavera,1,0,0,1,0,0,0,0,0,0,1,0,0
POR446,S - Bento Jesus,2024-06-24,Feriado Municipal de Vila Nova de Gaia,S,1,6,2024,26,Verão,1,0,0,0,0,0,0,0,0,1,0,0,0
POR446,S - Bento Jesus,2023-06-24,Feriado Municipal de Vila Nova de Gaia,S,1,6,2023,25,Verão,0,0,0,0,0,0,0,0,0,1,0,0,0
POR446,S - Bento Jesus,2022-06-24,Feriado Municipal de Vila Nova de Gaia,S,1,6,2022,25,Verão,0,0,0,0,0,0,0,0,0,1,0,0,0
POR446,S - Bento Jesus,2021-06-24,Feriado Municipal de Vila Nova de Gaia,S,1,6,2021,25,Verão,0,0,0,0,0,0,0,0,0,1,0,0,0
POR446,S - Bento Jesus,2020-06-24,Feriado Municipal de Vila Nova de Gaia,S,1,6,2020,26,Verão,0,0,0,0,0,0,0,0,0,1,0,0,0
POR446,S - Bento Jesus,2023-10-05,Implantação da República,S,1,10,2023,40,Outono,1,0,0,0,0,0,0,0,0,0,0,1,0
POR446,S - Bento Jesus,2024-12-25,Natal,S,1,12,2024,52,Inverno,1,0,0,0,1,0,0,0,0,0,0,0,1
POR446,S - Bento Jesus,2023-12-25,Natal,S,1,12,2023,52,Inverno,0,0,0,0,1,0,0,0,0,0,0,0,1
POR446,S - Bento Jesus,2022-12-25,Natal,S,1,12,2022,51,Inverno,0,0,0,0,1,0,0,0,0,0,0,0,1
POR446,S - Bento Jesus,2021-12-25,Natal,S,1,12,2021,51,Inverno,0,0,0,0,1,0,0,0,0,0,0,0,1
POR446,S - Bento Jesus,2020-12-25,Natal,S,1,12,2020,52,Inverno,0,0,0,0,1,0,0,0,0,0,0,0,1
POR446,S - Bento Jesus,2024-03-31,Páscoa,N,1,3,2024,13,Primavera,1,0,0,0,0,1,0,0,0,0,1,0,0
POR446,S - Bento Jesus,2023-04-09,Páscoa,N,1,4,2023,14,Primavera,0,0,0,0,0,1,0,0,0,0,1,0,0
POR446,S - Bento Jesus,2023-12-01,Restauração da Independência,S,1,12,2023,48,Inverno,1,0,0,0,0,0,0,0,0,0,0,0,1
POR446,S - Bento Jesus,2024-03-29,Sexta-feira Santa,N,1,3,2024,13,Primavera,1,0,0,0,0,0,1,0,0,0,1,0,0
POR446,S - Bento Jesus,2023-04-07,Sexta-feira Santa,N,1,4,2023,14,Primavera,0,0,0,0,0,0,1,0,0,0,1,0,0
U0141,S - Vila Franca de Xira,2024-01-01,Ano Novo,S,1,1,2024,1,Inverno,1,1,0,0,0,0,0,0,0,0,0,0,1
U0141,S - Vila Franca de Xira,2023-01-01,Ano Novo,S,1,1,2023,52,Inverno,0,1,0,0,0,0,0,0,0,0,0,0,1
U0141,S - Vila Franca de Xira,2022-01-01,Ano Novo,S,1,1,2022,52,Inverno,0,1,0,0,0,0,0,0,0,0,0,0,1
U0141,S - Vila Franca de Xira,2021-01-01,Ano Novo,S,1,1,2021,53,Inverno,0,1,0,0,0,0,0,0,0,0,0,0,1
U0141,S - Vila Franca de Xira,2020-01-01,Ano Novo,S,1,1,2020,1,Inverno,0,1,0,0,0,0,0,0,0,0,0,0,1
U0141,S - Vila Franca de Xira,2023-08-15,Assunção de Maria,S,1,8,2023,33,Verão,1,0,0,0,0,0,0,0,0,1,0,0,0
U0141,S - Vila Franca de Xira,2024-02-13,Carnaval,N,1,2,2024,7,Inverno,1,0,1,0,0,0,0,0,0,0,0,0,1
U0141,S - Vila Franca de Xira,2023-02-21,Carnaval,N,1,2,2023,8,Inverno,0,0,1,0,0,0,0,0,0,0,0,0,1
U0141,S - Vila Franca de Xira,2024-06-08,Corpo de Deus,S,1,6,2024,23,Verão,1,0,0,0,0,0,0,0,0,1,0,0,0
U0141,S - Vila Franca de Xira,2023-06-08,Corpo de Deus,S,1,6,2023,23,Verão,0,0,0,0,0,0,0,0,0,1,0,0,0
U0141,S - Vila Franca de Xira,2022-06-08,Corpo de Deus,S,1,6,2022,23,Verão,0,0,0,0,0,0,0,0,0,1,0,0,0
U0141,S - Vila Franca de Xira,2021-06-08,Corpo de Deus,S,1,6,2021,23,Verão,0,0,0,0,0,0,0,0,0,1,0,0,0
U0141,S - Vila Franca de Xira,2020-06-08,Corpo de Deus,S,1,6,2020,24,Verão,0,0,0,0,0,0,0,0,0,1,0,0,0
U0141,S - Vila Franca de Xira,2023-12-08,Dia da Imaculada Conceição,S,1,12,2023,49,Inverno,1,0,0,0,0,0,0,0,0,0,0,0,1
U0141,S - Vila Franca de Xira,2024-04-25,Dia da Liberdade,S,1,4,2024,17,Primavera,1,0,0,0,0,0,0,0,0,0,1,0,0
U0141,S - Vila Franca de Xira,2023-04-25,Dia da Liberdade,S,1,4,2023,17,Primavera,0,0,0,0,0,0,0,0,0,0,1,0,0
U0141,S - Vila Franca de Xira,2022-04-25,Dia da Liberdade,S,1,4,2022,17,Primavera,0,0,0,0,0,0,0,0,0,0,1,0,0
U0141,S - Vila Franca de Xira,2021-04-25,Dia da Liberdade,S,1,4,2021,16,Primavera,0,0,0,0,0,0,0,0,0,0,1,0,0
U0141,S - Vila Franca de Xira,2020-04-25,Dia da Liberdade,S,1,4,2020,17,Primavera,0,0,0,0,0,0,0,0,0,0,1,0,0
U0141,S - Vila Franca de Xira,2024-06-10,Dia de Portugal,S,1,6,2024,24,Verão,1,0,0,0,0,0,0,0,0,1,0,0,0
U0141,S - Vila Franca de Xira,2023-06-10,Dia de Portugal,S,1,6,2023,23,Verão,0,0,0,0,0,0,0,0,0,1,0,0,0
U0141,S - Vila Franca de Xira,2022-06-10,Dia de Portugal,S,1,6,2022,23,Verão,0,0,0,0,0,0,0,0,0,1,0,0,0
U0141,S - Vila Franca de Xira,2021-06-10,Dia de Portugal,S,1,6,2021,23,Verão,0,0,0,0,0,0,0,0,0,1,0,0,0
U0141,S - Vila Franca de Xira,2020-06-10,Dia de Portugal,S,1,6,2020,24,Verão,0,0,0,0,0,0,0,0,0,1,0,0,0
U0141,S - Vila Franca de Xira,2023-11-01,Dia de Todos os Santos,S,1,11,2023,44,Outono,1,0,0,0,0,0,0,0,1,0,0,1,0
U0141,S - Vila Franca de Xira,2024-05-01,Dia do Trabalhador,S,1,5,2024,18,Primavera,1,0,0,1,0,0,0,0,0,0,1,0,0
U0141,S - Vila Franca de Xira,2023-05-01,Dia do Trabalhador,S,1,5,2023,18,Primavera,0,0,0,1,0,0,0,0,0,0,1,0,0
U0141,S - Vila Franca de Xira,2022-05-01,Dia do Trabalhador,S,1,5,2022,17,Primavera,0,0,0,1,0,0,0,0,0,0,1,0,0
U0141,S - Vila Franca de Xira,2021-05-01,Dia do Trabalhador,S,1,5,2021,17,Primavera,0,0,0,1,0,0,0,0,0,0,1,0,0
U0141,S - Vila Franca de Xira,2020-05-01,Dia do Trabalhador,S,1,5,2020,18,Primavera,0,0,0,1,0,0,0,0,0,0,1,0,0
U0141,S - Vila Franca de Xira,2023-05-18,Feriado Municipal de Vila Franca de Xira,N,1,5,2023,20,Primavera,1,0,0,0,0,0,0,0,0,0,1,0,0
U0141,S - Vila Franca de Xira,2023-10-05,Implantação da República,S,1,10,2023,40,Outono,1,0,0,0,0,0,0,0,0,0,0,1,0
U0141,S - Vila Franca de Xira,2023-12-25,Natal,S,0,12,2023,52,Inverno,1,0,0,0,1,0,0,0,0,0,0,0,1
U0141,S - Vila Franca de Xira,2024-03-31,Páscoa,N,1,3,2024,13,Primavera,1,0,0,0,0,1,0,0,0,0,1,0,0
U0141,S - Vila Franca de Xira,2023-04-09,Páscoa,N,1,4,2023,14,Primavera,0,0,0,0,0,1,0,0,0,0,1,0,0
U0141,S - Vila Franca de Xira,2023-12-01,Restauração da Independência,S,1,12,2023,48,Inverno,1,0,0,0,0,0,0,0,0,0,0,0,1
U0141,S - Vila Franca de Xira,2024-03-29,Sexta-feira Santa,N,1,3,2024,13,Primavera,1,0,0,0,0,0,1,0,0,0,1,0,0
U0141,S - Vila Franca de Xira,2023-04-07,Sexta-feira Santa,N,1,4,2023,14,Primavera,0,0,0,0,0,0,1,0,0,0,1,0,0
U0142,S - Cacilhas,2024-01-01,Feriado Municipal de Cacilhas,S,1,1,2024,1,Inverno,1,0,0,0,0,0,0,0,0,0,0,0,1
U0142,S - Cacilhas,2023-02-21,Feriado Municipal de Cacilhas,N,1,2,2023,8,Inverno,0,0,0,0,0,0,0,0,0,0,0,0,1
U0142,S - Cacilhas,2023-04-07,Feriado Municipal de Cacilhas,N,1,4,2023,14,Primavera,0,0,0,0,0,0,0,0,0,0,1,0,0
U0142,S - Cacilhas,2023-04-09,Feriado Municipal de Cacilhas,N,1,4,2023,14,Primavera,0,0,0,0,0,0,0,0,0,0,1,0,0
U0142,S - Cacilhas,2023-04-25,Feriado Municipal de Cacilhas,S,1,4,2023,17,Primavera,0,0,0,0,0,0,0,0,0,0,1,0,0
U0142,S - Cacilhas,2023-05-01,Feriado Municipal de Cacilhas,S,1,5,2023,18,Primavera,0,0,0,0,0,0,0,0,0,0,1,0,0
U0142,S - Cacilhas,2023-06-08,Feriado Municipal de Cacilhas,S,1,6,2023,23,Verão,0,0,0,0,0,0,0,0,0,1,0,0,0
U0142,S - Cacilhas,2023-06-10,Feriado Municipal de Cacilhas,S,1,6,2023,23,Verão,0,0,0,0,0,0,0,0,0,1,0,0,0
U0142,S - Cacilhas,2023-06-24,Feriado Municipal de Cacilhas,N,1,6,2023,25,Verão,0,0,0,0,0,0,0,0,0,1,0,0,0
U0142,S - Cacilhas,2023-08-15,Feriado Municipal de Cacilhas,S,1,8,2023,33,Verão,0,0,0,0,0,0,0,0,0,1,0,0,0
U0142,S - Cacilhas,2023-10-05,Feriado Municipal de Cacilhas,S,1,10,2023,40,Outono,0,0,0,0,0,0,0,0,0,0,0,1,0
U0142,S - Cacilhas,2023-11-01,Feriado Municipal de Cacilhas,S,1,11,2023,44,Outono,0,0,0,0,0,0,0,0,0,0,0,1,0
U0142,S - Cacilhas,2023-12-01,Feriado Municipal de Cacilhas,S,1,12,2023,48,Inverno,0,0,0,0,0,0,0,0,0,0,0,0,1
U0142,S - Cacilhas,2023-12-08,Feriado Municipal de Cacilhas,S,1,12,2023,49,Inverno,0,0,0,0,0,0,0,0,0,0,0,0,1
U0142,S - Cacilhas,2023-12-25,Feriado Municipal de Cacilhas,S,0,12,2023,52,Inverno,0,0,0,0,0,0,0,0,0,0,0,0,1
U0142,S - Cacilhas,2023-01-01,Feriado Municipal de Cacilhas,S,1,1,2023,52,Inverno,0,0,0,0,0,0,0,0,0,0,0,0,1
U0142,S - Cacilhas,2022-01-01,Feriado Municipal de Cacilhas,S,1,1,2022,52,Inverno,0,0,0,0,0,0,0,0,0,0,0,0,1
U0142,S - Cacilhas,2021-01-01,Feriado Municipal de Cacilhas,S,1,1,2021,53,Inverno,0,0,0,0,0,0,0,0,0,0,0,0,1
U0142,S - Cacilhas,2020-01-01,Feriado Municipal de Cacilhas,S,1,1,2020,1,Inverno,0,0,0,0,0,0,0,0,0,0,0,0,1
U0143,S - Ajuda,2024-01-01,Feriado Municipal de Ajuda,S,1,1,2024,1,Inverno,1,0,0,0,0,0,0,0,0,0,0,0,1
U0143,S - Ajuda,2024-04-07,Feriado Municipal de Ajuda,S,1,4,2024,14,Primavera,0,0,0,0,0,0,0,0,0,0,1,0,0
U0143,S - Ajuda,2024-08-13,Feriado Municipal de Ajuda,S,1,8,2024,33,Verão,0,0,0,0,0,0,0,0,0,1,0,0,0
U0143,S - Ajuda,2023-02-21,Feriado Municipal de Ajuda,N,1,2,2023,8,Inverno,0,0,0,0,0,0,0,0,0,0,0,0,1
U0143,S - Ajuda,2023-04-09,Feriado Municipal de Ajuda,N,1,4,2023,14,Primavera,0,0,0,0,0,0,0,0,0,0,1,0,0
U0143,S - Ajuda,2023-04-25,Feriado Municipal de Ajuda,S,1,4,2023,17,Primavera,0,0,0,0,0,0,0,0,0,0,1,0,0
U0143,S - Ajuda,2023-05-01,Feriado Municipal de Ajuda,S,1,5,2023,18,Primavera,0,0,0,0,0,0,0,0,0,0,1,0,0
U0143,S - Ajuda,2023-06-08,Feriado Municipal de Ajuda,S,1,6,2023,23,Verão,0,0,0,0,0,0,0,0,0,1,0,0,0
U0143,S - Ajuda,2023-06-10,Feriado Municipal de Ajuda,S,1,6,2023,23,Verão,0,0,0,0,0,0,0,0,0,1,0,0,0
U0143,S - Ajuda,2023-08-15,Feriado Municipal de Ajuda,S,1,8,2023,33,Verão,0,0,0,0,0,0,0,0,0,1,0,0,0
U0143,S - Ajuda,2023-10-05,Feriado Municipal de Ajuda,S,1,10,2023,40,Outono,0,0,0,0,0,0,0,0,0,0,0,1,0
U0143,S - Ajuda,2023-11-01,Feriado Municipal de Ajuda,S,1,11,2023,44,Outono,0,0,0,0,0,0,0,0,0,0,0,1,0
U0143,S - Ajuda,2023-12-01,Feriado Municipal de Ajuda,S,1,12,2023,48,Inverno,0,0,0,0,0,0,0,0,0,0,0,0,1
U0143,S - Ajuda,2023-12-08,Feriado Municipal de Ajuda,S,1,12,2023,49,Inverno,0,0,0,0,0,0,0,0,0,0,0,0,1
U0143,S - Ajuda,2023-12-25,Feriado Municipal de Ajuda,S,0,12,2023,52,Inverno,0,0,0,0,0,0,0,0,0,0,0,0,1
U0143,S - Ajuda,2023-01-01,Feriado Municipal de Ajuda,S,1,1,2023,52,Inverno,0,0,0,0,0,0,0,0,0,0,0,0,1
U0143,S - Ajuda,2023-04-07,Feriado Municipal de Ajuda,S,1,4,2023,14,Primavera,0,0,0,0,0,0,0,0,0,0,1,0,0
U0143,S - Ajuda,2023-08-13,Feriado Municipal de Ajuda,S,1,8,2023,32,Verão,0,0,0,0,0,0,0,0,0,1,0,0,0
U0143,S - Ajuda,2022-01-01,Feriado Municipal de Ajuda,S,1,1,2022,52,Inverno,0,0,0,0,0,0,0,0,0,0,0,0,1
U0143,S - Ajuda,2022-04-07,Feriado Municipal de Ajuda,S,1,4,2022,14,Primavera,0,0,0,0,0,0,0,0,0,0,1,0,0
U0143,S - Ajuda,2022-08-13,Feriado Municipal de Ajuda,S,1,8,2022,32,Verão,0,0,0,0,0,0,0,0,0,1,0,0,0
U0143,S - Ajuda,2021-01-01,Feriado Municipal de Ajuda,S,1,1,2021,53,Inverno,0,0,0,0,0,0,0,0,0,0,0,0,1
U0143,S - Ajuda,2021-04-07,Feriado Municipal de Ajuda,S,1,4,2021,14,Primavera,0,0,0,0,0,0,0,0,0,0,1,0,0
U0143,S - Ajuda,2021-08-13,Feriado Municipal de Ajuda,S,1,8,2021,32,Verão,0,0,0,0,0,0,0,0,0,1,0,0,0
U0143,S - Ajuda,2020-01-01,Feriado Municipal de Ajuda,S,1,1,2020,1,Inverno,0,0,0,0,0,0,0,0,0,0,0,0,1
U0143,S - Ajuda,2020-04-07,Feriado Municipal de Ajuda,S,1,4,2020,15,Primavera,0,0,0,0,0,0,0,0,0,0,1,0,0
U0143,S - Ajuda,2020-08-13,Feriado Municipal de Ajuda,S,1,8,2020,33,Verão,0,0,0,0,0,0,0,0,0,1,0,0,0
