FK_LOJA,LOJA,DATA_FERIADO,DESCRICAO_FERIADO,FERIADO_FIXO,TIPO
POR012,Almada Fórum,2021-06-03,Corpo de Deus,N,ABERTO
POR417,S - Nuno Alvares Pereira,2021-06-03,Corpo de Deus,N,ABERTO
POR019,Coina,2021-06-03,Corpo de Deus,N,ABERTO
POR012,Almada Fórum,2021-06-10,Dia de Portugal,N,ABERTO
POR417,S - Nuno Alvares Pereira,2021-06-10,Dia de Portugal,N,ABERTO
POR019,Coina,2021-06-10,Dia de Portugal,N,ABERTO
POR012,Almada Fórum,2021-06-24,Municipal do Porto (24 Jun),N,ABERTO
POR417,S - Nuno Alvares Pereira,2021-06-24,Municipal do Porto (24 Jun),N,ABERTO
POR019,Coina,2021-06-28,Municipal Barreiro (28 Jun),N,ABERTO
POR012,Almada Fórum,2021-08-15,Assunção de Maria,N,ABERTO
POR417,S - Nuno Alvares Pereira,2021-08-15,Assunção de Maria,N,ABERTO
POR019,Coina,2021-08-15,Assunção de Maria,N,ABERTO
POR012,Almada Fórum,2021-10-05,Implantação da República,N,ABERTO
POR417,S - Nuno Alvares Pereira,2021-10-05,Implantação da República,N,ABERTO
POR019,Coina,2021-10-05,Implantação da República,N,ABERTO
POR021,Évora,2021-10-05,Implantação da República,N,ABERTO
POR012,Almada Fórum,2021-11-01,Todos os Santos,N,ABERTO
POR417,S - Nuno Alvares Pereira,2021-11-01,Todos os Santos,N,ABERTO
POR019,Coina,2021-11-01,Todos os Santos,N,ABERTO
POR021,Évora,2021-11-01,Todos os Santos,N,ABERTO
POR027,Setúbal,2021-11-01,Todos os Santos,N,ABERTO
POR434,S - Av. D. João II,2021-11-01,Todos os Santos,N,ABERTO
POR012,Almada Fórum,2021-12-01,Restauração da Independência,N,ABERTO
POR417,S - Nuno Alvares Pereira,2021-12-01,Restauração da Independência,N,ABERTO
POR019,Coina,2021-12-01,Restauração da Independência,N,ABERTO
POR021,Évora,2021-12-01,Restauração da Independência,N,ABERTO
POR027,Setúbal,2021-12-01,Restauração da Independência,N,ABERTO
POR434,S - Av. D. João II,2021-12-01,Restauração da Independência,N,ABERTO
POR012,Almada Fórum,2021-12-08,Imaculada Conceição,N,ABERTO
POR417,S - Nuno Alvares Pereira,2021-12-08,Imaculada Conceição,N,ABERTO
POR019,Coina,2021-12-08,Imaculada Conceição,N,ABERTO
POR021,Évora,2021-12-08,Imaculada Conceição,N,ABERTO
POR027,Setúbal,2021-12-08,Imaculada Conceição,N,ABERTO
POR434,S - Av. D. João II,2021-12-08,Imaculada Conceição,N,ABERTO
POR012,Almada Fórum,2021-12-25,Dia de natal,N,FECHADO
POR417,S - Nuno Alvares Pereira,2021-12-25,Dia de natal,N,FECHADO
POR019,Coina,2021-12-25,Dia de natal,N,FECHADO
POR032,Aveiro,2022-01-01,Dia de Ano Novo,N,ABERTO
POR009,Coimbra,2022-01-01,Dia de Ano Novo,N,FECHADO
POR065,Canidelo,2022-01-01,Dia de Ano Novo,N,FECHADO
POR008,Gaia,2022-01-01,Dia de Ano Novo,N,FECHADO
POR012,Almada Fórum,2022-01-01,Dia de Ano Novo,N,FECHADO
POR417,S - Nuno Alvares Pereira,2022-01-01,Dia de Ano Novo,N,FECHADO
POR019,Coina,2022-01-01,Dia de Ano Novo,N,FECHADO
POR028,Castelo Branco,2022-01-01,Dia de Ano Novo,N,FECHADO
POR054,Guarda,2022-01-01,Dia de Ano Novo,N,FECHADO
POR010,Viseu,2022-01-01,Dia de Ano Novo,N,FECHADO
POR017,Guimarães,2022-01-01,Dia de Ano Novo,N,FECHADO
POR030,Santo Tirso,2022-01-01,Dia de Ano Novo,N,FECHADO
POR016,Matosinhos,2022-01-01,Dia de Ano Novo,N,FECHADO
POR036,Vila Real,2022-01-01,Dia de Ano Novo,N,FECHADO
POR032,Aveiro,2022-03-01,Carnaval,N,ABERTO
POR009,Coimbra,2022-03-01,Carnaval,N,ABERTO
POR065,Canidelo,2022-03-01,Carnaval,N,ABERTO
POR008,Gaia,2022-03-01,Carnaval,N,ABERTO
POR035,Gondomar,2022-03-01,Carnaval,N,ABERTO
POR012,Almada Fórum,2022-03-01,Carnaval,N,ABERTO
POR417,S - Nuno Alvares Pereira,2022-03-01,Carnaval,N,ABERTO
POR019,Coina,2022-03-01,Carnaval,N,ABERTO
POR021,Évora,2022-03-01,Carnaval,N,ABERTO
POR027,Setúbal,2022-03-01,Carnaval,N,ABERTO
POR434,S - Av. D. João II,2022-03-01,Carnaval,N,ABERTO
POR423,S - Bento Gonçalves,2022-03-01,Carnaval,N,ABERTO
POR412,S - Gil Vicente,2022-03-01,Carnaval,N,ABERTO
POR425,S - R.Luis Queiroz,2022-03-01,Carnaval,N,ABERTO
POR405,S - Costa Caparica (Pescadores),2022-03-01,Carnaval,N,ABERTO
POR432,S - Costa Caparica (Navegantes),2022-03-01,Carnaval,N,ABERTO
POR028,Castelo Branco,2022-03-01,Carnaval,N,ABERTO
POR062,Eiras,2022-03-01,Carnaval,N,ABERTO
POR034,Figueira da Foz,2022-03-01,Carnaval,N,ABERTO
POR010,Viseu,2022-03-01,Carnaval,N,ABERTO
POR030,Santo Tirso,2022-03-01,Carnaval,N,ABERTO
POR026,Maia,2022-03-01,Carnaval,N,ABERTO
POR054,Guarda,2022-03-01,Carnaval,N,ABERTO
POR017,Guimarães,2022-03-01,Carnaval,N,ABERTO
POR016,Matosinhos,2022-03-01,Carnaval,N,ABERTO
POR036,Vila Real,2022-03-01,Carnaval,N,ABERTO
POR032,Aveiro,2022-04-15,Sexta-feira Santa,N,ABERTO
POR065,Canidelo,2022-04-15,Sexta-feira Santa,N,ABERTO
POR008,Gaia,2022-04-15,Sexta-feira Santa,N,ABERTO
POR035,Gondomar,2022-04-15,Sexta-feira Santa,N,ABERTO
POR012,Almada Fórum,2022-04-15,Sexta-feira Santa,N,ABERTO
POR417,S - Nuno Alvares Pereira,2022-04-15,Sexta-feira Santa,N,ABERTO
POR019,Coina,2022-04-15,Sexta-feira Santa,N,ABERTO
POR021,Évora,2022-04-15,Sexta-feira Santa,N,ABERTO
POR027,Setúbal,2022-04-15,Sexta-feira Santa,N,ABERTO
POR434,S - Av. D. João II,2022-04-15,Sexta-feira Santa,N,ABERTO
POR423,S - Bento Gonçalves,2022-04-15,Sexta-feira Santa,N,ABERTO
POR432,S - Costa Caparica (Navegantes),2022-04-15,Sexta-feira Santa,N,ABERTO
POR412,S - Gil Vicente,2022-04-15,Sexta-feira Santa,N,ABERTO
POR425,S - R.Luis Queiroz,2022-04-15,Sexta-feira Santa,N,ABERTO
POR405,S - Costa Caparica (Pescadores),2022-04-15,Sexta -Feira Santa,N,ABERTO
POR028,Castelo Branco,2022-04-15,Sexta-feira Santa,N,ABERTO
POR009,Coimbra,2022-04-15,Sexta-feira Santa,N,ABERTO
POR062,Eiras,2022-04-15,Sexta-feira Santa,N,ABERTO
POR031,Famalicão,2022-04-15,Sexta-feira Santa,N,ABERTO
POR034,Figueira da Foz,2022-04-15,Sexta-feira Santa,N,ABERTO
POR010,Viseu,2022-04-15,Sexta-feira Santa,N,ABERTO
POR030,Santo Tirso,2022-04-15,Sexta-feira Santa,N,ABERTO
POR036,Vila Real,2022-04-15,Sexta-feira Santa,N,ABERTO
POR054,Guarda,2022-04-15,Sexta-feira Santa,N,ABERTO
POR017,Guimarães,2022-04-15,Sexta-feira Santa,N,ABERTO
POR026,Maia,2022-04-15,Sexta-feira Santa,N,ABERTO
POR016,Matosinhos,2022-04-15,Sexta-feira Santa,N,ABERTO
POR039,Vila do Conde,2022-04-15,Sexta-feira Santa,N,ABERTO
POR034,Figueira da Foz,2022-04-17,Páscoa,N,ABERTO
POR008,Gaia,2022-04-17,Páscoa,N,ABERTO
POR035,Gondomar,2022-04-17,Páscoa,N,ABERTO
POR012,Almada Fórum,2022-04-17,Páscoa,N,ABERTO
POR417,S - Nuno Alvares Pereira,2022-04-17,Páscoa,N,ABERTO
POR019,Coina,2022-04-17,Páscoa,N,ABERTO
POR021,Évora,2022-04-17,Páscoa,N,ABERTO
POR027,Setúbal,2022-04-17,Páscoa,N,ABERTO
POR434,S - Av. D. João II,2022-04-17,Páscoa,N,ABERTO
POR432,S - Costa Caparica (Navegantes),2022-04-17,Páscoa,N,ABERTO
POR423,S - Bento Gonçalves,2022-04-17,Páscoa,N,ABERTO
POR412,S - Gil Vicente,2022-04-17,Páscoa,N,ABERTO
POR425,S - R.Luis Queiroz,2022-04-17,Páscoa,N,ABERTO
POR405,S - Costa Caparica (Pescadores),2022-04-17,Páscoa,N,ABERTO
POR028,Castelo Branco,2022-04-17,Páscoa,N,ABERTO
POR062,Eiras,2022-04-17,Páscoa,N,ABERTO
POR031,Famalicão,2022-04-17,Páscoa,N,ABERTO
POR010,Viseu,2022-04-17,Páscoa,N,ABERTO
POR030,Santo Tirso,2022-04-17,Páscoa,N,ABERTO
POR036,Vila Real,2022-04-17,Páscoa,N,ABERTO
POR054,Guarda,2022-04-17,Páscoa,N,ABERTO
POR017,Guimarães,2022-04-17,Páscoa,N,ABERTO
POR026,Maia,2022-04-17,Páscoa,N,ABERTO
POR016,Matosinhos,2022-04-17,Páscoa,N,ABERTO
POR039,Vila do Conde,2022-04-17,Páscoa,N,ABERTO
POR032,Aveiro,2022-04-17,Páscoa,N,ABERTO
POR065,Canidelo,2022-04-17,Páscoa,N,ABERTO
POR032,Aveiro,2022-04-25,Dia da Liberdade,N,ABERTO
POR009,Coimbra,2022-04-25,Dia da Liberdade,N,ABERTO
POR065,Canidelo,2022-04-25,Dia da Liberdade,N,ABERTO
POR008,Gaia,2022-04-25,Dia da Liberdade,N,ABERTO
POR008,Gaia,2022-04-25,Dia da Liberdade,N,ABERTO
POR035,Gondomar,2022-04-25,Dia da Liberdade,N,ABERTO
POR012,Almada Fórum,2022-04-25,Dia da Liberdade,N,ABERTO
POR417,S - Nuno Alvares Pereira,2022-04-25,Dia da Liberdade,N,ABERTO
POR019,Coina,2022-04-25,Dia da Liberdade,N,ABERTO
POR021,Évora,2022-04-25,Dia da Liberdade,N,ABERTO
POR027,Setúbal,2022-04-25,Dia da Liberdade,N,ABERTO
POR434,S - Av. D. João II,2022-04-25,Dia da Liberdade,N,ABERTO
POR423,S - Bento Gonçalves,2022-04-25,Dia da Liberdade,N,ABERTO
POR432,S - Costa Caparica (Navegantes),2022-04-25,Dia da Liberdade,N,ABERTO
POR412,S - Gil Vicente,2022-04-25,Dia da Liberdade,N,ABERTO
POR425,S - R.Luis Queiroz,2022-04-25,Dia da Liberdade,N,ABERTO
POR405,S - Costa Caparica (Pescadores),2022-04-25,Dia da Liberdade,N,ABERTO
POR028,Castelo Branco,2022-04-25,Dia da Liberdade,N,ABERTO
POR062,Eiras,2022-04-25,Dia da Liberdade,N,ABERTO
POR010,Viseu,2022-04-25,Dia da Liberdade,N,ABERTO
POR030,Santo Tirso,2022-04-25,Dia da Liberdade,N,ABERTO
POR036,Vila Real,2022-04-25,Dia da Liberdade,N,ABERTO
POR054,Guarda,2022-04-25,Dia da Liberdade,N,ABERTO
POR017,Guimarães,2022-04-25,Dia da Liberdade,N,ABERTO
POR016,Matosinhos,2022-04-25,Dia da Liberdade,N,ABERTO
POR008,Gaia,2022-05-01,1º MAIO - FERIADO ABERTO,N,ABERTO
POR012,Almada Fórum,2022-05-01,1º MAIO - FERIADO ABERTO,N,ABERTO
POR417,S - Nuno Alvares Pereira,2022-05-01,1º MAIO - FERIADO ABERTO,N,ABERTO
POR019,Coina,2022-05-01,1º MAIO - FERIADO ABERTO,N,ABERTO
POR021,Évora,2022-05-01,1º MAIO - FERIADO ABERTO,N,ABERTO
POR027,Setúbal,2022-05-01,1º MAIO - FERIADO ABERTO,N,ABERTO
POR434,S - Av. D. João II,2022-05-01,1º MAIO - FERIADO ABERTO,N,ABERTO
POR423,S - Bento Gonçalves,2022-05-01,1º MAIO - FERIADO ABERTO,N,ABERTO
POR432,S - Costa Caparica (Navegantes),2022-05-01,1º MAIO - FERIADO ABERTO,N,ABERTO
POR412,S - Gil Vicente,2022-05-01,1º MAIO - FERIADO ABERTO,N,ABERTO
POR425,S - R.Luis Queiroz,2022-05-01,1º MAIO - FERIADO ABERTO,N,ABERTO
POR405,S - Costa Caparica (Pescadores),2022-05-01,1º MAIO - FERIADO ABERTO,N,ABERTO
POR028,Castelo Branco,2022-05-01,1º MAIO - FERIADO ABERTO,N,ABERTO
POR062,Eiras,2022-05-01,1º MAIO - FERIADO ABERTO,N,ABERTO
POR054,Guarda,2022-05-01,1º MAIO - FERIADO ABERTO,N,ABERTO
POR036,Vila Real,2022-05-01,1º MAIO - FERIADO ABERTO,N,ABERTO
POR010,Viseu,2022-05-01,1º MAIO - FERIADO ABERTO,N,ABERTO
POR030,Santo Tirso,2022-05-01,1º MAIO - FERIADO ABERTO,N,ABERTO
POR017,Guimarães,2022-05-01,1º MAIO - FERIADO ABERTO,N,ABERTO
POR026,Maia,2022-05-01,1º MAIO - FERIADO ABERTO,N,ABERTO
POR016,Matosinhos,2022-05-01,1º MAIO - FERIADO ABERTO,N,ABERTO
POR032,Aveiro,2022-05-01,1º MAIO - FERIADO ABERTO,N,ABERTO
POR065,Canidelo,2022-05-01,1º MAIO - FERIADO ABERTO,N,ABERTO
POR009,Coimbra,2022-05-01,1º MAIO - FERIADO ABERTO,N,ABERTO
POR419,S - Algés ,2022-06-07,Feriado Municipal de Oeiras,S,ABERTO
POR032,Aveiro,2022-06-10,Dia de Portugal,N,ABERTO
POR065,Canidelo,2022-06-10,Dia de Portugal,N,ABERTO
POR009,Coimbra,2022-06-10,Dia de Portugal,N,ABERTO
POR008,Gaia,2022-06-10,Dia de Portugal,N,ABERTO
POR012,Almada Fórum,2022-06-10,Dia de Portugal,N,ABERTO
POR417,S - Nuno Alvares Pereira,2022-06-10,Dia de Portugal,N,ABERTO
POR019,Coina,2022-06-10,Dia de Portugal,N,ABERTO
POR021,Évora,2022-06-10,Dia de Portugal,N,ABERTO
POR027,Setúbal,2022-06-10,Dia de Portugal,N,ABERTO
POR434,S - Av. D. João II,2022-06-10,Dia de Portugal,N,ABERTO
POR423,S - Bento Gonçalves,2022-06-10,Dia de Portugal,N,ABERTO
POR432,S - Costa Caparica (Navegantes),2022-06-10,Dia de Portugal,N,ABERTO
POR412,S - Gil Vicente,2022-06-10,Dia de Portugal,N,ABERTO
POR425,S - R.Luis Queiroz,2022-06-10,Dia de Portugal,N,ABERTO
POR405,S - Costa Caparica (Pescadores),2022-06-10,Dia de Portugal,N,ABERTO
POR028,Castelo Branco,2022-06-10,Dia de Portugal,N,ABERTO
POR062,Eiras,2022-06-10,Dia de Portugal,N,ABERTO
POR034,Figueira da Foz,2022-06-10,Dia de Portugal,N,ABERTO
POR036,Vila Real,2022-06-10,Dia de Portugal,N,ABERTO
POR010,Viseu,2022-06-10,Dia de Portugal,N,ABERTO
POR054,Guarda,2022-06-10,Dia de Portugal,N,ABERTO
POR030,Santo Tirso,2022-06-10,Dia de Portugal,N,ABERTO
POR017,Guimarães,2022-06-10,Dia de Portugal,N,ABERTO
POR026,Maia,2022-06-10,Dia de Portugal,N,ABERTO
POR016,Matosinhos,2022-06-10,Dia de Portugal,N,ABERTO
POR409,S - Almirante Reis ,2022-06-13,Feriado Municipal de Lisboa,S,ABERTO
POR421,S - Almirante Reis II,2022-06-13,Feriado Municipal de Lisboa,S,ABERTO
POR413,S - Avenida Republica,2022-06-13,Feriado Municipal de Lisboa,S,ABERTO
POR411,S - Benfica,2022-06-13,Feriado Municipal de Lisboa,S,ABERTO
POR414,S - Columbano Bordalo Pinheiro,2022-06-13,Feriado Municipal de Lisboa,S,ABERTO
POR429,S - Carnide,2022-06-13,Feriado Municipal de Lisboa,S,ABERTO
POR408,S - Campolide,2022-06-13,Feriado Municipal de Lisboa,S,ABERTO
POR404,Up Duque Avila,2022-06-13,Feriado Municipal de Lisboa,S,ABERTO
POR406,S - Graça,2022-06-13,Feriado Municipal de Lisboa,S,ABERTO
POR402,S - João XXI,2022-06-13,Feriado Municipal de Lisboa,S,ABERTO
POR424,S - Lumiar,2022-06-13,Feriado Municipal de Lisboa,S,ABERTO
POR403,S - Pascoal de Melo,2022-06-13,Feriado Municipal de Lisboa,S,ABERTO
POR410,S - Penha de Franca,2022-06-13,Feriado Municipal de Lisboa,S,ABERTO
POR422,S - Benificiencia,2022-06-13,Feriado Municipal de Lisboa,S,ABERTO
POR427,S - Estrada de Benfica,2022-06-13,Feriado Municipal de Lisboa,S,ABERTO
POR454,,2022-06-13,Feriado Municipal de Lisboa,S,ABERTO
POR032,Aveiro,2022-06-16,Corpo de Deus,N,ABERTO
POR065,Canidelo,2022-06-16,Corpo de Deus,N,ABERTO
POR034,Figueira da Foz,2022-06-16,Corpo de Deus,N,ABERTO
POR008,Gaia,2022-06-16,Corpo de Deus,N,ABERTO
POR012,Almada Fórum,2022-06-16,Corpo de Deus,N,ABERTO
POR417,S - Nuno Alvares Pereira,2022-06-16,Corpo de Deus,N,ABERTO
POR019,Coina,2022-06-16,Corpo de Deus,N,ABERTO
POR021,Évora,2022-06-16,Corpo de Deus,N,ABERTO
POR027,Setúbal,2022-06-16,Corpo de Deus,N,ABERTO
POR434,S - Av. D. João II,2022-06-16,Corpo de Deus,N,ABERTO
POR432,S - Costa Caparica (Navegantes),2022-06-16,Corpo de Deus,N,ABERTO
POR423,S - Bento Gonçalves,2022-06-16,Corpo de Deus,N,ABERTO
POR412,S - Gil Vicente,2022-06-16,Corpo de Deus,N,ABERTO
POR425,S - R.Luis Queiroz,2022-06-16,Corpo de Deus,N,ABERTO
POR405,S - Costa Caparica (Pescadores),2022-06-16,Corpo de Deus,N,ABERTO
POR028,Castelo Branco,2022-06-16,Corpo de Deus,N,ABERTO
POR009,Coimbra,2022-06-16,Corpo de Deus,N,ABERTO
POR062,Eiras,2022-06-16,Corpo de Deus,N,ABERTO
POR031,Famalicão,2022-06-16,Corpo de Deus,N,ABERTO
POR036,Vila Real,2022-06-16,Corpo de Deus,N,ABERTO
POR010,Viseu,2022-06-16,Corpo de Deus,N,ABERTO
POR054,Guarda,2022-06-16,Corpo de Deus,N,ABERTO
POR017,Guimarães,2022-06-16,Corpo de Deus,N,ABERTO
POR026,Maia,2022-06-16,Corpo de Deus,N,ABERTO
POR030,Santo Tirso,2022-06-16,Corpo de Deus,N,ABERTO
POR016,Matosinhos,2022-06-16,Corpo de Deus,N,ABERTO
POR035,Gondomar,2022-06-16,Corpo de Deus,N,ABERTO
POR039,Vila do Conde,2022-06-16,Corpo de Deus,N,ABERTO
POR032,Aveiro,2022-06-24,Municipal do Porto (24 Jun),N,ABERTO
POR065,Canidelo,2022-06-24,Municipal do Porto (24 Jun),N,ABERTO
POR008,Gaia,2022-06-24,Municipal do Porto (24 Jun),N,ABERTO
POR012,Almada Fórum,2022-06-24,Municipal do Porto (24 Jun),N,ABERTO
POR417,S - Nuno Alvares Pereira,2022-06-24,Municipal do Porto (24 Jun),N,ABERTO
POR423,S - Bento Gonçalves,2022-06-24,Municipal do Porto (24 Jun),N,ABERTO
POR432,S - Costa Caparica (Navegantes),2022-06-24,Municipal do Porto (24 Jun),N,ABERTO
POR412,S - Gil Vicente,2022-06-24,Municipal do Porto (24 Jun),N,ABERTO
POR425,S - R.Luis Queiroz,2022-06-24,Municipal do Porto (24 Jun),N,ABERTO
POR405,S - Costa Caparica (Pescadores),2022-06-24,Feriado Municipal,N,ABERTO
POR031,Famalicão,2022-06-24,Municipal do Porto (24 Jun),N,ABERTO
POR010,Viseu,2022-06-24,Municipal do Porto (24 Jun),N,ABERTO
POR016,Matosinhos,2022-06-24,Municipal do Porto (24 Jun),N,ABERTO
POR030,Santo Tirso,2022-06-24,Municipal do Porto (24 Jun),N,ABERTO
POR026,Maia,2022-06-24,Municipal do Porto (24 Jun),N,ABERTO
POR035,Gondomar,2022-06-24,Municipal do Porto (24 Jun),N,ABERTO
POR039,Vila do Conde,2022-06-24,Municipal do Porto (24 Jun),N,ABERTO
POR019,Coina,2022-06-28,Municipal Barreiro (28 Jun),N,ABERTO
POR021,Évora,2022-06-29,Municipal (29 Jun),N,ABERTO
POR062,Eiras,2022-08-15,Assunção de Maria,N,ABERTO
POR008,Gaia,2022-08-15,Assunção de Maria,N,ABERTO
POR012,Almada Fórum,2022-08-15,Assunção de Maria,N,ABERTO
POR417,S - Nuno Alvares Pereira,2022-08-15,Assunção de Maria,N,ABERTO
POR019,Coina,2022-08-15,Assunção de Maria,N,ABERTO
POR021,Évora,2022-08-15,Assunção de Maria,N,ABERTO
POR027,Setúbal,2022-08-15,Assunção de Maria,N,ABERTO
POR434,S - Av. D. João II,2022-08-15,Assunção de Maria,N,ABERTO
POR423,S - Bento Gonçalves,2022-08-15,Assunção de Maria,N,ABERTO
POR432,S - Costa Caparica (Navegantes),2022-08-15,Assunção de Maria,N,ABERTO
POR412,S - Gil Vicente,2022-08-15,Assunção de Maria,N,ABERTO
POR425,S - R.Luis Queiroz,2022-08-15,Assunção de Maria,N,ABERTO
POR405,S - Costa Caparica (Pescadores),2022-08-15,Assunção de Maria,N,ABERTO
POR028,Castelo Branco,2022-08-15,Assunção de Maria,N,ABERTO
POR034,Figueira da Foz,2022-08-15,Assunção de Maria,N,ABERTO
POR036,Vila Real,2022-08-15,Assunção de Maria,N,ABERTO
POR010,Viseu,2022-08-15,Assunção de Maria,N,ABERTO
POR016,Matosinhos,2022-08-15,Assunção de Maria,N,ABERTO
POR030,Santo Tirso,2022-08-15,Assunção de Maria,N,ABERTO
POR054,Guarda,2022-08-15,Assunção de Maria,N,ABERTO
POR017,Guimarães,2022-08-15,Assunção de Maria,N,ABERTO
POR026,Maia,2022-08-15,Assunção de Maria,N,ABERTO
POR032,Aveiro,2022-08-15,Assunção de Maria,N,ABERTO
POR065,Canidelo,2022-08-15,Assunção de Maria,N,ABERTO
POR027,Setúbal,2022-09-15,Municipal de Setubal (15/09),N,ABERTO
POR434,S - Av. D. João II,2022-09-15,Municipal de Setubal (15/09),N,ABERTO
POR062,Eiras,2022-10-05,Implantação da República,N,ABERTO
POR034,Figueira da Foz,2022-10-05,Implantação da República,N,ABERTO
POR008,Gaia,2022-10-05,Implantação da República,N,ABERTO
POR012,Almada Fórum,2022-10-05,Implantação da República,N,ABERTO
POR417,S - Nuno Alvares Pereira,2022-10-05,Implantação da República,N,ABERTO
POR019,Coina,2022-10-05,Implantação da República,N,ABERTO
POR021,Évora,2022-10-05,Implantação da República,N,ABERTO
POR027,Setúbal,2022-10-05,Implantação da República,N,ABERTO
POR434,S - Av. D. João II,2022-10-05,Implantação da República,N,ABERTO
POR432,S - Costa Caparica (Navegantes),2022-10-05,Implantação da República,N,ABERTO
POR423,S - Bento Gonçalves,2022-10-05,Implantação da República,N,ABERTO
POR412,S - Gil Vicente,2022-10-05,Implantação da República,N,ABERTO
POR425,S - R.Luis Queiroz,2022-10-05,Implantação da República,N,ABERTO
POR405,S - Costa Caparica (Pescadores),2022-10-05,Implantação da República,N,ABERTO
POR028,Castelo Branco,2022-10-05,Implantação da República,N,ABERTO
POR009,Coimbra,2022-10-05,Implantação da República,N,ABERTO
POR036,Vila Real,2022-10-05,Implantação da República,N,ABERTO
POR010,Viseu,2022-10-05,Implantação da República,N,ABERTO
POR030,Santo Tirso,2022-10-05,Implantação da República,N,ABERTO
POR017,Guimarães,2022-10-05,Implantação da República,N,ABERTO
POR054,Guarda,2022-10-05,Implantação da República,N,ABERTO
POR026,Maia,2022-10-05,Implantação da República,N,ABERTO
POR016,Matosinhos,2022-10-05,Implantação da República,N,ABERTO
POR032,Aveiro,2022-10-05,Implantação da República,N,ABERTO
POR065,Canidelo,2022-10-05,Implantação da República,N,ABERTO
POR032,Aveiro,2022-11-01,Todos os Santos,N,ABERTO
POR065,Canidelo,2022-11-01,Todos os Santos,N,ABERTO
POR062,Eiras,2022-11-01,Todos os Santos,N,ABERTO
POR034,Figueira da Foz,2022-11-01,Todos os Santos,N,ABERTO
POR008,Gaia,2022-11-01,Todos os Santos,N,ABERTO
POR012,Almada Fórum,2022-11-01,Todos os Santos,N,ABERTO
POR417,S - Nuno Alvares Pereira,2022-11-01,Todos os Santos,N,ABERTO
POR019,Coina,2022-11-01,Todos os Santos,N,ABERTO
POR021,Évora,2022-11-01,Todos os Santos,N,ABERTO
POR027,Setúbal,2022-11-01,Todos os Santos,N,ABERTO
POR434,S - Av. D. João II,2022-11-01,Todos os Santos,N,ABERTO
POR423,S - Bento Gonçalves,2022-11-01,Todos os Santos,N,ABERTO
POR432,S - Costa Caparica (Navegantes),2022-11-01,Todos os Santos,N,ABERTO
POR412,S - Gil Vicente,2022-11-01,Todos os Santos,N,ABERTO
POR425,S - R.Luis Queiroz,2022-11-01,Todos os Santos,N,ABERTO
POR405,S - Costa Caparica (Pescadores),2022-11-01,Todos os Santos,N,ABERTO
POR028,Castelo Branco,2022-11-01,Todos os Santos,N,ABERTO
POR009,Coimbra,2022-11-01,Todos os Santos,N,ABERTO
POR054,Guarda,2022-11-01,Todos os Santos,N,ABERTO
POR036,Vila Real,2022-11-01,Todos os Santos,N,ABERTO
POR016,Matosinhos,2022-11-01,Todos os Santos,N,ABERTO
POR030,Santo Tirso,2022-11-01,Todos os Santos,N,ABERTO
POR035,Gondomar,2022-11-01,Todos os Santos,N,ABERTO
POR017,Guimarães,2022-11-01,Todos os Santos,N,ABERTO
POR026,Maia,2022-11-01,Todos os Santos,N,ABERTO
POR013,Torres Vedras,2022-11-11,Feriado Municipal,N,ABERTO
POR062,Eiras,2022-12-01,Restauração da Independência,N,ABERTO
POR034,Figueira da Foz,2022-12-01,Restauração da Independência,N,ABERTO
POR008,Gaia,2022-12-01,Restauração da Independência,N,ABERTO
POR012,Almada Fórum,2022-12-01,Restauração da Independência,N,ABERTO
POR417,S - Nuno Alvares Pereira,2022-12-01,Restauração da Independência,N,ABERTO
POR019,Coina,2022-12-01,Restauração da Independência,N,ABERTO
POR021,Évora,2022-12-01,Restauração da Independência,N,ABERTO
POR027,Setúbal,2022-12-01,Restauração da Independência,N,ABERTO
POR434,S - Av. D. João II,2022-12-01,Restauração da Independência,N,ABERTO
POR423,S - Bento Gonçalves,2022-12-01,Restauração da Independência,N,ABERTO
POR432,S - Costa Caparica (Navegantes),2022-12-01,Restauração da Independência,N,ABERTO
POR412,S - Gil Vicente,2022-12-01,Restauração da Independência,N,ABERTO
POR425,S - R.Luis Queiroz,2022-12-01,Restauração da Independência,N,ABERTO
POR405,S - Costa Caparica (Pescadores),2022-12-01,Restauração da Independência,N,ABERTO
POR028,Castelo Branco,2022-12-01,Restauração da Independência,N,ABERTO
POR009,Coimbra,2022-12-01,Restauração da Independência,N,ABERTO
POR054,Guarda,2022-12-01,Restauração da Independência,N,ABERTO
POR036,Vila Real,2022-12-01,Restauração da Independência,N,ABERTO
POR016,Matosinhos,2022-12-01,Restauração da Independência,N,ABERTO
POR030,Santo Tirso,2022-12-01,Restauração da Independência,N,ABERTO
POR017,Guimarães,2022-12-01,Restauração da Independência,N,ABERTO
POR035,Gondomar,2022-12-01,Restauração da Independência,N,ABERTO
POR026,Maia,2022-12-01,Restauração da Independência,N,ABERTO
POR010,Viseu,2022-12-01,Restauração da Independência,S,ABERTO
POR032,Aveiro,2022-12-01,Restauração da Independência,N,ABERTO
POR065,Canidelo,2022-12-01,Restauração da Independência,N,ABERTO
POR012,Almada Fórum,2022-12-08,Imaculada Conceição,N,ABERTO
POR417,S - Nuno Alvares Pereira,2022-12-08,Imaculada Conceição,N,ABERTO
POR019,Coina,2022-12-08,Imaculada Conceição,N,ABERTO
POR021,Évora,2022-12-08,Imaculada Conceição,N,ABERTO
POR027,Setúbal,2022-12-08,Imaculada Conceição,N,ABERTO
POR434,S - Av. D. João II,2022-12-08,Imaculada Conceição,N,ABERTO
POR423,S - Bento Gonçalves,2022-12-08,Imaculada Conceição,N,ABERTO
POR432,S - Costa Caparica (Navegantes),2022-12-08,Imaculada Conceição,N,ABERTO
POR412,S - Gil Vicente,2022-12-08,Imaculada Conceição,N,ABERTO
POR425,S - R.Luis Queiroz,2022-12-08,Imaculada Conceição,N,ABERTO
POR405,S - Costa Caparica (Pescadores),2022-12-08,Imaculada Conceição,N,ABERTO
POR031,Famalicão,2022-12-08,Imaculada Conceição,N,ABERTO
POR010,Viseu,2022-12-08,Imaculada Conceição,N,ABERTO
POR036,Vila Real,2022-12-08,Imaculada Conceição,N,ABERTO
POR030,Santo Tirso,2022-12-08,Imaculada Conceição,N,ABERTO
POR017,Guimarães,2022-12-08,Imaculada Conceição,N,ABERTO
POR054,Guarda,2022-12-08,Imaculada Conceição,N,ABERTO
POR026,Maia,2022-12-08,Imaculada Conceição,N,ABERTO
POR016,Matosinhos,2022-12-08,Imaculada Conceição,N,ABERTO
POR039,Vila do Conde,2022-12-08,Imaculada Conceição,N,ABERTO
POR028,Castelo Branco,2022-12-08,Imaculada Conceição,S,ABERTO
POR032,Aveiro,2022-12-08,Imaculada Conceição,N,ABERTO
POR065,Canidelo,2022-12-08,Imaculada Conceição,N,ABERTO
POR009,Coimbra,2022-12-08,Imaculada Conceição,N,ABERTO
POR062,Eiras,2022-12-08,Imaculada Conceição,N,ABERTO
POR034,Figueira da Foz,2022-12-08,Imaculada Conceição,N,ABERTO
POR008,Gaia,2022-12-08,Imaculada Conceição,N,ABERTO
POR032,Aveiro,2022-12-25,Dia de natal,N,ABERTO
POR065,Canidelo,2022-12-25,Dia de natal,N,FECHADO
POR034,Figueira da Foz,2022-12-25,Dia de natal,N,ABERTO
POR008,Gaia,2022-12-25,Dia de natal,N,FECHADO
POR012,Almada Fórum,2022-12-25,Dia de natal,N,FECHADO
POR417,S - Nuno Alvares Pereira,2022-12-25,Dia de natal,N,FECHADO
POR019,Coina,2022-12-25,Dia de natal,N,FECHADO
POR010,Viseu,2022-12-25,Dia de natal,N,FECHADO
POR036,Vila Real,2022-12-25,Dia de natal,N,FECHADO
POR017,Guimarães,2022-12-25,Dia de natal,N,FECHADO
POR054,Guarda,2022-12-25,Dia de natal,N,FECHADO
POR030,Santo Tirso,2022-12-25,Dia de natal,N,FECHADO
POR016,Matosinhos,2022-12-25,Dia de natal,N,FECHADO
POR013,Torres Vedras,2023-01-01,Ano Novo,N,ABERTO
POR034,Figueira da Foz,2023-01-01,Dia de Ano Novo,N,FECHADO
POR009,Coimbra,2023-01-01,Dia Ano Novo,N,ABERTO
POR405,S - Costa Caparica (Pescadores),2023-01-01,Dia de Ano Novo,S,FECHADO
POR021,Évora,2023-01-01,Dia de Ano Novo,S,FECHADO
POR403,S - Pascoal de Melo,2023-01-01,Dia de Ano Novo,S,FECHADO
POR406,S - Graça,2023-02-21,Carnaval,N,ABERTO
POR402,S - João XXI,2023-02-21,Carnaval,N,ABERTO
POR435,S - Jose Ricardo,2023-02-21,Carnaval,N,ABERTO
POR424,S - Lumiar,2023-02-21,Carnaval,N,ABERTO
POR416,S - Odivelas,2023-02-21,Carnaval,N,ABERTO
POR025,Alfragide,2023-02-21,Carnaval,N,ABERTO
POR052,Caldas da Rainha,2023-02-21,Carnaval,N,ABERTO
POR057,Campera,2023-02-21,Carnaval,N,ABERTO
POR033,Faro,2023-02-21,Carnaval,N,ABERTO
POR058,Faro Mercado,2023-02-21,Carnaval,N,ABERTO
POR063,Lagoa,2023-02-21,Carnaval,N,ABERTO
POR053,Olhão,2023-02-21,Carnaval,N,ABERTO
POR018,Paço de Arcos,2023-02-21,Carnaval,N,ABERTO
POR023,Portimão,2023-02-21,Carnaval,N,ABERTO
POR038,Sintra,2023-02-21,Carnaval,N,ABERTO
POR013,Torres Vedras,2023-02-21,Carnaval,N,ABERTO
POR029,Alverca,2023-02-21,Carnaval,N,ABERTO
POR419,S - Algés ,2023-02-21,Carnaval,N,ABERTO
POR409,S - Almirante Reis ,2023-02-21,Carnaval,N,ABERTO
POR421,S - Almirante Reis II,2023-02-21,Carnaval,N,ABERTO
POR430,S - Amadora,2023-02-21,Carnaval,N,ABERTO
POR413,S - Avenida Republica,2023-02-21,Carnaval,N,ABERTO
POR411,S - Benfica,2023-02-21,Carnaval,N,ABERTO
POR422,S - Benificiencia,2023-02-21,Carnaval,N,ABERTO
POR420,S - Bobadela,2023-02-21,Carnaval,N,ABERTO
POR436,S - Campo de Ourique,2023-02-21,Carnaval,N,ABERTO
POR408,S - Campolide,2023-02-21,Carnaval,N,ABERTO
POR429,S - Carnide,2023-02-21,Carnaval,N,ABERTO
POR414,S - Columbano Bordalo Pinheiro,2023-02-21,Carnaval,N,ABERTO
POR404,Up Duque Avila,2023-02-21,Carnaval,N,ABERTO
POR427,S - Estrada de Benfica,2023-02-21,Carnaval,N,ABERTO
POR019,Coina,2023-02-21,Carnaval,N,ABERTO
POR417,S - Nuno Alvares Pereira,2023-02-21,Carnaval,N,ABERTO
POR027,Setúbal,2023-02-21,Carnaval,N,ABERTO
POR412,S - Gil Vicente,2023-02-21,Carnaval,N,ABERTO
POR423,S - Bento Gonçalves,2023-02-21,Carnaval,N,ABERTO
POR425,S - R.Luis Queiroz,2023-02-21,Carnaval,N,ABERTO
POR434,S - Av. D. João II,2023-02-21,Carnaval,N,ABERTO
POR432,S - Costa Caparica (Navegantes),2023-02-21,Carnaval,N,ABERTO
POR405,S - Costa Caparica (Pescadores),2023-02-21,Carnaval,N,ABERTO
POR021,Évora,2023-02-21,Carnaval,N,ABERTO
POR010,Viseu,2023-02-21,Carnaval,N,ABERTO
POR054,Guarda,2023-02-21,Carnaval,N,ABERTO
POR028,Castelo Branco,2023-02-21,Carnaval,N,ABERTO
POR009,Coimbra,2023-02-21,Carnaval,N,ABERTO
POR032,Aveiro,2023-02-21,Carnaval,N,ABERTO
POR034,Figueira da Foz,2023-02-21,Carnaval,N,ABERTO
POR062,Eiras,2023-02-21,Carnaval,N,ABERTO
POR030,Santo Tirso,2023-02-21,Carnaval,N,ABERTO
POR036,Vila Real,2023-02-21,Carnaval,N,ABERTO
POR017,Guimarães,2023-02-21,Carnaval,N,ABERTO
POR031,Famalicão,2023-02-21,Carnaval,N,ABERTO
POR026,Maia,2023-02-21,Carnaval,N,ABERTO
POR008,Gaia,2023-02-21,Carnaval,N,ABERTO
POR065,Canidelo,2023-02-21,Carnaval,N,ABERTO
POR016,Matosinhos,2023-02-21,Carnaval,N,ABERTO
POR012,Almada Fórum,2023-02-21,Carnaval,N,ABERTO
POR433,S - Oscar Monteiro,2023-02-21,Carnaval,N,ABERTO
POR403,S - Pascoal de Melo,2023-02-21,Carnaval,N,ABERTO
POR437,S - Pedro Nunes,2023-02-21,Carnaval,N,ABERTO
POR410,S - Penha de Franca,2023-02-21,Carnaval,N,ABERTO
POR407,S - Queluz,2023-02-21,Carnaval,N,ABERTO
POR438,S - Rua Visconde Santarém,2023-02-21,Carnaval,N,ABERTO
POR039,Vila do Conde,2023-02-21,Carnaval,N,ABERTO
U0143,S - Ajuda,2023-02-21,Carnaval,N,ABERTO
POR035,Gondomar,2023-02-21,Feriado-carnaval,N,ABERTO
U0142,S - Cacilhas,2023-02-21,Carnaval,N,ABERTO
U0141,S - Vila Franca de Xira,2023-02-21,Carnaval,N,ABERTO
POR445,S - Conde Redondo,2023-02-21,Carnaval,N,ABERTO
POR454,,2023-02-21,Carnaval,N,ABERTO
POR406,S - Graça,2023-04-07,Sexta-Feira Santa,N,ABERTO
POR402,S - João XXI,2023-04-07,Sexta-Feira Santa,N,ABERTO
POR435,S - Jose Ricardo,2023-04-07,Sexta-Feira Santa,N,ABERTO
POR424,S - Lumiar,2023-04-07,Sexta-Feira Santa,N,ABERTO
POR416,S - Odivelas,2023-04-07,Sexta-Feira Santa,N,ABERTO
POR025,Alfragide,2023-04-07,Sexta-Feira Santa,N,ABERTO
POR052,Caldas da Rainha,2023-04-07,Sexta-Feira Santa,N,ABERTO
POR057,Campera,2023-04-07,Sexta-Feira Santa,N,ABERTO
POR053,Olhão,2023-04-07,Sexta-Feira Santa,N,ABERTO
POR033,Faro,2023-04-07,Sexta-Feira Santa,N,ABERTO
POR058,Faro Mercado,2023-04-07,Sexta-Feira Santa,N,ABERTO
POR063,Lagoa,2023-04-07,Sexta-Feira Santa,N,ABERTO
POR018,Paço de Arcos,2023-04-07,Sexta-Feira Santa,N,ABERTO
POR023,Portimão,2023-04-07,Sexta-Feira Santa,N,ABERTO
POR038,Sintra,2023-04-07,Sexta-Feira Santa,N,ABERTO
POR013,Torres Vedras,2023-04-07,Sexta-Feira Santa,N,ABERTO
POR029,Alverca,2023-04-07,Sexta-Feira Santa,N,ABERTO
POR419,S - Algés ,2023-04-07,Sexta-Feira Santa,N,ABERTO
POR409,S - Almirante Reis ,2023-04-07,Sexta-Feira Santa,N,ABERTO
POR421,S - Almirante Reis II,2023-04-07,Sexta-Feira Santa,N,ABERTO
POR430,S - Amadora,2023-04-07,Sexta-Feira Santa,N,ABERTO
POR413,S - Avenida Republica,2023-04-07,Sexta-Feira Santa,N,ABERTO
POR411,S - Benfica,2023-04-07,Sexta-Feira Santa,N,ABERTO
POR422,S - Benificiencia,2023-04-07,Sexta-Feira Santa,N,ABERTO
POR420,S - Bobadela,2023-04-07,Sexta-Feira Santa,N,ABERTO
POR436,S - Campo de Ourique,2023-04-07,Sexta-Feira Santa,N,ABERTO
POR408,S - Campolide,2023-04-07,Sexta-Feira Santa,N,ABERTO
POR429,S - Carnide,2023-04-07,Sexta-Feira Santa,N,ABERTO
POR414,S - Columbano Bordalo Pinheiro,2023-04-07,Sexta-Feira Santa,N,ABERTO
POR404,Up Duque Avila,2023-04-07,Sexta-Feira Santa,N,ABERTO
POR427,S - Estrada de Benfica,2023-04-07,Sexta-Feira Santa,N,ABERTO
POR019,Coina,2023-04-07,Sexta-Feira Santa,N,ABERTO
POR417,S - Nuno Alvares Pereira,2023-04-07,Sexta-Feira Santa,N,ABERTO
POR027,Setúbal,2023-04-07,Sexta-Feira Santa,N,ABERTO
POR412,S - Gil Vicente,2023-04-07,Sexta-Feira Santa,N,ABERTO
POR423,S - Bento Gonçalves,2023-04-07,Sexta-Feira Santa,N,ABERTO
POR425,S - R.Luis Queiroz,2023-04-07,Sexta-Feira Santa,N,ABERTO
POR434,S - Av. D. João II,2023-04-07,Sexta-Feira Santa,N,ABERTO
POR432,S - Costa Caparica (Navegantes),2023-04-07,Sexta-Feira Santa,N,ABERTO
POR405,S - Costa Caparica (Pescadores),2023-04-07,Sexta-Feira Santa,N,ABERTO
POR021,Évora,2023-04-07,Sexta-Feira Santa,N,ABERTO
POR010,Viseu,2023-04-07,Sexta-Feira Santa,N,ABERTO
POR054,Guarda,2023-04-07,Sexta-Feira Santa,N,ABERTO
POR028,Castelo Branco,2023-04-07,Sexta-Feira Santa,N,ABERTO
POR009,Coimbra,2023-04-07,Sexta-Feira Santa,N,ABERTO
POR032,Aveiro,2023-04-07,Sexta-Feira Santa,N,ABERTO
POR034,Figueira da Foz,2023-04-07,Sexta-Feira Santa,N,ABERTO
POR062,Eiras,2023-04-07,Sexta-Feira Santa,N,ABERTO
POR030,Santo Tirso,2023-04-07,Sexta-Feira Santa,N,ABERTO
POR036,Vila Real,2023-04-07,Sexta-Feira Santa,N,ABERTO
POR017,Guimarães,2023-04-07,Sexta-Feira Santa,N,ABERTO
POR026,Maia,2023-04-07,Sexta-Feira Santa,N,ABERTO
POR035,Gondomar,2023-04-07,Sexta-Feira Santa,N,ABERTO
POR008,Gaia,2023-04-07,Sexta-Feira Santa,N,ABERTO
POR065,Canidelo,2023-04-07,Sexta-Feira Santa,N,ABERTO
POR016,Matosinhos,2023-04-07,Sexta-Feira Santa,N,ABERTO
POR012,Almada Fórum,2023-04-07,Sexta-Feira Santa,N,ABERTO
POR433,S - Oscar Monteiro,2023-04-07,Sexta-Feira Santa,N,ABERTO
POR403,S - Pascoal de Melo,2023-04-07,Sexta-Feira Santa,N,ABERTO
POR437,S - Pedro Nunes,2023-04-07,Sexta-Feira Santa,N,ABERTO
POR410,S - Penha de Franca,2023-04-07,Sexta-Feira Santa,N,ABERTO
POR407,S - Queluz,2023-04-07,Sexta-Feira Santa,N,ABERTO
POR438,S - Rua Visconde Santarém,2023-04-07,Sexta-Feira Santa,N,ABERTO
POR039,Vila do Conde,2023-04-07,Sexta-Feira Santa,N,ABERTO
U0142,S - Cacilhas,2023-04-07,Sexta-Feira Santa,N,ABERTO
U0141,S - Vila Franca de Xira,2023-04-07,Sexta-Feira Santa,N,ABERTO
POR031,Famalicão,2023-04-07,Sexta-Feira Santa,N,ABERTO
POR446,S - Bento Jesus,2023-04-07,Sexta-Feira Santa,N,ABERTO
POR445,S - Conde Redondo,2023-04-07,Sexta-Feira Santa,N,ABERTO
POR454,,2023-04-07,Sexta-Feira Santa,N,ABERTO
POR406,S - Graça,2023-04-09,Páscoa,N,ABERTO
POR402,S - João XXI,2023-04-09,Páscoa,N,ABERTO
POR435,S - Jose Ricardo,2023-04-09,Páscoa,N,ABERTO
POR424,S - Lumiar,2023-04-09,Páscoa,N,ABERTO
POR416,S - Odivelas,2023-04-09,Páscoa,N,ABERTO
POR025,Alfragide,2023-04-09,Páscoa,N,ABERTO
POR052,Caldas da Rainha,2023-04-09,Páscoa,N,ABERTO
POR057,Campera,2023-04-09,Páscoa,N,ABERTO
POR033,Faro,2023-04-09,Páscoa,N,ABERTO
POR058,Faro Mercado,2023-04-09,Páscoa,N,ABERTO
POR063,Lagoa,2023-04-09,Páscoa,N,ABERTO
POR053,Olhão,2023-04-09,Páscoa,N,ABERTO
POR018,Paço de Arcos,2023-04-09,Páscoa,N,ABERTO
POR023,Portimão,2023-04-09,Páscoa,N,ABERTO
POR038,Sintra,2023-04-09,Páscoa,N,ABERTO
POR013,Torres Vedras,2023-04-09,Páscoa,N,ABERTO
POR029,Alverca,2023-04-09,Páscoa,N,ABERTO
POR419,S - Algés ,2023-04-09,Páscoa,N,ABERTO
POR409,S - Almirante Reis ,2023-04-09,Páscoa,N,ABERTO
POR421,S - Almirante Reis II,2023-04-09,Páscoa,N,ABERTO
POR430,S - Amadora,2023-04-09,Páscoa,N,ABERTO
POR413,S - Avenida Republica,2023-04-09,Páscoa,N,ABERTO
POR411,S - Benfica,2023-04-09,Páscoa,N,ABERTO
POR422,S - Benificiencia,2023-04-09,Páscoa,N,ABERTO
POR420,S - Bobadela,2023-04-09,Páscoa,N,ABERTO
POR436,S - Campo de Ourique,2023-04-09,Páscoa,N,ABERTO
POR408,S - Campolide,2023-04-09,Páscoa,N,ABERTO
POR429,S - Carnide,2023-04-09,Páscoa,N,ABERTO
POR414,S - Columbano Bordalo Pinheiro,2023-04-09,Páscoa,N,ABERTO
POR404,Up Duque Avila,2023-04-09,Páscoa,N,ABERTO
POR427,S - Estrada de Benfica,2023-04-09,Páscoa,N,ABERTO
POR019,Coina,2023-04-09,Páscoa,N,ABERTO
POR417,S - Nuno Alvares Pereira,2023-04-09,Páscoa,N,ABERTO
POR027,Setúbal,2023-04-09,Páscoa,N,ABERTO
POR412,S - Gil Vicente,2023-04-09,Páscoa,N,ABERTO
POR423,S - Bento Gonçalves,2023-04-09,Páscoa,N,ABERTO
POR425,S - R.Luis Queiroz,2023-04-09,Páscoa,N,ABERTO
POR434,S - Av. D. João II,2023-04-09,Páscoa,N,ABERTO
POR432,S - Costa Caparica (Navegantes),2023-04-09,Páscoa,N,ABERTO
POR405,S - Costa Caparica (Pescadores),2023-04-09,Páscoa,N,ABERTO
POR021,Évora,2023-04-09,Páscoa,N,ABERTO
POR010,Viseu,2023-04-09,Páscoa,N,ABERTO
POR054,Guarda,2023-04-09,Páscoa,N,ABERTO
POR028,Castelo Branco,2023-04-09,Páscoa,N,ABERTO
POR009,Coimbra,2023-04-09,Páscoa,N,ABERTO
POR032,Aveiro,2023-04-09,Páscoa,N,ABERTO
POR034,Figueira da Foz,2023-04-09,Páscoa,N,ABERTO
POR062,Eiras,2023-04-09,Páscoa,N,ABERTO
POR030,Santo Tirso,2023-04-09,Páscoa,N,ABERTO
POR036,Vila Real,2023-04-09,Páscoa,N,ABERTO
POR017,Guimarães,2023-04-09,Páscoa,N,ABERTO
POR031,Famalicão,2023-04-09,Páscoa,N,ABERTO
POR026,Maia,2023-04-09,Páscoa,N,ABERTO
POR035,Gondomar,2023-04-09,Páscoa,N,ABERTO
POR008,Gaia,2023-04-09,Páscoa,N,ABERTO
POR065,Canidelo,2023-04-09,Páscoa,N,ABERTO
POR016,Matosinhos,2023-04-09,Páscoa,N,ABERTO
POR012,Almada Fórum,2023-04-09,Páscoa,N,ABERTO
POR433,S - Oscar Monteiro,2023-04-09,Páscoa,N,ABERTO
POR403,S - Pascoal de Melo,2023-04-09,Páscoa,N,ABERTO
POR437,S - Pedro Nunes,2023-04-09,Páscoa,N,ABERTO
POR410,S - Penha de Franca,2023-04-09,Páscoa,N,ABERTO
POR407,S - Queluz,2023-04-09,Páscoa,N,ABERTO
POR438,S - Rua Visconde Santarém,2023-04-09,Páscoa,N,ABERTO
POR039,Vila do Conde,2023-04-09,Páscoa,N,ABERTO
U0143,S - Ajuda,2023-04-09,Páscoa,N,ABERTO
U0142,S - Cacilhas,2023-04-09,Páscoa,N,ABERTO
U0141,S - Vila Franca de Xira,2023-04-09,Páscoa,N,ABERTO
POR446,S - Bento Jesus,2023-04-09,Páscoa,N,ABERTO
POR454,,2023-04-09,Páscoa,N,ABERTO
POR406,S - Graça,2023-04-25,Dia da Liberdade,S,ABERTO
POR402,S - João XXI,2023-04-25,Dia da Liberdade,S,ABERTO
POR435,S - Jose Ricardo,2023-04-25,Dia da Liberdade,S,ABERTO
POR424,S - Lumiar,2023-04-25,Dia da Liberdade,S,ABERTO
POR416,S - Odivelas,2023-04-25,Dia da Liberdade,S,ABERTO
POR025,Alfragide,2023-04-25,Dia da Liberdade,S,ABERTO
POR052,Caldas da Rainha,2023-04-25,Dia da Liberdade,S,ABERTO
POR057,Campera,2023-04-25,Dia da Liberdade,S,ABERTO
POR033,Faro,2023-04-25,Dia da Liberdade,S,ABERTO
POR058,Faro Mercado,2023-04-25,Dia da Liberdade,S,ABERTO
POR063,Lagoa,2023-04-25,Dia da Liberdade,S,ABERTO
POR053,Olhão,2023-04-25,Dia da Liberdade,S,ABERTO
POR018,Paço de Arcos,2023-04-25,Dia da Liberdade,S,ABERTO
POR023,Portimão,2023-04-25,Dia da Liberdade,S,ABERTO
POR038,Sintra,2023-04-25,Dia da Liberdade,S,ABERTO
POR013,Torres Vedras,2023-04-25,Dia da Liberdade,S,ABERTO
POR419,S - Algés ,2023-04-25,Dia da Liberdade,S,ABERTO
POR409,S - Almirante Reis ,2023-04-25,Dia da Liberdade,S,ABERTO
POR421,S - Almirante Reis II,2023-04-25,Dia da Liberdade,S,ABERTO
POR430,S - Amadora,2023-04-25,Dia da Liberdade,S,ABERTO
POR413,S - Avenida Republica,2023-04-25,Dia da Liberdade,S,ABERTO
POR411,S - Benfica,2023-04-25,Dia da Liberdade,S,ABERTO
POR422,S - Benificiencia,2023-04-25,Dia da Liberdade,S,ABERTO
POR436,S - Campo de Ourique,2023-04-25,Dia da Liberdade,S,ABERTO
POR420,S - Bobadela,2023-04-25,Dia da Liberdade,S,ABERTO
POR408,S - Campolide,2023-04-25,Dia da Liberdade,S,ABERTO
POR429,S - Carnide,2023-04-25,Dia da Liberdade,S,ABERTO
POR414,S - Columbano Bordalo Pinheiro,2023-04-25,Dia da Liberdade,S,ABERTO
POR404,Up Duque Avila,2023-04-25,Dia da Liberdade,S,ABERTO
POR427,S - Estrada de Benfica,2023-04-25,Dia da Liberdade,S,ABERTO
POR019,Coina,2023-04-25,Dia da Liberdade,S,ABERTO
POR417,S - Nuno Alvares Pereira,2023-04-25,Dia da Liberdade,S,ABERTO
POR027,Setúbal,2023-04-25,Dia da Liberdade,S,ABERTO
POR412,S - Gil Vicente,2023-04-25,Dia da Liberdade,S,ABERTO
POR423,S - Bento Gonçalves,2023-04-25,Dia da Liberdade,S,ABERTO
POR425,S - R.Luis Queiroz,2023-04-25,Dia da Liberdade,S,ABERTO
POR434,S - Av. D. João II,2023-04-25,Dia da Liberdade,S,ABERTO
POR432,S - Costa Caparica (Navegantes),2023-04-25,Dia da Liberdade,S,ABERTO
POR405,S - Costa Caparica (Pescadores),2023-04-25,Dia da Liberdade,S,ABERTO
POR021,Évora,2023-04-25,Dia da Liberdade,S,ABERTO
POR010,Viseu,2023-04-25,Dia da Liberdade,S,ABERTO
POR054,Guarda,2023-04-25,Dia da Liberdade,S,ABERTO
POR028,Castelo Branco,2023-04-25,Dia da Liberdade,S,ABERTO
POR009,Coimbra,2023-04-25,Dia da Liberdade,S,ABERTO
POR032,Aveiro,2023-04-25,Dia da Liberdade,S,ABERTO
POR034,Figueira da Foz,2023-04-25,Dia da Liberdade,S,ABERTO
POR062,Eiras,2023-04-25,Dia da Liberdade,S,ABERTO
POR030,Santo Tirso,2023-04-25,Dia da Liberdade,S,ABERTO
POR036,Vila Real,2023-04-25,Dia da Liberdade,S,ABERTO
POR017,Guimarães,2023-04-25,Dia da Liberdade,S,ABERTO
POR008,Gaia,2023-04-25,Dia da Liberdade,S,ABERTO
POR065,Canidelo,2023-04-25,Dia da Liberdade,S,ABERTO
POR016,Matosinhos,2023-04-25,Dia da Liberdade,S,ABERTO
POR012,Almada Fórum,2023-04-25,Dia da Liberdade,S,ABERTO
POR433,S - Oscar Monteiro,2023-04-25,Dia da Liberdade,S,ABERTO
POR403,S - Pascoal de Melo,2023-04-25,Dia da Liberdade,S,ABERTO
POR437,S - Pedro Nunes,2023-04-25,Dia da Liberdade,S,ABERTO
POR410,S - Penha de Franca,2023-04-25,Dia da Liberdade,S,ABERTO
POR407,S - Queluz,2023-04-25,Dia da Liberdade,S,ABERTO
POR438,S - Rua Visconde Santarém,2023-04-25,Dia da Liberdade,S,ABERTO
POR029,Alverca,2023-04-25,Dia da Liberdade,S,ABERTO
U0142,S - Cacilhas,2023-04-25,Dia da Liberdade,S,ABERTO
U0143,S - Ajuda,2023-04-25,Dia da Liberdade,S,ABERTO
POR446,S - Bento Jesus,2023-04-25,Dia da Liberdade,S,ABERTO
POR454,,2023-04-25,Dia da Liberdade,S,ABERTO
POR406,S - Graça,2023-05-01,Dia do Trabalhador,S,ABERTO
POR402,S - João XXI,2023-05-01,Dia do Trabalhador,S,ABERTO
POR435,S - Jose Ricardo,2023-05-01,Dia do Trabalhador,S,ABERTO
POR424,S - Lumiar,2023-05-01,Dia do Trabalhador,S,ABERTO
POR416,S - Odivelas,2023-05-01,Dia do Trabalhador,S,ABERTO
POR025,Alfragide,2023-05-01,Dia do Trabalhador,S,ABERTO
POR052,Caldas da Rainha,2023-05-01,Dia do Trabalhador,S,ABERTO
POR057,Campera,2023-05-01,Dia do Trabalhador,S,ABERTO
POR033,Faro,2023-05-01,Dia do Trabalhador,S,ABERTO
POR058,Faro Mercado,2023-05-01,Dia do Trabalhador,S,ABERTO
POR063,Lagoa,2023-05-01,Dia do Trabalhador,S,ABERTO
POR053,Olhão,2023-05-01,Dia do Trabalhador,S,ABERTO
POR018,Paço de Arcos,2023-05-01,Dia do Trabalhador,S,ABERTO
POR023,Portimão,2023-05-01,Dia do Trabalhador,S,ABERTO
POR038,Sintra,2023-05-01,Dia do Trabalhador,S,ABERTO
POR029,Alverca,2023-05-01,Dia do Trabalhador,S,ABERTO
POR419,S - Algés ,2023-05-01,Dia do Trabalhador,S,ABERTO
POR409,S - Almirante Reis ,2023-05-01,Dia do Trabalhador,S,ABERTO
POR421,S - Almirante Reis II,2023-05-01,Dia do Trabalhador,S,ABERTO
POR430,S - Amadora,2023-05-01,Dia do Trabalhador,S,ABERTO
POR413,S - Avenida Republica,2023-05-01,Dia do Trabalhador,S,ABERTO
POR411,S - Benfica,2023-05-01,Dia do Trabalhador,S,ABERTO
POR422,S - Benificiencia,2023-05-01,Dia do Trabalhador,S,ABERTO
POR420,S - Bobadela,2023-05-01,Dia do Trabalhador,S,ABERTO
POR436,S - Campo de Ourique,2023-05-01,Dia do Trabalhador,S,ABERTO
POR408,S - Campolide,2023-05-01,Dia do Trabalhador,S,ABERTO
POR429,S - Carnide,2023-05-01,Dia do Trabalhador,S,ABERTO
POR414,S - Columbano Bordalo Pinheiro,2023-05-01,Dia do Trabalhador,S,ABERTO
POR404,Up Duque Avila,2023-05-01,Dia do Trabalhador,S,ABERTO
POR427,S - Estrada de Benfica,2023-05-01,Dia do Trabalhador,S,ABERTO
POR019,Coina,2023-05-01,Dia do Trabalhador,S,ABERTO
POR417,S - Nuno Alvares Pereira,2023-05-01,Dia do Trabalhador,S,ABERTO
POR027,Setúbal,2023-05-01,Dia do Trabalhador,S,ABERTO
POR412,S - Gil Vicente,2023-05-01,Dia do Trabalhador,S,ABERTO
POR423,S - Bento Gonçalves,2023-05-01,Dia do Trabalhador,S,ABERTO
POR425,S - R.Luis Queiroz,2023-05-01,Dia do Trabalhador,S,ABERTO
POR434,S - Av. D. João II,2023-05-01,Dia do Trabalhador,S,ABERTO
POR432,S - Costa Caparica (Navegantes),2023-05-01,Dia do Trabalhador,S,ABERTO
POR405,S - Costa Caparica (Pescadores),2023-05-01,Dia do Trabalhador,S,ABERTO
POR021,Évora,2023-05-01,Dia do Trabalhador,S,ABERTO
POR010,Viseu,2023-05-01,Dia do Trabalhador,S,ABERTO
POR054,Guarda,2023-05-01,Dia do Trabalhador,S,ABERTO
POR028,Castelo Branco,2023-05-01,Dia do Trabalhador,S,ABERTO
POR009,Coimbra,2023-05-01,Dia do Trabalhador,S,ABERTO
POR032,Aveiro,2023-05-01,Dia do Trabalhador,S,ABERTO
POR034,Figueira da Foz,2023-05-01,Dia do Trabalhador,S,ABERTO
POR062,Eiras,2023-05-01,Dia do Trabalhador,S,ABERTO
POR030,Santo Tirso,2023-05-01,Dia do Trabalhador,S,ABERTO
POR036,Vila Real,2023-05-01,Dia do Trabalhador,S,ABERTO
POR017,Guimarães,2023-05-01,Dia do Trabalhador,S,ABERTO
POR031,Famalicão,2023-05-01,Dia do Trabalhador,S,ABERTO
POR026,Maia,2023-05-01,Dia do Trabalhador,S,ABERTO
POR035,Gondomar,2023-05-01,Dia do Trabalhador,S,ABERTO
POR008,Gaia,2023-05-01,Dia do Trabalhador,S,ABERTO
POR065,Canidelo,2023-05-01,Dia do Trabalhador,S,ABERTO
POR016,Matosinhos,2023-05-01,Dia do Trabalhador,S,ABERTO
POR012,Almada Fórum,2023-05-01,Dia do Trabalhador,S,ABERTO
POR433,S - Oscar Monteiro,2023-05-01,Dia do Trabalhador,S,ABERTO
POR403,S - Pascoal de Melo,2023-05-01,Dia do Trabalhador,S,ABERTO
POR437,S - Pedro Nunes,2023-05-01,Dia do Trabalhador,S,ABERTO
POR410,S - Penha de Franca,2023-05-01,Dia do Trabalhador,S,ABERTO
POR407,S - Queluz,2023-05-01,Dia do Trabalhador,S,ABERTO
POR438,S - Rua Visconde Santarém,2023-05-01,Dia do Trabalhador,S,ABERTO
POR039,Vila do Conde,2023-05-01,Dia do Trabalhador,S,ABERTO
U0142,S - Cacilhas,2023-05-01,Dia do Trabalhador,S,ABERTO
U0143,S - Ajuda,2023-05-01,Dia do Trabalhador,S,ABERTO
POR446,S - Bento Jesus,2023-05-01,Dia do Trabalhador,S,ABERTO
POR445,S - Conde Redondo,2023-05-01,Dia do Trabalhador,S,ABERTO
POR454,,2023-05-01,Dia do Trabalhador,S,ABERTO
POR032,Aveiro,2023-05-12,Feriado Municipal de Aveiro,S,ABERTO
POR052,Caldas da Rainha,2023-05-15,Feriado Municipal das Caldas da Rainha,S,ABERTO
POR029,Alverca,2023-05-18,Feriado Municipal de Vila Franca de Xira,N,ABERTO
POR057,Campera,2023-05-18,Feriado Municipal de Vila Franca de Xira,N,ABERTO
U0141,S - Vila Franca de Xira,2023-05-18,Feriado Municipa Vila Franca de Xira,N,ABERTO
POR016,Matosinhos,2023-05-30,Feriado Municipal de Matosinhos,N,ABERTO
POR427,S - Estrada de Benfica,2023-06-08,Corpo de Deus,S,ABERTO
POR406,S - Graça,2023-06-08,Corpo de Deus,S,ABERTO
POR402,S - João XXI,2023-06-08,Corpo de Deus,S,ABERTO
POR435,S - Jose Ricardo,2023-06-08,Corpo de Deus,S,ABERTO
POR424,S - Lumiar,2023-06-08,Corpo de Deus,S,ABERTO
POR416,S - Odivelas,2023-06-08,Corpo de Deus,S,ABERTO
POR025,Alfragide,2023-06-08,Corpo de Deus,S,ABERTO
POR052,Caldas da Rainha,2023-06-08,Corpo de Deus,S,ABERTO
POR057,Campera,2023-06-08,Corpo de Deus,S,ABERTO
POR033,Faro,2023-06-08,Corpo de Deus,S,ABERTO
POR058,Faro Mercado,2023-06-08,Corpo de Deus,S,ABERTO
POR063,Lagoa,2023-06-08,Corpo de Deus,S,ABERTO
POR053,Olhão,2023-06-08,Corpo de Deus,S,ABERTO
POR018,Paço de Arcos,2023-06-08,Corpo de Deus,S,ABERTO
POR023,Portimão,2023-06-08,Corpo de Deus,S,ABERTO
POR038,Sintra,2023-06-08,Corpo de Deus,S,ABERTO
POR013,Torres Vedras,2023-06-08,Corpo de Deus,S,ABERTO
POR419,S - Algés ,2023-06-08,Corpo de Deus,S,ABERTO
POR409,S - Almirante Reis ,2023-06-08,Corpo de Deus,S,ABERTO
POR421,S - Almirante Reis II,2023-06-08,Corpo de Deus,S,ABERTO
POR430,S - Amadora,2023-06-08,Corpo de Deus,S,ABERTO
POR413,S - Avenida Republica,2023-06-08,Corpo de Deus,S,ABERTO
POR411,S - Benfica,2023-06-08,Corpo de Deus,S,ABERTO
POR422,S - Benificiencia,2023-06-08,Corpo de Deus,S,ABERTO
POR420,S - Bobadela,2023-06-08,Corpo de Deus,S,ABERTO
POR436,S - Campo de Ourique,2023-06-08,Corpo de Deus,S,ABERTO
POR408,S - Campolide,2023-06-08,Corpo de Deus,S,ABERTO
POR429,S - Carnide,2023-06-08,Corpo de Deus,S,ABERTO
POR414,S - Columbano Bordalo Pinheiro,2023-06-08,Corpo de Deus,S,ABERTO
POR404,Up Duque Avila,2023-06-08,Corpo de Deus,S,ABERTO
POR019,Coina,2023-06-08,Corpo de Deus,S,ABERTO
POR417,S - Nuno Alvares Pereira,2023-06-08,Corpo de Deus,S,ABERTO
POR027,Setúbal,2023-06-08,Corpo de Deus,S,ABERTO
POR412,S - Gil Vicente,2023-06-08,Corpo de Deus,S,ABERTO
POR423,S - Bento Gonçalves,2023-06-08,Corpo de Deus,S,ABERTO
POR425,S - R.Luis Queiroz,2023-06-08,Corpo de Deus,S,ABERTO
POR434,S - Av. D. João II,2023-06-08,Corpo de Deus,S,ABERTO
POR432,S - Costa Caparica (Navegantes),2023-06-08,Corpo de Deus,S,ABERTO
POR405,S - Costa Caparica (Pescadores),2023-06-08,Corpo de Deus,S,ABERTO
POR021,Évora,2023-06-08,Corpo de Deus,S,ABERTO
POR010,Viseu,2023-06-08,Corpo de Deus,S,ABERTO
POR054,Guarda,2023-06-08,Corpo de Deus,S,ABERTO
POR028,Castelo Branco,2023-06-08,Corpo de Deus,S,ABERTO
POR009,Coimbra,2023-06-08,Corpo de Deus,S,ABERTO
POR032,Aveiro,2023-06-08,Corpo de Deus,S,ABERTO
POR034,Figueira da Foz,2023-06-08,Corpo de Deus,S,ABERTO
POR062,Eiras,2023-06-08,Corpo de Deus,S,ABERTO
POR030,Santo Tirso,2023-06-08,Corpo de Deus,S,ABERTO
POR036,Vila Real,2023-06-08,Corpo de Deus,S,ABERTO
POR017,Guimarães,2023-06-08,Corpo de Deus,S,ABERTO
POR026,Maia,2023-06-08,Corpo de Deus,S,ABERTO
POR008,Gaia,2023-06-08,Corpo de Deus,S,ABERTO
POR065,Canidelo,2023-06-08,Corpo de Deus,S,ABERTO
POR016,Matosinhos,2023-06-08,Corpo de Deus,S,ABERTO
POR012,Almada Fórum,2023-06-08,Corpo de Deus,S,ABERTO
POR433,S - Oscar Monteiro,2023-06-08,Corpo de Deus,S,ABERTO
POR403,S - Pascoal de Melo,2023-06-08,Corpo de Deus,S,ABERTO
POR437,S - Pedro Nunes,2023-06-08,Corpo de Deus,S,ABERTO
POR410,S - Penha de Franca,2023-06-08,Corpo de Deus,S,ABERTO
POR407,S - Queluz,2023-06-08,Corpo de Deus,S,ABERTO
POR438,S - Rua Visconde Santarém,2023-06-08,Corpo de Deus,S,ABERTO
POR029,Alverca,2023-06-08,Corpo de Deus,S,ABERTO
POR039,Vila do Conde,2023-06-08,Corpo de Deus,N,ABERTO
U0142,S - Cacilhas,2023-06-08,Corpo de Deus,S,ABERTO
POR031,Famalicão,2023-06-08,Corpo de Deus,N,ABERTO
U0143,S - Ajuda,2023-06-08,Corpo de Deus,S,ABERTO
POR446,S - Bento Jesus,2023-06-08,Corpo de Deus,S,ABERTO
POR454,,2023-06-08,Corpo de Deus,S,ABERTO
POR406,S - Graça,2023-06-10,Dia de Portugal,S,ABERTO
POR402,S - João XXI,2023-06-10,Dia de Portugal,S,ABERTO
POR435,S - Jose Ricardo,2023-06-10,Dia de Portugal,S,ABERTO
POR424,S - Lumiar,2023-06-10,Dia de Portugal,S,ABERTO
POR416,S - Odivelas,2023-06-10,Dia de Portugal,S,ABERTO
POR025,Alfragide,2023-06-10,Dia de Portugal,S,ABERTO
POR052,Caldas da Rainha,2023-06-10,Dia de Portugal,S,ABERTO
POR057,Campera,2023-06-10,Dia de Portugal,S,ABERTO
POR033,Faro,2023-06-10,Dia de Portugal,S,ABERTO
POR058,Faro Mercado,2023-06-10,Dia de Portugal,S,ABERTO
POR063,Lagoa,2023-06-10,Dia de Portugal,S,ABERTO
POR053,Olhão,2023-06-10,Dia de Portugal,S,ABERTO
POR018,Paço de Arcos,2023-06-10,Dia de Portugal,S,ABERTO
POR023,Portimão,2023-06-10,Dia de Portugal,S,ABERTO
POR038,Sintra,2023-06-10,Dia de Portugal,S,ABERTO
POR013,Torres Vedras,2023-06-10,Dia de Portugal,S,ABERTO
POR029,Alverca,2023-06-10,Dia de Portugal,S,ABERTO
POR419,S - Algés ,2023-06-10,Dia de Portugal,S,ABERTO
POR409,S - Almirante Reis ,2023-06-10,Dia de Portugal,S,ABERTO
POR421,S - Almirante Reis II,2023-06-10,Dia de Portugal,S,ABERTO
POR430,S - Amadora,2023-06-10,Dia de Portugal,S,ABERTO
POR413,S - Avenida Republica,2023-06-10,Dia de Portugal,S,ABERTO
POR411,S - Benfica,2023-06-10,Dia de Portugal,S,ABERTO
POR422,S - Benificiencia,2023-06-10,Dia de Portugal,S,ABERTO
POR420,S - Bobadela,2023-06-10,Dia de Portugal,S,ABERTO
POR436,S - Campo de Ourique,2023-06-10,Dia de Portugal,S,ABERTO
POR408,S - Campolide,2023-06-10,Dia de Portugal,S,ABERTO
POR429,S - Carnide,2023-06-10,Dia de Portugal,S,ABERTO
POR414,S - Columbano Bordalo Pinheiro,2023-06-10,Dia de Portugal,S,ABERTO
POR404,Up Duque Avila,2023-06-10,Dia de Portugal,S,ABERTO
POR427,S - Estrada de Benfica,2023-06-10,Dia de Portugal,S,ABERTO
POR019,Coina,2023-06-10,Dia de Portugal,S,ABERTO
POR417,S - Nuno Alvares Pereira,2023-06-10,Dia de Portugal,S,ABERTO
POR027,Setúbal,2023-06-10,Dia de Portugal,S,ABERTO
POR412,S - Gil Vicente,2023-06-10,Dia de Portugal,S,ABERTO
POR423,S - Bento Gonçalves,2023-06-10,Dia de Portugal,S,ABERTO
POR425,S - R.Luis Queiroz,2023-06-10,Dia de Portugal,S,ABERTO
POR434,S - Av. D. João II,2023-06-10,Dia de Portugal,S,ABERTO
POR432,S - Costa Caparica (Navegantes),2023-06-10,Dia de Portugal,S,ABERTO
POR405,S - Costa Caparica (Pescadores),2023-06-10,Dia de Portugal,S,ABERTO
POR021,Évora,2023-06-10,Dia de Portugal,S,ABERTO
POR010,Viseu,2023-06-10,Dia de Portugal,S,ABERTO
POR054,Guarda,2023-06-10,Dia de Portugal,S,ABERTO
POR028,Castelo Branco,2023-06-10,Dia de Portugal,S,ABERTO
POR009,Coimbra,2023-06-10,Dia de Portugal,S,ABERTO
POR032,Aveiro,2023-06-10,Dia de Portugal,S,ABERTO
POR034,Figueira da Foz,2023-06-10,Dia de Portugal,S,ABERTO
POR062,Eiras,2023-06-10,Dia de Portugal,S,ABERTO
POR030,Santo Tirso,2023-06-10,Dia de Portugal,S,ABERTO
POR036,Vila Real,2023-06-10,Dia de Portugal,S,ABERTO
POR017,Guimarães,2023-06-10,Dia de Portugal,S,ABERTO
POR031,Famalicão,2023-06-10,Dia de Portugal,S,ABERTO
POR026,Maia,2023-06-10,Dia de Portugal,S,ABERTO
POR035,Gondomar,2023-06-10,Dia de Portugal,S,ABERTO
POR008,Gaia,2023-06-10,Dia de Portugal,S,ABERTO
POR065,Canidelo,2023-06-10,Dia de Portugal,S,ABERTO
POR016,Matosinhos,2023-06-10,Dia de Portugal,S,ABERTO
POR012,Almada Fórum,2023-06-10,Dia de Portugal,S,ABERTO
POR433,S - Oscar Monteiro,2023-06-10,Dia de Portugal,S,ABERTO
POR403,S - Pascoal de Melo,2023-06-10,Dia de Portugal,S,ABERTO
POR437,S - Pedro Nunes,2023-06-10,Dia de Portugal,S,ABERTO
POR410,S - Penha de Franca,2023-06-10,Dia de Portugal,S,ABERTO
POR407,S - Queluz,2023-06-10,Dia de Portugal,S,ABERTO
POR438,S - Rua Visconde Santarém,2023-06-10,Dia de Portugal,S,ABERTO
POR039,Vila do Conde,2023-06-10,Dia de Portugal,S,ABERTO
U0142,S - Cacilhas,2023-06-10,Dia de Portugal,S,ABERTO
U0143,S - Ajuda,2023-06-10,Dia de Portugal,S,ABERTO
POR446,S - Bento Jesus,2023-06-10,Dia de Portugal,S,ABERTO
POR445,S - Conde Redondo,2023-06-10,Dia de Portugal,S,ABERTO
POR454,,2023-06-10,Dia de Portugal,S,ABERTO
POR031,Famalicão,2023-06-13,Feriado Municipal de Famalicão,S,ABERTO
POR036,Vila Real,2023-06-13,Feriado Municipal de Famalicão,S,ABERTO
POR053,Olhão,2023-06-16,Feriado Municipal de Olhão,S,ABERTO
POR454,,2023-06-24,Dia de São João,S,ABERTO
POR017,Guimarães,2023-06-24,Feriado Municipal de Guimarães,S,ABERTO
POR012,Almada Fórum,2023-06-24,Feriado Municipal de Almada,S,ABERTO
POR034,Figueira da Foz,2023-06-24,Feriado Municipal da Figueira da Foz,S,ABERTO
POR008,Gaia,2023-06-24,Feriado Municipal de Vila Nova de Gaia,S,ABERTO
POR065,Canidelo,2023-06-24,Feriado Municipal de Vila Nova de Gaia,S,ABERTO
POR423,S - Bento Gonçalves,2023-06-24,Feriado Municipal de Almada,S,ABERTO
POR412,S - Gil Vicente,2023-06-24,Feriado Municipal de Almada,S,ABERTO
POR417,S - Nuno Alvares Pereira,2023-06-24,Feriado Municipal de Almada,S,ABERTO
POR425,S - R.Luis Queiroz,2023-06-24,Feriado Municipal de Almada,S,ABERTO
POR432,S - Costa Caparica (Navegantes),2023-06-24,Feriado Municipal de Almada,S,ABERTO
POR405,S - Costa Caparica (Pescadores),2023-06-24,Feriado Municipal de Almada,S,ABERTO
U0142,S - Cacilhas,2023-06-24,Feriado Municipal,N,ABERTO
POR019,Coina,2023-06-28,Feriado Municipal do Barreiro,S,ABERTO
POR021,Évora,2023-06-29,Feriado Municipal de Évora,S,ABERTO
POR038,Sintra,2023-06-29,Feriado Municipal de Sintra,S,ABERTO
POR407,S - Queluz,2023-06-29,Feriado Municipal de Sintra,S,ABERTO
POR009,Coimbra,2023-07-04,Feriado Municipal de Coimbra,S,ABERTO
POR062,Eiras,2023-07-04,Feriado Municipal de Coimbra,S,ABERTO
POR026,Maia,2023-07-10,Feriado Municipal da Maia,N,ABERTO
POR030,Santo Tirso,2023-07-11,Feriado Municipal de Santo Tirso,S,ABERTO
POR427,S - Estrada de Benfica,2023-08-15,Assunção de Maria,S,ABERTO
POR406,S - Graça,2023-08-15,Assunção de Maria,S,ABERTO
POR402,S - João XXI,2023-08-15,Assunção de Maria,S,ABERTO
POR435,S - Jose Ricardo,2023-08-15,Assunção de Maria,S,ABERTO
POR424,S - Lumiar,2023-08-15,Assunção de Maria,S,ABERTO
POR416,S - Odivelas,2023-08-15,Assunção de Maria,S,ABERTO
POR025,Alfragide,2023-08-15,Assunção de Maria,S,ABERTO
POR052,Caldas da Rainha,2023-08-15,Assunção de Maria,S,ABERTO
POR057,Campera,2023-08-15,Assunção de Maria,S,ABERTO
POR033,Faro,2023-08-15,Assunção de Maria,S,ABERTO
POR058,Faro Mercado,2023-08-15,Assunção de Maria,S,ABERTO
POR063,Lagoa,2023-08-15,Assunção de Maria,S,ABERTO
POR053,Olhão,2023-08-15,Assunção de Maria,S,ABERTO
POR018,Paço de Arcos,2023-08-15,Assunção de Maria,S,ABERTO
POR023,Portimão,2023-08-15,Assunção de Maria,S,ABERTO
POR038,Sintra,2023-08-15,Assunção de Maria,S,ABERTO
POR013,Torres Vedras,2023-08-15,Assunção de Maria,S,ABERTO
POR029,Alverca,2023-08-15,Assunção de Maria,S,ABERTO
POR419,S - Algés ,2023-08-15,Assunção de Maria,S,ABERTO
POR409,S - Almirante Reis ,2023-08-15,Assunção de Maria,S,ABERTO
POR421,S - Almirante Reis II,2023-08-15,Assunção de Maria,S,ABERTO
POR430,S - Amadora,2023-08-15,Assunção de Maria,S,ABERTO
POR413,S - Avenida Republica,2023-08-15,Assunção de Maria,S,ABERTO
POR411,S - Benfica,2023-08-15,Assunção de Maria,S,ABERTO
POR422,S - Benificiencia,2023-08-15,Assunção de Maria,S,ABERTO
POR420,S - Bobadela,2023-08-15,Assunção de Maria,S,ABERTO
POR436,S - Campo de Ourique,2023-08-15,Assunção de Maria,S,ABERTO
POR408,S - Campolide,2023-08-15,Assunção de Maria,S,ABERTO
POR429,S - Carnide,2023-08-15,Assunção de Maria,S,ABERTO
POR414,S - Columbano Bordalo Pinheiro,2023-08-15,Assunção de Maria,S,ABERTO
POR404,Up Duque Avila,2023-08-15,Assunção de Maria,S,ABERTO
POR019,Coina,2023-08-15,Assunção de Maria,S,ABERTO
POR417,S - Nuno Alvares Pereira,2023-08-15,Assunção de Maria,S,ABERTO
POR027,Setúbal,2023-08-15,Assunção de Maria,S,ABERTO
POR412,S - Gil Vicente,2023-08-15,Assunção de Maria,S,ABERTO
POR423,S - Bento Gonçalves,2023-08-15,Assunção de Maria,S,ABERTO
POR425,S - R.Luis Queiroz,2023-08-15,Assunção de Maria,S,ABERTO
POR434,S - Av. D. João II,2023-08-15,Assunção de Maria,S,ABERTO
POR432,S - Costa Caparica (Navegantes),2023-08-15,Assunção de Maria,S,ABERTO
POR405,S - Costa Caparica (Pescadores),2023-08-15,Assunção de Maria,S,ABERTO
POR021,Évora,2023-08-15,Assunção de Maria,S,ABERTO
POR010,Viseu,2023-08-15,Assunção de Maria,S,ABERTO
POR054,Guarda,2023-08-15,Assunção de Maria,S,ABERTO
POR028,Castelo Branco,2023-08-15,Assunção de Maria,S,ABERTO
POR009,Coimbra,2023-08-15,Assunção de Maria,S,ABERTO
POR032,Aveiro,2023-08-15,Assunção de Maria,S,ABERTO
POR034,Figueira da Foz,2023-08-15,Assunção de Maria,S,ABERTO
POR062,Eiras,2023-08-15,Assunção de Maria,S,ABERTO
POR030,Santo Tirso,2023-08-15,Assunção de Maria,S,ABERTO
POR036,Vila Real,2023-08-15,Assunção de Maria,S,ABERTO
POR017,Guimarães,2023-08-15,Assunção de Maria,S,ABERTO
POR026,Maia,2023-08-15,Assunção de Maria,S,ABERTO
POR035,Gondomar,2023-08-15,Assunção de Maria,S,ABERTO
POR008,Gaia,2023-08-15,Assunção de Maria,S,ABERTO
POR065,Canidelo,2023-08-15,Assunção de Maria,S,ABERTO
POR016,Matosinhos,2023-08-15,Assunção de Maria,S,ABERTO
POR012,Almada Fórum,2023-08-15,Assunção de Maria,S,ABERTO
POR433,S - Oscar Monteiro,2023-08-15,Assunção de Maria,S,ABERTO
POR403,S - Pascoal de Melo,2023-08-15,Assunção de Maria,S,ABERTO
POR437,S - Pedro Nunes,2023-08-15,Assunção de Maria,S,ABERTO
POR410,S - Penha de Franca,2023-08-15,Assunção de Maria,S,ABERTO
POR407,S - Queluz,2023-08-15,Assunção de Maria,S,ABERTO
POR438,S - Rua Visconde Santarém,2023-08-15,Assunção de Maria,S,ABERTO
U0142,S - Cacilhas,2023-08-15,Assunção de Maria,S,ABERTO
U0143,S - Ajuda,2023-08-15,Assunção de Maria,S,ABERTO
U0141,S - Vila Franca de Xira,2023-08-15,Assunção de Maria,S,ABERTO
POR446,S - Bento Jesus,2023-08-15,Assunção de Maria,S,ABERTO
POR445,S - Conde Redondo,2023-08-15,Assunção de Maria,S,ABERTO
POR454,,2023-08-15,Assunção de Maria,S,ABERTO
POR033,Faro,2023-09-07,Feriado Municipal de Faro,S,ABERTO
POR058,Faro Mercado,2023-09-07,Feriado Municipal de Faro,S,ABERTO
POR430,S - Amadora,2023-09-11,Feriado Municipal da Amadora,S,ABERTO
POR027,Setúbal,2023-09-15,Feriado Municipal de Setúbal,S,ABERTO
POR010,Viseu,2023-09-21,Feriado Municipal de Viseu,S,ABERTO
POR035,Gondomar,2023-10-02,Feriado Municipal de Gondomar,N,ABERTO
POR427,S - Estrada de Benfica,2023-10-05,Implantação da República,S,ABERTO
POR406,S - Graça,2023-10-05,Implantação da República,S,ABERTO
POR402,S - João XXI,2023-10-05,Implantação da República,S,ABERTO
POR435,S - Jose Ricardo,2023-10-05,Implantação da República,S,ABERTO
POR424,S - Lumiar,2023-10-05,Implantação da República,S,ABERTO
POR416,S - Odivelas,2023-10-05,Implantação da República,S,ABERTO
POR025,Alfragide,2023-10-05,Implantação da República,S,ABERTO
POR052,Caldas da Rainha,2023-10-05,Implantação da República,S,ABERTO
POR057,Campera,2023-10-05,Implantação da República,S,ABERTO
POR033,Faro,2023-10-05,Implantação da República,S,ABERTO
POR058,Faro Mercado,2023-10-05,Implantação da República,S,ABERTO
POR063,Lagoa,2023-10-05,Implantação da República,S,ABERTO
POR013,Torres Vedras,2023-10-05,Implantação da República,S,ABERTO
POR053,Olhão,2023-10-05,Implantação da República,S,ABERTO
POR018,Paço de Arcos,2023-10-05,Implantação da República,S,ABERTO
POR023,Portimão,2023-10-05,Implantação da República,S,ABERTO
POR038,Sintra,2023-10-05,Implantação da República,S,ABERTO
POR419,S - Algés ,2023-10-05,Implantação da República,S,ABERTO
POR409,S - Almirante Reis ,2023-10-05,Implantação da República,S,ABERTO
POR421,S - Almirante Reis II,2023-10-05,Implantação da República,S,ABERTO
POR430,S - Amadora,2023-10-05,Implantação da República,S,ABERTO
POR413,S - Avenida Republica,2023-10-05,Implantação da República,S,ABERTO
POR411,S - Benfica,2023-10-05,Implantação da República,S,ABERTO
POR422,S - Benificiencia,2023-10-05,Implantação da República,S,ABERTO
POR420,S - Bobadela,2023-10-05,Implantação da República,S,ABERTO
POR436,S - Campo de Ourique,2023-10-05,Implantação da República,S,ABERTO
POR408,S - Campolide,2023-10-05,Implantação da República,S,ABERTO
POR429,S - Carnide,2023-10-05,Implantação da República,S,ABERTO
POR414,S - Columbano Bordalo Pinheiro,2023-10-05,Implantação da República,S,ABERTO
POR404,Up Duque Avila,2023-10-05,Implantação da República,S,ABERTO
POR019,Coina,2023-10-05,Implantação da República,S,ABERTO
POR417,S - Nuno Alvares Pereira,2023-10-05,Implantação da República,S,ABERTO
POR027,Setúbal,2023-10-05,Implantação da República,S,ABERTO
POR412,S - Gil Vicente,2023-10-05,Implantação da República,S,ABERTO
POR423,S - Bento Gonçalves,2023-10-05,Implantação da República,S,ABERTO
POR425,S - R.Luis Queiroz,2023-10-05,Implantação da República,S,ABERTO
POR434,S - Av. D. João II,2023-10-05,Implantação da República,S,ABERTO
POR432,S - Costa Caparica (Navegantes),2023-10-05,Implantação da República,S,ABERTO
POR405,S - Costa Caparica (Pescadores),2023-10-05,Implantação da República,S,ABERTO
POR021,Évora,2023-10-05,Implantação da República,S,ABERTO
POR010,Viseu,2023-10-05,Implantação da República,S,ABERTO
POR054,Guarda,2023-10-05,Implantação da República,S,ABERTO
POR028,Castelo Branco,2023-10-05,Implantação da República,S,ABERTO
POR009,Coimbra,2023-10-05,Implantação da República,S,ABERTO
POR032,Aveiro,2023-10-05,Implantação da República,S,ABERTO
POR034,Figueira da Foz,2023-10-05,Implantação da República,S,ABERTO
POR062,Eiras,2023-10-05,Implantação da República,S,ABERTO
POR030,Santo Tirso,2023-10-05,Implantação da República,S,ABERTO
POR036,Vila Real,2023-10-05,Implantação da República,S,ABERTO
POR017,Guimarães,2023-10-05,Implantação da República,S,ABERTO
POR026,Maia,2023-10-05,Implantação da República,S,ABERTO
POR035,Gondomar,2023-10-05,Implantação da República,S,ABERTO
POR008,Gaia,2023-10-05,Implantação da República,S,ABERTO
POR065,Canidelo,2023-10-05,Implantação da República,S,ABERTO
POR016,Matosinhos,2023-10-05,Implantação da República,S,ABERTO
POR012,Almada Fórum,2023-10-05,Implantação da República,S,ABERTO
POR433,S - Oscar Monteiro,2023-10-05,Implantação da República,S,ABERTO
POR403,S - Pascoal de Melo,2023-10-05,Implantação da República,S,ABERTO
POR437,S - Pedro Nunes,2023-10-05,Implantação da República,S,ABERTO
POR410,S - Penha de Franca,2023-10-05,Implantação da República,S,ABERTO
POR407,S - Queluz,2023-10-05,Implantação da República,S,ABERTO
POR438,S - Rua Visconde Santarém,2023-10-05,Implantação da República,S,ABERTO
POR029,Alverca,2023-10-05,Implantação da República,S,ABERTO
U0142,S - Cacilhas,2023-10-05,Implantação da República,S,ABERTO
U0143,S - Ajuda,2023-10-05,Implantação da República,S,ABERTO
U0141,S - Vila Franca de Xira,2023-10-05,Implantação da República,S,ABERTO
POR446,S - Bento Jesus,2023-10-05,Implantação da República,S,ABERTO
POR445,S - Conde Redondo,2023-10-05,Implantação da República,S,ABERTO
POR454,,2023-10-05,Implantação da República,S,ABERTO
POR427,S - Estrada de Benfica,2023-11-01,Dia de Todos os Santos,S,ABERTO
POR406,S - Graça,2023-11-01,Dia de Todos os Santos,S,ABERTO
POR402,S - João XXI,2023-11-01,Dia de Todos os Santos,S,ABERTO
POR435,S - Jose Ricardo,2023-11-01,Dia de Todos os Santos,S,ABERTO
POR424,S - Lumiar,2023-11-01,Dia de Todos os Santos,S,ABERTO
POR416,S - Odivelas,2023-11-01,Dia de Todos os Santos,S,ABERTO
POR025,Alfragide,2023-11-01,Dia de Todos os Santos,S,ABERTO
POR052,Caldas da Rainha,2023-11-01,Dia de Todos os Santos,S,ABERTO
POR057,Campera,2023-11-01,Dia de Todos os Santos,S,ABERTO
POR033,Faro,2023-11-01,Dia de Todos os Santos,S,ABERTO
POR058,Faro Mercado,2023-11-01,Dia de Todos os Santos,S,ABERTO
POR063,Lagoa,2023-11-01,Dia de Todos os Santos,S,ABERTO
POR053,Olhão,2023-11-01,Dia de Todos os Santos,S,ABERTO
POR018,Paço de Arcos,2023-11-01,Dia de Todos os Santos,S,ABERTO
POR023,Portimão,2023-11-01,Dia de Todos os Santos,S,ABERTO
POR038,Sintra,2023-11-01,Dia de Todos os Santos,S,ABERTO
POR029,Alverca,2023-11-01,Dia de Todos os Santos,S,ABERTO
POR013,Torres Vedras,2023-11-01,Dia de Todos os Santos,S,ABERTO
POR419,S - Algés ,2023-11-01,Dia de Todos os Santos,S,ABERTO
POR409,S - Almirante Reis ,2023-11-01,Dia de Todos os Santos,S,ABERTO
POR421,S - Almirante Reis II,2023-11-01,Dia de Todos os Santos,S,ABERTO
POR430,S - Amadora,2023-11-01,Dia de Todos os Santos,S,ABERTO
POR413,S - Avenida Republica,2023-11-01,Dia de Todos os Santos,S,ABERTO
POR411,S - Benfica,2023-11-01,Dia de Todos os Santos,S,ABERTO
POR422,S - Benificiencia,2023-11-01,Dia de Todos os Santos,S,ABERTO
POR420,S - Bobadela,2023-11-01,Dia de Todos os Santos,S,ABERTO
POR436,S - Campo de Ourique,2023-11-01,Dia de Todos os Santos,S,ABERTO
POR408,S - Campolide,2023-11-01,Dia de Todos os Santos,S,ABERTO
POR429,S - Carnide,2023-11-01,Dia de Todos os Santos,S,ABERTO
POR414,S - Columbano Bordalo Pinheiro,2023-11-01,Dia de Todos os Santos,S,ABERTO
POR404,Up Duque Avila,2023-11-01,Dia de Todos os Santos,S,ABERTO
POR438,S - Rua Visconde Santarém,2023-11-01,Dia de Todos os Santos,S,ABERTO
POR026,Maia,2023-11-01,Dia de Todos os Santos,S,ABERTO
POR035,Gondomar,2023-11-01,Dia de Todos os Santos,S,ABERTO
POR008,Gaia,2023-11-01,Dia de Todos os Santos,S,ABERTO
POR065,Canidelo,2023-11-01,Dia de Todos os Santos,S,ABERTO
POR016,Matosinhos,2023-11-01,Dia de Todos os Santos,S,ABERTO
POR012,Almada Fórum,2023-11-01,Dia de Todos os Santos,S,ABERTO
POR019,Coina,2023-11-01,Dia de Todos os Santos,S,ABERTO
POR417,S - Nuno Alvares Pereira,2023-11-01,Dia de Todos os Santos,S,ABERTO
POR027,Setúbal,2023-11-01,Dia de Todos os Santos,S,ABERTO
POR412,S - Gil Vicente,2023-11-01,Dia de Todos os Santos,S,ABERTO
POR423,S - Bento Gonçalves,2023-11-01,Dia de Todos os Santos,S,ABERTO
POR425,S - R.Luis Queiroz,2023-11-01,Dia de Todos os Santos,S,ABERTO
POR434,S - Av. D. João II,2023-11-01,Dia de Todos os Santos,S,ABERTO
POR432,S - Costa Caparica (Navegantes),2023-11-01,Dia de Todos os Santos,S,ABERTO
POR405,S - Costa Caparica (Pescadores),2023-11-01,Dia de Todos os Santos,S,ABERTO
POR021,Évora,2023-11-01,Dia de Todos os Santos,S,ABERTO
POR010,Viseu,2023-11-01,Dia de Todos os Santos,S,ABERTO
POR054,Guarda,2023-11-01,Dia de Todos os Santos,S,ABERTO
POR028,Castelo Branco,2023-11-01,Dia de Todos os Santos,S,ABERTO
POR009,Coimbra,2023-11-01,Dia de Todos os Santos,S,ABERTO
POR032,Aveiro,2023-11-01,Dia de Todos os Santos,S,ABERTO
POR034,Figueira da Foz,2023-11-01,Dia de Todos os Santos,S,ABERTO
POR062,Eiras,2023-11-01,Dia de Todos os Santos,S,ABERTO
POR030,Santo Tirso,2023-11-01,Dia de Todos os Santos,S,ABERTO
POR036,Vila Real,2023-11-01,Dia de Todos os Santos,S,ABERTO
POR017,Guimarães,2023-11-01,Dia de Todos os Santos,S,ABERTO
POR031,Famalicão,2023-11-01,Dia de Todos os Santos,S,ABERTO
POR433,S - Oscar Monteiro,2023-11-01,Dia de Todos os Santos,S,ABERTO
POR403,S - Pascoal de Melo,2023-11-01,Dia de Todos os Santos,S,ABERTO
POR437,S - Pedro Nunes,2023-11-01,Dia de Todos os Santos,S,ABERTO
POR410,S - Penha de Franca,2023-11-01,Dia de Todos os Santos,S,ABERTO
POR407,S - Queluz,2023-11-01,Dia de Todos os Santos,S,ABERTO
POR039,Vila do Conde,2023-11-01,Dia de Todos os Santos,S,ABERTO
U0142,S - Cacilhas,2023-11-01,Dia de Todos os Santos,S,ABERTO
U0143,S - Ajuda,2023-11-01,Dia de Todos os Santos,S,ABERTO
U0141,S - Vila Franca de Xira,2023-11-01,Dia de Todos os Santos,S,ABERTO
POR446,S - Bento Jesus,2023-11-01,Dia de Todos os Santos,S,ABERTO
POR445,S - Conde Redondo,2023-11-01,Dia de Todos os Santos,S,ABERTO
POR454,,2023-11-01,Dia de Todos os Santos,S,ABERTO
POR013,Torres Vedras,2023-11-11,Feriado Municipal de Torres Vedras,S,ABERTO
POR054,Guarda,2023-11-27,Feriado Municipal da Guarda,S,ABERTO
POR427,S - Estrada de Benfica,2023-12-01,Restauração da Independência,S,ABERTO
POR406,S - Graça,2023-12-01,Restauração da Independência,S,ABERTO
POR402,S - João XXI,2023-12-01,Restauração da Independência,S,ABERTO
POR435,S - Jose Ricardo,2023-12-01,Restauração da Independência,S,ABERTO
POR424,S - Lumiar,2023-12-01,Restauração da Independência,S,ABERTO
POR416,S - Odivelas,2023-12-01,Restauração da Independência,S,ABERTO
POR025,Alfragide,2023-12-01,Restauração da Independência,S,ABERTO
POR052,Caldas da Rainha,2023-12-01,Restauração da Independência,S,ABERTO
POR057,Campera,2023-12-01,Restauração da Independência,S,ABERTO
POR033,Faro,2023-12-01,Restauração da Independência,S,ABERTO
POR058,Faro Mercado,2023-12-01,Restauração da Independência,S,ABERTO
POR063,Lagoa,2023-12-01,Restauração da Independência,S,ABERTO
POR053,Olhão,2023-12-01,Restauração da Independência,S,ABERTO
POR018,Paço de Arcos,2023-12-01,Restauração da Independência,S,ABERTO
POR023,Portimão,2023-12-01,Restauração da Independência,S,ABERTO
POR038,Sintra,2023-12-01,Restauração da Independência,S,ABERTO
POR013,Torres Vedras,2023-12-01,Restauração da Independência,S,ABERTO
POR419,S - Algés ,2023-12-01,Restauração da Independência,S,ABERTO
POR409,S - Almirante Reis ,2023-12-01,Restauração da Independência,S,ABERTO
POR421,S - Almirante Reis II,2023-12-01,Restauração da Independência,S,ABERTO
POR430,S - Amadora,2023-12-01,Restauração da Independência,S,ABERTO
POR413,S - Avenida Republica,2023-12-01,Restauração da Independência,S,ABERTO
POR411,S - Benfica,2023-12-01,Restauração da Independência,S,ABERTO
POR422,S - Benificiencia,2023-12-01,Restauração da Independência,S,ABERTO
POR420,S - Bobadela,2023-12-01,Restauração da Independência,S,ABERTO
POR436,S - Campo de Ourique,2023-12-01,Restauração da Independência,S,ABERTO
POR408,S - Campolide,2023-12-01,Restauração da Independência,S,ABERTO
POR429,S - Carnide,2023-12-01,Restauração da Independência,S,ABERTO
POR414,S - Columbano Bordalo Pinheiro,2023-12-01,Restauração da Independência,S,ABERTO
POR404,Up Duque Avila,2023-12-01,Restauração da Independência,S,ABERTO
POR438,S - Rua Visconde Santarém,2023-12-01,Restauração da Independência,S,ABERTO
POR019,Coina,2023-12-01,Restauração da Independência,S,ABERTO
POR417,S - Nuno Alvares Pereira,2023-12-01,Restauração da Independência,S,ABERTO
POR027,Setúbal,2023-12-01,Restauração da Independência,S,ABERTO
POR412,S - Gil Vicente,2023-12-01,Restauração da Independência,S,ABERTO
POR423,S - Bento Gonçalves,2023-12-01,Restauração da Independência,S,ABERTO
POR425,S - R.Luis Queiroz,2023-12-01,Restauração da Independência,S,ABERTO
POR434,S - Av. D. João II,2023-12-01,Restauração da Independência,S,ABERTO
POR432,S - Costa Caparica (Navegantes),2023-12-01,Restauração da Independência,S,ABERTO
POR405,S - Costa Caparica (Pescadores),2023-12-01,Restauração da Independência,S,ABERTO
POR021,Évora,2023-12-01,Restauração da Independência,S,ABERTO
POR010,Viseu,2023-12-01,Restauração da Independência,S,ABERTO
POR054,Guarda,2023-12-01,Restauração da Independência,S,ABERTO
POR028,Castelo Branco,2023-12-01,Restauração da Independência,S,ABERTO
POR009,Coimbra,2023-12-01,Restauração da Independência,S,ABERTO
POR032,Aveiro,2023-12-01,Restauração da Independência,S,ABERTO
POR034,Figueira da Foz,2023-12-01,Restauração da Independência,S,ABERTO
POR062,Eiras,2023-12-01,Restauração da Independência,S,ABERTO
POR030,Santo Tirso,2023-12-01,Restauração da Independência,S,ABERTO
POR036,Vila Real,2023-12-01,Restauração da Independência,S,ABERTO
POR017,Guimarães,2023-12-01,Restauração da Independência,S,ABERTO
POR026,Maia,2023-12-01,Restauração da Independência,S,ABERTO
POR008,Gaia,2023-12-01,Restauração da Independência,S,ABERTO
POR065,Canidelo,2023-12-01,Restauração da Independência,S,ABERTO
POR016,Matosinhos,2023-12-01,Restauração da Independência,S,ABERTO
POR012,Almada Fórum,2023-12-01,Restauração da Independência,S,ABERTO
POR433,S - Oscar Monteiro,2023-12-01,Restauração da Independência,S,ABERTO
POR403,S - Pascoal de Melo,2023-12-01,Restauração da Independência,S,ABERTO
POR437,S - Pedro Nunes,2023-12-01,Restauração da Independência,S,ABERTO
POR410,S - Penha de Franca,2023-12-01,Restauração da Independência,S,ABERTO
POR407,S - Queluz,2023-12-01,Restauração da Independência,S,ABERTO
POR029,Alverca,2023-12-01,Restauração da Independência,S,ABERTO
U0142,S - Cacilhas,2023-12-01,Restauração da Independência,S,ABERTO
U0143,S - Ajuda,2023-12-01,Restauração da Independência,S,ABERTO
U0141,S - Vila Franca de Xira,2023-12-01,Restauração da Independência,S,ABERTO
POR446,S - Bento Jesus,2023-12-01,Restauração da Independência,S,ABERTO
POR445,S - Conde Redondo,2023-12-01,Restauração da Independência,S,ABERTO
POR454,,2023-12-01,Restauração da Independência,S,ABERTO
POR427,S - Estrada de Benfica,2023-12-08,Imaculada Conceição,S,ABERTO
POR406,S - Graça,2023-12-08,Imaculada Conceição,S,ABERTO
POR402,S - João XXI,2023-12-08,Imaculada Conceição,S,ABERTO
POR435,S - Jose Ricardo,2023-12-08,Imaculada Conceição,S,ABERTO
POR424,S - Lumiar,2023-12-08,Imaculada Conceição,S,ABERTO
POR416,S - Odivelas,2023-12-08,Imaculada Conceição,S,ABERTO
POR025,Alfragide,2023-12-08,Imaculada Conceição,S,ABERTO
POR052,Caldas da Rainha,2023-12-08,Imaculada Conceição,S,ABERTO
POR057,Campera,2023-12-08,Imaculada Conceição,S,ABERTO
POR033,Faro,2023-12-08,Imaculada Conceição,S,ABERTO
POR058,Faro Mercado,2023-12-08,Imaculada Conceição,S,ABERTO
POR063,Lagoa,2023-12-08,Imaculada Conceição,S,ABERTO
POR053,Olhão,2023-12-08,Imaculada Conceição,S,ABERTO
POR018,Paço de Arcos,2023-12-08,Imaculada Conceição,S,ABERTO
POR023,Portimão,2023-12-08,Imaculada Conceição,S,ABERTO
POR038,Sintra,2023-12-08,Imaculada Conceição,S,ABERTO
POR013,Torres Vedras,2023-12-08,Imaculada Conceição,S,ABERTO
POR419,S - Algés ,2023-12-08,Imaculada Conceição,S,ABERTO
POR409,S - Almirante Reis ,2023-12-08,Imaculada Conceição,S,ABERTO
POR421,S - Almirante Reis II,2023-12-08,Imaculada Conceição,S,ABERTO
POR430,S - Amadora,2023-12-08,Imaculada Conceição,S,ABERTO
POR413,S - Avenida Republica,2023-12-08,Imaculada Conceição,S,ABERTO
POR411,S - Benfica,2023-12-08,Imaculada Conceição,S,ABERTO
POR422,S - Benificiencia,2023-12-08,Imaculada Conceição,S,ABERTO
POR420,S - Bobadela,2023-12-08,Imaculada Conceição,S,ABERTO
POR436,S - Campo de Ourique,2023-12-08,Imaculada Conceição,S,ABERTO
POR408,S - Campolide,2023-12-08,Imaculada Conceição,S,ABERTO
POR429,S - Carnide,2023-12-08,Imaculada Conceição,S,ABERTO
POR414,S - Columbano Bordalo Pinheiro,2023-12-08,Imaculada Conceição,S,ABERTO
POR404,Up Duque Avila,2023-12-08,Imaculada Conceição,S,ABERTO
POR438,S - Rua Visconde Santarém,2023-12-08,Imaculada Conceição,S,ABERTO
POR019,Coina,2023-12-08,Imaculada Conceição,S,ABERTO
POR417,S - Nuno Alvares Pereira,2023-12-08,Imaculada Conceição,S,ABERTO
POR027,Setúbal,2023-12-08,Imaculada Conceição,S,ABERTO
POR412,S - Gil Vicente,2023-12-08,Imaculada Conceição,S,ABERTO
POR423,S - Bento Gonçalves,2023-12-08,Imaculada Conceição,S,ABERTO
POR425,S - R.Luis Queiroz,2023-12-08,Imaculada Conceição,S,ABERTO
POR434,S - Av. D. João II,2023-12-08,Imaculada Conceição,S,ABERTO
POR432,S - Costa Caparica (Navegantes),2023-12-08,Imaculada Conceição,S,ABERTO
POR405,S - Costa Caparica (Pescadores),2023-12-08,Imaculada Conceição,S,ABERTO
POR021,Évora,2023-12-08,Imaculada Conceição,S,ABERTO
POR010,Viseu,2023-12-08,Imaculada Conceição,S,ABERTO
POR054,Guarda,2023-12-08,Imaculada Conceição,S,ABERTO
POR028,Castelo Branco,2023-12-08,Imaculada Conceição,S,ABERTO
POR009,Coimbra,2023-12-08,Imaculada Conceição,S,ABERTO
POR032,Aveiro,2023-12-08,Imaculada Conceição,S,ABERTO
POR034,Figueira da Foz,2023-12-08,Imaculada Conceição,S,ABERTO
POR062,Eiras,2023-12-08,Imaculada Conceição,S,ABERTO
POR030,Santo Tirso,2023-12-08,Imaculada Conceição,S,ABERTO
POR036,Vila Real,2023-12-08,Imaculada Conceição,S,ABERTO
POR017,Guimarães,2023-12-08,Imaculada Conceição,S,ABERTO
POR031,Famalicão,2023-12-08,Imaculada Conceição,S,ABERTO
POR433,S - Oscar Monteiro,2023-12-08,Imaculada Conceição,S,ABERTO
POR403,S - Pascoal de Melo,2023-12-08,Imaculada Conceição,S,ABERTO
POR437,S - Pedro Nunes,2023-12-08,Imaculada Conceição,S,ABERTO
POR410,S - Penha de Franca,2023-12-08,Imaculada Conceição,S,ABERTO
POR407,S - Queluz,2023-12-08,Imaculada Conceição,S,ABERTO
POR026,Maia,2023-12-08,Imaculada Conceição,S,ABERTO
POR035,Gondomar,2023-12-08,Imaculada Conceição,S,ABERTO
POR008,Gaia,2023-12-08,Imaculada Conceição,S,ABERTO
POR065,Canidelo,2023-12-08,Imaculada Conceição,S,ABERTO
POR016,Matosinhos,2023-12-08,Imaculada Conceição,S,ABERTO
POR012,Almada Fórum,2023-12-08,Imaculada Conceição,S,ABERTO
POR039,Vila do Conde,2023-12-08,Imaculada Conceição,S,ABERTO
U0142,S - Cacilhas,2023-12-08,Imaculada Conceição,S,ABERTO
U0143,S - Ajuda,2023-12-08,Imaculada Conceição,S,ABERTO
U0141,S - Vila Franca de Xira,2023-12-08,Imaculada Conceição,S,ABERTO
POR446,S - Bento Jesus,2023-12-08,Imaculada Conceição,S,ABERTO
POR445,S - Conde Redondo,2023-12-08,Imaculada Conceição,S,ABERTO
POR454,,2023-12-08,Imaculada Conceição,S,ABERTO
POR023,Portimão,2023-12-11,Feriado Municipal de Portimão,S,ABERTO
POR028,Castelo Branco,2023-12-25,Dia de natal,N,ABERTO
POR424,S - Lumiar,2023-12-25,Natal,S,FECHADO
POR416,S - Odivelas,2023-12-25,Natal,S,FECHADO
POR058,Faro Mercado,2023-12-25,Natal,S,FECHADO
POR419,S - Algés ,2023-12-25,Natal,S,FECHADO
POR409,S - Almirante Reis ,2023-12-25,Natal,S,FECHADO
POR421,S - Almirante Reis II,2023-12-25,Natal,S,FECHADO
POR430,S - Amadora,2023-12-25,Natal,S,FECHADO
POR413,S - Avenida Republica,2023-12-25,Natal,S,FECHADO
POR411,S - Benfica,2023-12-25,Natal,S,FECHADO
POR422,S - Benificiencia,2023-12-25,Natal,S,FECHADO
POR420,S - Bobadela,2023-12-25,Natal,S,FECHADO
POR408,S - Campolide,2023-12-25,Natal,S,FECHADO
POR429,S - Carnide,2023-12-25,Natal,S,FECHADO
POR414,S - Columbano Bordalo Pinheiro,2023-12-25,Natal,S,FECHADO
POR404,Up Duque Avila,2023-12-25,Natal,S,FECHADO
POR438,S - Rua Visconde Santarém,2023-12-25,Natal,S,FECHADO
POR433,S - Oscar Monteiro,2023-12-25,Natal,S,FECHADO
POR403,S - Pascoal de Melo,2023-12-25,Natal,S,FECHADO
POR437,S - Pedro Nunes,2023-12-25,Natal,S,FECHADO
POR410,S - Penha de Franca,2023-12-25,Natal,S,FECHADO
POR417,S - Nuno Alvares Pereira,2023-12-25,Natal,S,FECHADO
POR423,S - Bento Gonçalves,2023-12-25,Natal,S,FECHADO
POR434,S - Av. D. João II,2023-12-25,Natal,S,FECHADO
POR432,S - Costa Caparica (Navegantes),2023-12-25,Natal,S,FECHADO
POR405,S - Costa Caparica (Pescadores),2023-12-25,Natal,S,FECHADO
POR021,Évora,2023-12-25,Natal,S,FECHADO
POR010,Viseu,2023-12-25,Natal,S,FECHADO
POR054,Guarda,2023-12-25,Natal,S,FECHADO
POR031,Famalicão,2023-12-25,Natal,S,FECHADO
U0142,S - Cacilhas,2023-12-25,Natal,S,FECHADO
U0143,S - Ajuda,2023-12-25,Natal,S,FECHADO
U0141,S - Vila Franca de Xira,2023-12-25,Natal,S,FECHADO
POR009,Coimbra,2023-12-25,Natal 2023,N,ABERTO
POR445,S - Conde Redondo,2023-12-25,Natal,S,FECHADO
POR036,Vila Real,2024-01-01,Dia Ano Novo,N,ABERTO
POR028,Castelo Branco,2024-01-01,Dia de Ano Novo,N,ABERTO
POR052,Caldas da Rainha,2024-02-13,Carnaval,N,ABERTO
POR033,Faro,2024-02-13,Carnaval,N,ABERTO
POR026,Maia,2024-02-13,Carnaval,N,ABERTO
POR035,Gondomar,2024-02-13,Carnaval,N,ABERTO
POR008,Gaia,2024-02-13,Carnaval,N,ABERTO
POR065,Canidelo,2024-02-13,Carnaval,N,ABERTO
POR016,Matosinhos,2024-02-13,Carnaval,N,ABERTO
POR023,Portimão,2024-02-13,Carnaval,N,ABERTO
POR411,S - Benfica,2024-02-13,Carnaval,N,ABERTO
POR402,S - João XXI,2024-02-13,Carnaval,N,ABERTO
POR433,S - Oscar Monteiro,2024-02-13,Carnaval,N,ABERTO
POR429,S - Carnide,2024-02-13,Carnaval,N,ABERTO
POR029,Alverca,2024-02-13,Carnaval,N,ABERTO
POR406,S - Graça,2024-02-13,Carnaval,N,ABERTO
POR404,Up Duque Avila,2024-02-13,Carnaval,N,ABERTO
POR430,S - Amadora,2024-02-13,Carnaval,N,ABERTO
POR063,Lagoa,2024-02-13,Carnaval,N,ABERTO
POR422,S - Benificiencia,2024-02-13,Carnaval,N,ABERTO
POR013,Torres Vedras,2024-02-13,Carnaval,N,ABERTO
POR416,S - Odivelas,2024-02-13,Carnaval,N,ABERTO
POR053,Olhão,2024-02-13,Carnaval,N,ABERTO
POR420,S - Bobadela,2024-02-13,Carnaval,N,ABERTO
POR424,S - Lumiar,2024-02-13,Carnaval,N,ABERTO
POR413,S - Avenida Republica,2024-02-13,Carnaval,N,ABERTO
POR414,S - Columbano Bordalo Pinheiro,2024-02-13,Carnaval,N,ABERTO
POR408,S - Campolide,2024-02-13,Carnaval,N,ABERTO
POR403,S - Pascoal de Melo,2024-02-13,Carnaval,N,ABERTO
POR025,Alfragide,2024-02-13,Carnaval,N,ABERTO
POR407,S - Queluz,2024-02-13,Carnaval,N,ABERTO
POR435,S - Jose Ricardo,2024-02-13,Carnaval,N,ABERTO
POR409,S - Almirante Reis ,2024-02-13,Carnaval,N,ABERTO
POR012,Almada Fórum,2024-02-13,Carnaval,N,ABERTO
POR018,Paço de Arcos,2024-02-13,Carnaval,N,ABERTO
POR419,S - Algés ,2024-02-13,Carnaval,N,ABERTO
POR421,S - Almirante Reis II,2024-02-13,Carnaval,N,ABERTO
POR038,Sintra,2024-02-13,Carnaval,N,ABERTO
POR436,S - Campo de Ourique,2024-02-13,Carnaval,N,ABERTO
POR437,S - Pedro Nunes,2024-02-13,Carnaval,N,ABERTO
POR438,S - Rua Visconde Santarém,2024-02-13,Carnaval,N,ABERTO
POR057,Campera,2024-02-13,Carnaval,N,ABERTO
POR058,Faro Mercado,2024-02-13,Carnaval,N,ABERTO
POR427,S - Estrada de Benfica,2024-02-13,Carnaval,N,ABERTO
POR454,,2024-02-13,Carnaval,N,ABERTO
POR019,Coina,2024-02-13,Carnaval,N,ABERTO
POR417,S - Nuno Alvares Pereira,2024-02-13,Carnaval,N,ABERTO
POR027,Setúbal,2024-02-13,Carnaval,N,ABERTO
POR412,S - Gil Vicente,2024-02-13,Carnaval,N,ABERTO
POR423,S - Bento Gonçalves,2024-02-13,Carnaval,N,ABERTO
POR425,S - R.Luis Queiroz,2024-02-13,Carnaval,N,ABERTO
POR434,S - Av. D. João II,2024-02-13,Carnaval,N,ABERTO
POR432,S - Costa Caparica (Navegantes),2024-02-13,Carnaval,N,ABERTO
POR405,S - Costa Caparica (Pescadores),2024-02-13,Carnaval,N,ABERTO
POR410,S - Penha de Franca,2024-02-13,Carnaval,N,ABERTO
POR039,Vila do Conde,2024-02-13,Carnaval,N,ABERTO
POR445,S - Conde Redondo,2024-02-13,Carnaval,N,ABERTO
POR446,S - Bento Jesus,2024-02-13,Carnaval,N,ABERTO
POR021,Évora,2024-02-13,Carnaval,N,ABERTO
POR010,Viseu,2024-02-13,Carnaval,N,ABERTO
POR054,Guarda,2024-02-13,Carnaval,N,ABERTO
POR028,Castelo Branco,2024-02-13,Carnaval,N,ABERTO
POR009,Coimbra,2024-02-13,Carnaval,N,ABERTO
POR032,Aveiro,2024-02-13,Carnaval,N,ABERTO
POR034,Figueira da Foz,2024-02-13,Carnaval,N,ABERTO
POR062,Eiras,2024-02-13,Carnaval,N,ABERTO
POR030,Santo Tirso,2024-02-13,Carnaval,N,ABERTO
POR036,Vila Real,2024-02-13,Carnaval,N,ABERTO
POR017,Guimarães,2024-02-13,Carnaval,N,ABERTO
POR031,Famalicão,2024-02-13,Carnaval,N,ABERTO
U0141,S - Vila Franca de Xira,2024-02-13,Carnaval,N,ABERTO
POR454,,2024-03-29,Sexta-Feira Santa,N,ABERTO
U0141,S - Vila Franca de Xira,2024-03-29,Sexta-feira Santa,N,ABERTO
POR019,Coina,2024-03-29,Sexta-Feira Santa,N,ABERTO
POR417,S - Nuno Alvares Pereira,2024-03-29,Sexta-Feira Santa,N,ABERTO
POR027,Setúbal,2024-03-29,Sexta-Feira Santa,N,ABERTO
POR412,S - Gil Vicente,2024-03-29,Sexta-Feira Santa,N,ABERTO
POR423,S - Bento Gonçalves,2024-03-29,Sexta-Feira Santa,N,ABERTO
POR425,S - R.Luis Queiroz,2024-03-29,Sexta-Feira Santa,N,ABERTO
POR434,S - Av. D. João II,2024-03-29,Sexta-Feira Santa,N,ABERTO
POR432,S - Costa Caparica (Navegantes),2024-03-29,Sexta-Feira Santa,N,ABERTO
POR405,S - Costa Caparica (Pescadores),2024-03-29,Sexta-Feira Santa,N,ABERTO
POR410,S - Penha de Franca,2024-03-29,Sexta-Feira Santa,N,ABERTO
POR039,Vila do Conde,2024-03-29,Sexta-Feira Santa,N,ABERTO
POR445,S - Conde Redondo,2024-03-29,Sexta-Feira Santa,N,ABERTO
POR446,S - Bento Jesus,2024-03-29,Sexta-Feira Santa,N,ABERTO
POR021,Évora,2024-03-29,Sexta-Feira Santa,N,ABERTO
POR010,Viseu,2024-03-29,Sexta-Feira Santa,N,ABERTO
POR054,Guarda,2024-03-29,Sexta-Feira Santa,N,ABERTO
POR028,Castelo Branco,2024-03-29,Sexta-Feira Santa,N,ABERTO
POR009,Coimbra,2024-03-29,Sexta-Feira Santa,N,ABERTO
POR032,Aveiro,2024-03-29,Sexta-Feira Santa,N,ABERTO
POR034,Figueira da Foz,2024-03-29,Sexta-Feira Santa,N,ABERTO
POR062,Eiras,2024-03-29,Sexta-Feira Santa,N,ABERTO
POR030,Santo Tirso,2024-03-29,Sexta-Feira Santa,N,ABERTO
POR036,Vila Real,2024-03-29,Sexta-Feira Santa,N,ABERTO
POR017,Guimarães,2024-03-29,Sexta-Feira Santa,N,ABERTO
POR031,Famalicão,2024-03-29,Sexta-Feira Santa,N,ABERTO
POR052,Caldas da Rainha,2024-03-29,Sexta-Feira Santa,N,ABERTO
POR033,Faro,2024-03-29,Sexta-Feira Santa,N,ABERTO
POR026,Maia,2024-03-29,Sexta-Feira Santa,N,ABERTO
POR035,Gondomar,2024-03-29,Sexta-Feira Santa,N,ABERTO
POR008,Gaia,2024-03-29,Sexta-Feira Santa,N,ABERTO
POR065,Canidelo,2024-03-29,Sexta-Feira Santa,N,ABERTO
POR016,Matosinhos,2024-03-29,Sexta-Feira Santa,N,ABERTO
POR023,Portimão,2024-03-29,Sexta-Feira Santa,N,ABERTO
POR411,S - Benfica,2024-03-29,Sexta-Feira Santa,N,ABERTO
POR402,S - João XXI,2024-03-29,Sexta-Feira Santa,N,ABERTO
POR433,S - Oscar Monteiro,2024-03-29,Sexta-Feira Santa,N,ABERTO
POR429,S - Carnide,2024-03-29,Sexta-Feira Santa,N,ABERTO
POR029,Alverca,2024-03-29,Sexta-Feira Santa,N,ABERTO
POR406,S - Graça,2024-03-29,Sexta-Feira Santa,N,ABERTO
POR404,Up Duque Avila,2024-03-29,Sexta-Feira Santa,N,ABERTO
POR430,S - Amadora,2024-03-29,Sexta-Feira Santa,N,ABERTO
POR063,Lagoa,2024-03-29,Sexta-Feira Santa,N,ABERTO
POR422,S - Benificiencia,2024-03-29,Sexta-Feira Santa,N,ABERTO
POR013,Torres Vedras,2024-03-29,Sexta-Feira Santa,N,ABERTO
POR416,S - Odivelas,2024-03-29,Sexta-Feira Santa,N,ABERTO
POR053,Olhão,2024-03-29,Sexta-Feira Santa,N,ABERTO
POR420,S - Bobadela,2024-03-29,Sexta-Feira Santa,N,ABERTO
POR424,S - Lumiar,2024-03-29,Sexta-Feira Santa,N,ABERTO
POR413,S - Avenida Republica,2024-03-29,Sexta-Feira Santa,N,ABERTO
POR414,S - Columbano Bordalo Pinheiro,2024-03-29,Sexta-Feira Santa,N,ABERTO
POR408,S - Campolide,2024-03-29,Sexta-Feira Santa,N,ABERTO
POR403,S - Pascoal de Melo,2024-03-29,Sexta-Feira Santa,N,ABERTO
POR025,Alfragide,2024-03-29,Sexta-Feira Santa,N,ABERTO
POR407,S - Queluz,2024-03-29,Sexta-Feira Santa,N,ABERTO
POR435,S - Jose Ricardo,2024-03-29,Sexta-Feira Santa,N,ABERTO
POR409,S - Almirante Reis ,2024-03-29,Sexta-Feira Santa,N,ABERTO
POR012,Almada Fórum,2024-03-29,Sexta-Feira Santa,N,ABERTO
POR018,Paço de Arcos,2024-03-29,Sexta-Feira Santa,N,ABERTO
POR419,S - Algés ,2024-03-29,Sexta-Feira Santa,N,ABERTO
POR421,S - Almirante Reis II,2024-03-29,Sexta-Feira Santa,N,ABERTO
POR038,Sintra,2024-03-29,Sexta-Feira Santa,N,ABERTO
POR436,S - Campo de Ourique,2024-03-29,Sexta-Feira Santa,N,ABERTO
POR437,S - Pedro Nunes,2024-03-29,Sexta-Feira Santa,N,ABERTO
POR438,S - Rua Visconde Santarém,2024-03-29,Sexta-Feira Santa,N,ABERTO
POR057,Campera,2024-03-29,Sexta-Feira Santa,N,ABERTO
POR058,Faro Mercado,2024-03-29,Sexta-Feira Santa,N,ABERTO
POR427,S - Estrada de Benfica,2024-03-29,Sexta-Feira Santa,N,ABERTO
POR454,,2024-03-31,Páscoa,N,ABERTO
POR019,Coina,2024-03-31,Páscoa,N,ABERTO
POR417,S - Nuno Alvares Pereira,2024-03-31,Páscoa,N,ABERTO
POR027,Setúbal,2024-03-31,Páscoa,N,ABERTO
POR412,S - Gil Vicente,2024-03-31,Páscoa,N,ABERTO
POR423,S - Bento Gonçalves,2024-03-31,Páscoa,N,ABERTO
POR425,S - R.Luis Queiroz,2024-03-31,Páscoa,N,ABERTO
POR434,S - Av. D. João II,2024-03-31,Páscoa,N,ABERTO
POR432,S - Costa Caparica (Navegantes),2024-03-31,Páscoa,N,ABERTO
POR405,S - Costa Caparica (Pescadores),2024-03-31,Páscoa,N,ABERTO
POR410,S - Penha de Franca,2024-03-31,Páscoa,N,ABERTO
POR039,Vila do Conde,2024-03-31,Páscoa,N,ABERTO
POR445,S - Conde Redondo,2024-03-31,Páscoa,N,ABERTO
POR446,S - Bento Jesus,2024-03-31,Páscoa,N,ABERTO
POR021,Évora,2024-03-31,Páscoa,N,ABERTO
POR010,Viseu,2024-03-31,Páscoa,N,ABERTO
POR054,Guarda,2024-03-31,Páscoa,N,ABERTO
POR028,Castelo Branco,2024-03-31,Páscoa,N,ABERTO
POR009,Coimbra,2024-03-31,Páscoa,N,ABERTO
POR032,Aveiro,2024-03-31,Páscoa,N,ABERTO
POR034,Figueira da Foz,2024-03-31,Páscoa,N,ABERTO
POR062,Eiras,2024-03-31,Páscoa,N,ABERTO
POR030,Santo Tirso,2024-03-31,Páscoa,N,ABERTO
POR036,Vila Real,2024-03-31,Páscoa,N,ABERTO
POR017,Guimarães,2024-03-31,Páscoa,N,ABERTO
POR031,Famalicão,2024-03-31,Páscoa,N,ABERTO
POR052,Caldas da Rainha,2024-03-31,Páscoa,N,ABERTO
POR033,Faro,2024-03-31,Páscoa,N,ABERTO
POR026,Maia,2024-03-31,Páscoa,N,ABERTO
POR035,Gondomar,2024-03-31,Páscoa,N,ABERTO
POR008,Gaia,2024-03-31,Páscoa,N,ABERTO
POR065,Canidelo,2024-03-31,Páscoa,N,ABERTO
POR016,Matosinhos,2024-03-31,Páscoa,N,ABERTO
POR023,Portimão,2024-03-31,Páscoa,N,ABERTO
POR411,S - Benfica,2024-03-31,Páscoa,N,ABERTO
POR402,S - João XXI,2024-03-31,Páscoa,N,ABERTO
POR433,S - Oscar Monteiro,2024-03-31,Páscoa,N,ABERTO
POR429,S - Carnide,2024-03-31,Páscoa,N,ABERTO
POR029,Alverca,2024-03-31,Páscoa,N,ABERTO
POR406,S - Graça,2024-03-31,Páscoa,N,ABERTO
POR404,Up Duque Avila,2024-03-31,Páscoa,N,ABERTO
POR430,S - Amadora,2024-03-31,Páscoa,N,ABERTO
POR063,Lagoa,2024-03-31,Páscoa,N,ABERTO
POR422,S - Benificiencia,2024-03-31,Páscoa,N,ABERTO
POR013,Torres Vedras,2024-03-31,Páscoa,N,ABERTO
POR416,S - Odivelas,2024-03-31,Páscoa,N,ABERTO
POR053,Olhão,2024-03-31,Páscoa,N,ABERTO
POR420,S - Bobadela,2024-03-31,Páscoa,N,ABERTO
POR424,S - Lumiar,2024-03-31,Páscoa,N,ABERTO
POR413,S - Avenida Republica,2024-03-31,Páscoa,N,ABERTO
POR414,S - Columbano Bordalo Pinheiro,2024-03-31,Páscoa,N,ABERTO
POR408,S - Campolide,2024-03-31,Páscoa,N,ABERTO
POR403,S - Pascoal de Melo,2024-03-31,Páscoa,N,ABERTO
POR025,Alfragide,2024-03-31,Páscoa,N,ABERTO
POR407,S - Queluz,2024-03-31,Páscoa,N,ABERTO
POR435,S - Jose Ricardo,2024-03-31,Páscoa,N,ABERTO
POR409,S - Almirante Reis ,2024-03-31,Páscoa,N,ABERTO
POR012,Almada Fórum,2024-03-31,Páscoa,N,ABERTO
POR018,Paço de Arcos,2024-03-31,Páscoa,N,ABERTO
POR419,S - Algés ,2024-03-31,Páscoa,N,ABERTO
POR421,S - Almirante Reis II,2024-03-31,Páscoa,N,ABERTO
POR038,Sintra,2024-03-31,Páscoa,N,ABERTO
POR436,S - Campo de Ourique,2024-03-31,Páscoa,N,ABERTO
POR437,S - Pedro Nunes,2024-03-31,Páscoa,N,ABERTO
POR438,S - Rua Visconde Santarém,2024-03-31,Páscoa,N,ABERTO
POR057,Campera,2024-03-31,Páscoa,N,ABERTO
POR058,Faro Mercado,2024-03-31,Páscoa,N,ABERTO
POR427,S - Estrada de Benfica,2024-03-31,Páscoa,N,ABERTO
U0141,S - Vila Franca de Xira,2024-03-31,Pascoa,N,ABERTO
POR027,Setúbal,2020-01-01,Ano Novo,S,ABERTO
POR434,S - Av. D. João II,2020-01-01,Ano Novo,S,ABERTO
POR423,S - Bento Gonçalves,2020-01-01,Ano Novo,S,ABERTO
POR432,S - Costa Caparica (Navegantes),2020-01-01,Ano Novo,S,ABERTO
POR412,S - Gil Vicente,2020-01-01,Ano Novo,S,ABERTO
POR425,S - R.Luis Queiroz,2020-01-01,Ano Novo,S,ABERTO
POR021,Évora,2020-01-01,Ano Novo,S,FECHADO
POR031,Famalicão,2020-01-01,Dia de Ano Novo,S,ABERTO
POR034,Figueira da Foz,2020-01-01,Dia de Ano Novo,S,ABERTO
POR406,S - Graça,2020-01-01,Dia de Ano Novo,S,ABERTO
POR402,S - João XXI,2020-01-01,Dia de Ano Novo,S,ABERTO
POR435,S - Jose Ricardo,2020-01-01,Dia de Ano Novo,S,ABERTO
POR424,S - Lumiar,2020-01-01,Dia de Ano Novo,S,ABERTO
POR416,S - Odivelas,2020-01-01,Dia de Ano Novo,S,ABERTO
POR052,Caldas da Rainha,2020-01-01,Dia de Ano Novo,S,ABERTO
POR057,Campera,2020-01-01,Dia de Ano Novo,S,ABERTO
POR033,Faro,2020-01-01,Dia de Ano Novo,S,FECHADO
POR058,Faro Mercado,2020-01-01,Dia de Ano Novo,S,ABERTO
POR063,Lagoa,2020-01-01,Dia de Ano Novo,S,ABERTO
POR053,Olhão,2020-01-01,Dia de Ano Novo,S,ABERTO
POR018,Paço de Arcos,2020-01-01,Dia de Ano Novo,S,ABERTO
POR023,Portimão,2020-01-01,Dia de Ano Novo,S,FECHADO
POR038,Sintra,2020-01-01,Dia de Ano Novo,S,ABERTO
POR013,Torres Vedras,2020-01-01,Dia de Ano Novo,S,ABERTO
POR025,Alfragide,2020-01-01,passagem de ano,S,ABERTO
POR029,Alverca,2020-01-01,Dia de Ano Novo,S,ABERTO
POR419,S - Algés ,2020-01-01,Dia de Ano Novo,S,ABERTO
POR409,S - Almirante Reis ,2020-01-01,Dia de Ano Novo,S,ABERTO
POR421,S - Almirante Reis II,2020-01-01,Dia de Ano Novo,S,ABERTO
POR430,S - Amadora,2020-01-01,Dia de Ano Novo,S,ABERTO
POR413,S - Avenida Republica,2020-01-01,Dia de Ano Novo,S,ABERTO
POR411,S - Benfica,2020-01-01,Dia de Ano Novo,S,ABERTO
POR422,S - Benificiencia,2020-01-01,Dia de Ano Novo,S,ABERTO
POR420,S - Bobadela,2020-01-01,Dia de Ano Novo,S,ABERTO
POR436,S - Campo de Ourique,2020-01-01,Dia de Ano Novo,S,ABERTO
POR408,S - Campolide,2020-01-01,Dia de Ano Novo,S,ABERTO
POR429,S - Carnide,2020-01-01,Dia de Ano Novo,S,ABERTO
POR414,S - Columbano Bordalo Pinheiro,2020-01-01,Dia de Ano Novo,S,ABERTO
POR404,Up Duque Avila,2020-01-01,Dia de Ano Novo,S,ABERTO
POR427,S - Estrada de Benfica,2020-01-01,Dia de Ano Novo,S,ABERTO
POR019,Coina,2020-01-01,Dia de Ano Novo,S,ABERTO
POR417,S - Nuno Alvares Pereira,2020-01-01,Dia de Ano Novo,S,ABERTO
POR010,Viseu,2020-01-01,Dia de Ano Novo,S,ABERTO
POR054,Guarda,2020-01-01,Dia de Ano Novo,S,ABERTO
POR009,Coimbra,2020-01-01,Dia de Ano Novo,S,ABERTO
POR032,Aveiro,2020-01-01,Dia de Ano Novo,S,ABERTO
POR030,Santo Tirso,2020-01-01,Dia de Ano Novo,S,ABERTO
POR036,Vila Real,2020-01-01,Dia de Ano Novo,S,ABERTO
POR017,Guimarães,2020-01-01,Dia de Ano Novo,S,ABERTO
POR026,Maia,2020-01-01,Dia de Ano Novo,S,ABERTO
POR035,Gondomar,2020-01-01,Dia de Ano Novo,S,ABERTO
POR008,Gaia,2020-01-01,Dia de Ano Novo,S,ABERTO
POR065,Canidelo,2020-01-01,Dia de Ano Novo,S,ABERTO
POR016,Matosinhos,2020-01-01,Dia de Ano Novo,S,ABERTO
POR012,Almada Fórum,2020-01-01,Dia de Ano Novo,S,FECHADO
POR433,S - Oscar Monteiro,2020-01-01,Dia de Ano Novo,S,ABERTO
POR437,S - Pedro Nunes,2020-01-01,Dia de Ano Novo,S,ABERTO
POR410,S - Penha de Franca,2020-01-01,Dia de Ano Novo,S,ABERTO
POR407,S - Queluz,2020-01-01,Dia de Ano Novo,S,ABERTO
POR438,S - Rua Visconde Santarém,2020-01-01,Dia de Ano Novo,S,ABERTO
POR039,Vila do Conde,2020-01-01,Dia de Ano Novo,S,ABERTO
U0143,S - Ajuda,2020-01-01,Dia de Ano Novo,S,ABERTO
POR062,Eiras,2020-01-01,Ano Novo,S,ABERTO
U0142,S - Cacilhas,2020-01-01,Dia de Ano Novo,S,ABERTO
U0141,S - Vila Franca de Xira,2020-01-01,Dia de Ano Novo,S,ABERTO
POR445,S - Conde Redondo,2020-01-01,Dia de Ano Novo,S,ABERTO
POR454,,2020-01-01,Dia de Ano Novo,S,ABERTO
POR446,S - Bento Jesus,2020-01-01,Ano Novo,S,ABERTO
U0143,S - Ajuda,2020-04-07,Feriado aberto,S,ABERTO
POR031,Famalicão,2020-04-25,Dia da Liberdade,S,ABERTO
POR026,Maia,2020-04-25,Dia da Liberdade,S,ABERTO
POR039,Vila do Conde,2020-04-25,Dia da Liberdade,S,ABERTO
POR035,Gondomar,2020-04-25,Dia da Liberdade,S,ABERTO
U0141,S - Vila Franca de Xira,2020-04-25,Dia da Liberedade,S,ABERTO
POR405,S - Costa Caparica (Pescadores),2020-05-01,1º MAIO - FERIADO ABERTO,S,ABERTO
POR013,Torres Vedras,2020-05-01,Dia do Trabalhador,S,ABERTO
U0141,S - Vila Franca de Xira,2020-05-01,Dia do Trabalhador,S,ABERTO
POR032,Aveiro,2020-05-12,Feriado Cidade Aveiro,S,ABERTO
POR025,Alfragide,2020-06-07,Feriado Municipal de Oeiras,S,ABERTO
POR018,Paço de Arcos,2020-06-07,Feriado Municipal de Oeiras,S,ABERTO
POR035,Gondomar,2020-06-08,Corpo de Deus,S,ABERTO
U0141,S - Vila Franca de Xira,2020-06-08,Corpo de Deus,S,ABERTO
U0141,S - Vila Franca de Xira,2020-06-10,Dia de Portugal,S,ABERTO
POR436,S - Campo de Ourique,2020-06-13,Feriado Municipal de Lisboa,S,ABERTO
POR435,S - Jose Ricardo,2020-06-13,Feriado Municipal de Lisboa,S,ABERTO
POR437,S - Pedro Nunes,2020-06-13,Feriado Municipal de Lisboa,S,ABERTO
POR438,S - Rua Visconde Santarém,2020-06-13,Feriado Municipal de Lisboa,S,ABERTO
POR433,S - Oscar Monteiro,2020-06-13,Feriado Municipal de Lisboa,S,ABERTO
POR039,Vila do Conde,2020-06-24,Feriado Municipal,S,ABERTO
POR446,S - Bento Jesus,2020-06-24,Feriado Municipal de Vila Nova de Gaia ,S,ABERTO
POR420,S - Bobadela,2020-07-26,Feriado Municipal de Loures,S,ABERTO
U0143,S - Ajuda,2020-08-13,Feriado municipal,S,ABERTO
POR031,Famalicão,2020-08-15,Assunção de Maria,S,ABERTO
POR039,Vila do Conde,2020-08-15,Assunção de Maria,S,ABERTO
POR063,Lagoa,2020-09-08,Feriado Municipal de Lagoa,S,ABERTO
POR434,S - Av. D. João II,2020-09-15,Dia de Bocage (municipal),S,ABERTO
POR010,Viseu,2020-09-21,Feriado Cidade Viseu,S,ABERTO
POR031,Famalicão,2020-10-05,Implantação da República,S,ABERTO
POR039,Vila do Conde,2020-10-05,Implantação da República,S,ABERTO
POR034,Figueira da Foz,2020-10-05,Implantação da República,S,ABERTO
POR010,Viseu,2020-11-01,Feriado Dia de todos os Santos,S,ABERTO
POR416,S - Odivelas,2020-11-19,Feriado Municipal de Odivelas,S,ABERTO
POR031,Famalicão,2020-12-01,Restauração da Independência,S,ABERTO
POR039,Vila do Conde,2020-12-01,Restauração da Independência,S,ABERTO
POR035,Gondomar,2020-12-01,Restauração da Independência,S,ABERTO
POR010,Viseu,2020-12-01,Restauração da Independência,S,ABERTO
POR028,Castelo Branco,2020-12-08,Dia da Imaculada Conceição,S,ABERTO
POR029,Alverca,2020-12-08,Imaculada Conceição,S,ABERTO
POR062,Eiras,2020-12-25,Dia de natal,S,ABERTO
POR027,Setúbal,2020-12-25,Natal,S,ABERTO
POR434,S - Av. D. João II,2020-12-25,Natal,S,FECHADO
POR412,S - Gil Vicente,2020-12-25,Natal,S,FECHADO
POR021,Évora,2020-12-25,Dia de natal,S,FECHADO
POR009,Coimbra,2020-12-25,Natal,S,FECHADO
POR427,S - Estrada de Benfica,2020-12-25,Natal,S,ABERTO
POR406,S - Graça,2020-12-25,Natal,S,ABERTO
POR402,S - João XXI,2020-12-25,Natal,S,ABERTO
POR435,S - Jose Ricardo,2020-12-25,Natal,S,ABERTO
POR052,Caldas da Rainha,2020-12-25,Natal,S,ABERTO
POR057,Campera,2020-12-25,Natal,S,ABERTO
POR033,Faro,2020-12-25,Natal,S,FECHADO
POR063,Lagoa,2020-12-25,Natal,S,FECHADO
POR053,Olhão,2020-12-25,Natal,S,ABERTO
POR018,Paço de Arcos,2020-12-25,Natal,S,ABERTO
POR023,Portimão,2020-12-25,Natal,S,ABERTO
POR038,Sintra,2020-12-25,Natal,S,ABERTO
POR013,Torres Vedras,2020-12-25,Natal,S,ABERTO
POR025,Alfragide,2020-12-25,Natal,S,ABERTO
POR436,S - Campo de Ourique,2020-12-25,Natal,S,ABERTO
POR407,S - Queluz,2020-12-25,Natal,S,ABERTO
POR029,Alverca,2020-12-25,Natal,S,ABERTO
POR019,Coina,2020-12-25,Natal,S,ABERTO
POR425,S - R.Luis Queiroz,2020-12-25,Natal,S,ABERTO
POR028,Castelo Branco,2020-12-25,Natal,S,ABERTO
POR032,Aveiro,2020-12-25,Natal,S,ABERTO
POR034,Figueira da Foz,2020-12-25,Natal,S,ABERTO
POR030,Santo Tirso,2020-12-25,Natal,S,ABERTO
POR036,Vila Real,2020-12-25,Natal,S,ABERTO
POR017,Guimarães,2020-12-25,Natal,S,ABERTO
POR026,Maia,2020-12-25,Natal,S,ABERTO
POR035,Gondomar,2020-12-25,Natal,S,ABERTO
POR008,Gaia,2020-12-25,Natal,S,ABERTO
POR065,Canidelo,2020-12-25,Natal,S,ABERTO
POR016,Matosinhos,2020-12-25,Natal,S,ABERTO
POR012,Almada Fórum,2020-12-25,Natal,S,FECHADO
POR039,Vila do Conde,2020-12-25,Natal,S,ABERTO
POR446,S - Bento Jesus,2020-12-25,Natal,S,ABERTO
POR454,,2020-12-25,Natal,S,ABERTO
POR027,Setúbal,2021-01-01,Ano Novo,S,ABERTO
POR434,S - Av. D. João II,2021-01-01,Ano Novo,S,ABERTO
POR423,S - Bento Gonçalves,2021-01-01,Ano Novo,S,ABERTO
POR432,S - Costa Caparica (Navegantes),2021-01-01,Ano Novo,S,ABERTO
POR412,S - Gil Vicente,2021-01-01,Ano Novo,S,ABERTO
POR425,S - R.Luis Queiroz,2021-01-01,Ano Novo,S,ABERTO
POR021,Évora,2021-01-01,Ano Novo,S,FECHADO
POR031,Famalicão,2021-01-01,Dia de Ano Novo,S,ABERTO
POR034,Figueira da Foz,2021-01-01,Dia de Ano Novo,S,ABERTO
POR406,S - Graça,2021-01-01,Dia de Ano Novo,S,ABERTO
POR402,S - João XXI,2021-01-01,Dia de Ano Novo,S,ABERTO
POR435,S - Jose Ricardo,2021-01-01,Dia de Ano Novo,S,ABERTO
POR424,S - Lumiar,2021-01-01,Dia de Ano Novo,S,ABERTO
POR416,S - Odivelas,2021-01-01,Dia de Ano Novo,S,ABERTO
POR052,Caldas da Rainha,2021-01-01,Dia de Ano Novo,S,ABERTO
POR057,Campera,2021-01-01,Dia de Ano Novo,S,ABERTO
POR033,Faro,2021-01-01,Dia de Ano Novo,S,FECHADO
POR058,Faro Mercado,2021-01-01,Dia de Ano Novo,S,ABERTO
POR063,Lagoa,2021-01-01,Dia de Ano Novo,S,ABERTO
POR053,Olhão,2021-01-01,Dia de Ano Novo,S,ABERTO
POR018,Paço de Arcos,2021-01-01,Dia de Ano Novo,S,ABERTO
POR023,Portimão,2021-01-01,Dia de Ano Novo,S,FECHADO
POR038,Sintra,2021-01-01,Dia de Ano Novo,S,ABERTO
POR013,Torres Vedras,2021-01-01,Dia de Ano Novo,S,ABERTO
POR025,Alfragide,2021-01-01,passagem de ano,S,ABERTO
POR029,Alverca,2021-01-01,Dia de Ano Novo,S,ABERTO
POR419,S - Algés ,2021-01-01,Dia de Ano Novo,S,ABERTO
POR409,S - Almirante Reis ,2021-01-01,Dia de Ano Novo,S,ABERTO
POR421,S - Almirante Reis II,2021-01-01,Dia de Ano Novo,S,ABERTO
POR430,S - Amadora,2021-01-01,Dia de Ano Novo,S,ABERTO
POR413,S - Avenida Republica,2021-01-01,Dia de Ano Novo,S,ABERTO
POR411,S - Benfica,2021-01-01,Dia de Ano Novo,S,ABERTO
POR422,S - Benificiencia,2021-01-01,Dia de Ano Novo,S,ABERTO
POR420,S - Bobadela,2021-01-01,Dia de Ano Novo,S,ABERTO
POR436,S - Campo de Ourique,2021-01-01,Dia de Ano Novo,S,ABERTO
POR408,S - Campolide,2021-01-01,Dia de Ano Novo,S,ABERTO
POR429,S - Carnide,2021-01-01,Dia de Ano Novo,S,ABERTO
POR414,S - Columbano Bordalo Pinheiro,2021-01-01,Dia de Ano Novo,S,ABERTO
POR404,Up Duque Avila,2021-01-01,Dia de Ano Novo,S,ABERTO
POR427,S - Estrada de Benfica,2021-01-01,Dia de Ano Novo,S,ABERTO
POR019,Coina,2021-01-01,Dia de Ano Novo,S,ABERTO
POR417,S - Nuno Alvares Pereira,2021-01-01,Dia de Ano Novo,S,ABERTO
POR010,Viseu,2021-01-01,Dia de Ano Novo,S,ABERTO
POR054,Guarda,2021-01-01,Dia de Ano Novo,S,ABERTO
POR009,Coimbra,2021-01-01,Dia de Ano Novo,S,ABERTO
POR032,Aveiro,2021-01-01,Dia de Ano Novo,S,ABERTO
POR030,Santo Tirso,2021-01-01,Dia de Ano Novo,S,ABERTO
POR036,Vila Real,2021-01-01,Dia de Ano Novo,S,ABERTO
POR017,Guimarães,2021-01-01,Dia de Ano Novo,S,ABERTO
POR026,Maia,2021-01-01,Dia de Ano Novo,S,ABERTO
POR035,Gondomar,2021-01-01,Dia de Ano Novo,S,ABERTO
POR008,Gaia,2021-01-01,Dia de Ano Novo,S,ABERTO
POR065,Canidelo,2021-01-01,Dia de Ano Novo,S,ABERTO
POR016,Matosinhos,2021-01-01,Dia de Ano Novo,S,ABERTO
POR012,Almada Fórum,2021-01-01,Dia de Ano Novo,S,FECHADO
POR433,S - Oscar Monteiro,2021-01-01,Dia de Ano Novo,S,ABERTO
POR437,S - Pedro Nunes,2021-01-01,Dia de Ano Novo,S,ABERTO
POR410,S - Penha de Franca,2021-01-01,Dia de Ano Novo,S,ABERTO
POR407,S - Queluz,2021-01-01,Dia de Ano Novo,S,ABERTO
POR438,S - Rua Visconde Santarém,2021-01-01,Dia de Ano Novo,S,ABERTO
POR039,Vila do Conde,2021-01-01,Dia de Ano Novo,S,ABERTO
U0143,S - Ajuda,2021-01-01,Dia de Ano Novo,S,ABERTO
POR062,Eiras,2021-01-01,Ano Novo,S,ABERTO
U0142,S - Cacilhas,2021-01-01,Dia de Ano Novo,S,ABERTO
U0141,S - Vila Franca de Xira,2021-01-01,Dia de Ano Novo,S,ABERTO
POR445,S - Conde Redondo,2021-01-01,Dia de Ano Novo,S,ABERTO
POR454,,2021-01-01,Dia de Ano Novo,S,ABERTO
POR446,S - Bento Jesus,2021-01-01,Ano Novo,S,ABERTO
U0143,S - Ajuda,2021-04-07,Feriado aberto,S,ABERTO
POR031,Famalicão,2021-04-25,Dia da Liberdade,S,ABERTO
POR026,Maia,2021-04-25,Dia da Liberdade,S,ABERTO
POR039,Vila do Conde,2021-04-25,Dia da Liberdade,S,ABERTO
POR035,Gondomar,2021-04-25,Dia da Liberdade,S,ABERTO
U0141,S - Vila Franca de Xira,2021-04-25,Dia da Liberedade,S,ABERTO
POR405,S - Costa Caparica (Pescadores),2021-05-01,1º MAIO - FERIADO ABERTO,S,ABERTO
POR013,Torres Vedras,2021-05-01,Dia do Trabalhador,S,ABERTO
U0141,S - Vila Franca de Xira,2021-05-01,Dia do Trabalhador,S,ABERTO
POR032,Aveiro,2021-05-12,Feriado Cidade Aveiro,S,ABERTO
POR025,Alfragide,2021-06-07,Feriado Municipal de Oeiras,S,ABERTO
POR018,Paço de Arcos,2021-06-07,Feriado Municipal de Oeiras,S,ABERTO
POR035,Gondomar,2021-06-08,Corpo de Deus,S,ABERTO
U0141,S - Vila Franca de Xira,2021-06-08,Corpo de Deus,S,ABERTO
U0141,S - Vila Franca de Xira,2021-06-10,Dia de Portugal,S,ABERTO
POR436,S - Campo de Ourique,2021-06-13,Feriado Municipal de Lisboa,S,ABERTO
POR435,S - Jose Ricardo,2021-06-13,Feriado Municipal de Lisboa,S,ABERTO
POR437,S - Pedro Nunes,2021-06-13,Feriado Municipal de Lisboa,S,ABERTO
POR438,S - Rua Visconde Santarém,2021-06-13,Feriado Municipal de Lisboa,S,ABERTO
POR433,S - Oscar Monteiro,2021-06-13,Feriado Municipal de Lisboa,S,ABERTO
POR039,Vila do Conde,2021-06-24,Feriado Municipal,S,ABERTO
POR446,S - Bento Jesus,2021-06-24,Feriado Municipal de Vila Nova de Gaia ,S,ABERTO
POR420,S - Bobadela,2021-07-26,Feriado Municipal de Loures,S,ABERTO
U0143,S - Ajuda,2021-08-13,Feriado municipal,S,ABERTO
POR031,Famalicão,2021-08-15,Assunção de Maria,S,ABERTO
POR039,Vila do Conde,2021-08-15,Assunção de Maria,S,ABERTO
POR063,Lagoa,2021-09-08,Feriado Municipal de Lagoa,S,ABERTO
POR434,S - Av. D. João II,2021-09-15,Dia de Bocage (municipal),S,ABERTO
POR010,Viseu,2021-09-21,Feriado Cidade Viseu,S,ABERTO
POR031,Famalicão,2021-10-05,Implantação da República,S,ABERTO
POR039,Vila do Conde,2021-10-05,Implantação da República,S,ABERTO
POR034,Figueira da Foz,2021-10-05,Implantação da República,S,ABERTO
POR010,Viseu,2021-11-01,Feriado Dia de todos os Santos,S,ABERTO
POR416,S - Odivelas,2021-11-19,Feriado Municipal de Odivelas,S,ABERTO
POR031,Famalicão,2021-12-01,Restauração da Independência,S,ABERTO
POR039,Vila do Conde,2021-12-01,Restauração da Independência,S,ABERTO
POR035,Gondomar,2021-12-01,Restauração da Independência,S,ABERTO
POR010,Viseu,2021-12-01,Restauração da Independência,S,ABERTO
POR028,Castelo Branco,2021-12-08,Dia da Imaculada Conceição,S,ABERTO
POR029,Alverca,2021-12-08,Imaculada Conceição,S,ABERTO
POR062,Eiras,2021-12-25,Dia de natal,S,ABERTO
POR027,Setúbal,2021-12-25,Natal,S,ABERTO
POR434,S - Av. D. João II,2021-12-25,Natal,S,FECHADO
POR412,S - Gil Vicente,2021-12-25,Natal,S,FECHADO
POR021,Évora,2021-12-25,Dia de natal,S,FECHADO
POR009,Coimbra,2021-12-25,Natal,S,FECHADO
POR427,S - Estrada de Benfica,2021-12-25,Natal,S,ABERTO
POR406,S - Graça,2021-12-25,Natal,S,ABERTO
POR402,S - João XXI,2021-12-25,Natal,S,ABERTO
POR435,S - Jose Ricardo,2021-12-25,Natal,S,ABERTO
POR052,Caldas da Rainha,2021-12-25,Natal,S,ABERTO
POR057,Campera,2021-12-25,Natal,S,ABERTO
POR033,Faro,2021-12-25,Natal,S,FECHADO
POR063,Lagoa,2021-12-25,Natal,S,FECHADO
POR053,Olhão,2021-12-25,Natal,S,ABERTO
POR018,Paço de Arcos,2021-12-25,Natal,S,ABERTO
POR023,Portimão,2021-12-25,Natal,S,ABERTO
POR038,Sintra,2021-12-25,Natal,S,ABERTO
POR013,Torres Vedras,2021-12-25,Natal,S,ABERTO
POR025,Alfragide,2021-12-25,Natal,S,ABERTO
POR436,S - Campo de Ourique,2021-12-25,Natal,S,ABERTO
POR407,S - Queluz,2021-12-25,Natal,S,ABERTO
POR029,Alverca,2021-12-25,Natal,S,ABERTO
POR019,Coina,2021-12-25,Natal,S,ABERTO
POR425,S - R.Luis Queiroz,2021-12-25,Natal,S,ABERTO
POR028,Castelo Branco,2021-12-25,Natal,S,ABERTO
POR032,Aveiro,2021-12-25,Natal,S,ABERTO
POR034,Figueira da Foz,2021-12-25,Natal,S,ABERTO
POR030,Santo Tirso,2021-12-25,Natal,S,ABERTO
POR036,Vila Real,2021-12-25,Natal,S,ABERTO
POR017,Guimarães,2021-12-25,Natal,S,ABERTO
POR026,Maia,2021-12-25,Natal,S,ABERTO
POR035,Gondomar,2021-12-25,Natal,S,ABERTO
POR008,Gaia,2021-12-25,Natal,S,ABERTO
POR065,Canidelo,2021-12-25,Natal,S,ABERTO
POR016,Matosinhos,2021-12-25,Natal,S,ABERTO
POR012,Almada Fórum,2021-12-25,Natal,S,FECHADO
POR039,Vila do Conde,2021-12-25,Natal,S,ABERTO
POR446,S - Bento Jesus,2021-12-25,Natal,S,ABERTO
POR454,,2021-12-25,Natal,S,ABERTO
POR027,Setúbal,2022-01-01,Ano Novo,S,ABERTO
POR434,S - Av. D. João II,2022-01-01,Ano Novo,S,ABERTO
POR423,S - Bento Gonçalves,2022-01-01,Ano Novo,S,ABERTO
POR432,S - Costa Caparica (Navegantes),2022-01-01,Ano Novo,S,ABERTO
POR412,S - Gil Vicente,2022-01-01,Ano Novo,S,ABERTO
POR425,S - R.Luis Queiroz,2022-01-01,Ano Novo,S,ABERTO
POR021,Évora,2022-01-01,Ano Novo,S,FECHADO
POR031,Famalicão,2022-01-01,Dia de Ano Novo,S,ABERTO
POR034,Figueira da Foz,2022-01-01,Dia de Ano Novo,S,ABERTO
POR406,S - Graça,2022-01-01,Dia de Ano Novo,S,ABERTO
POR402,S - João XXI,2022-01-01,Dia de Ano Novo,S,ABERTO
POR435,S - Jose Ricardo,2022-01-01,Dia de Ano Novo,S,ABERTO
POR424,S - Lumiar,2022-01-01,Dia de Ano Novo,S,ABERTO
POR416,S - Odivelas,2022-01-01,Dia de Ano Novo,S,ABERTO
POR052,Caldas da Rainha,2022-01-01,Dia de Ano Novo,S,ABERTO
POR057,Campera,2022-01-01,Dia de Ano Novo,S,ABERTO
POR033,Faro,2022-01-01,Dia de Ano Novo,S,FECHADO
POR058,Faro Mercado,2022-01-01,Dia de Ano Novo,S,ABERTO
POR063,Lagoa,2022-01-01,Dia de Ano Novo,S,ABERTO
POR053,Olhão,2022-01-01,Dia de Ano Novo,S,ABERTO
POR018,Paço de Arcos,2022-01-01,Dia de Ano Novo,S,ABERTO
POR023,Portimão,2022-01-01,Dia de Ano Novo,S,FECHADO
POR038,Sintra,2022-01-01,Dia de Ano Novo,S,ABERTO
POR013,Torres Vedras,2022-01-01,Dia de Ano Novo,S,ABERTO
POR025,Alfragide,2022-01-01,passagem de ano,S,ABERTO
POR029,Alverca,2022-01-01,Dia de Ano Novo,S,ABERTO
POR419,S - Algés ,2022-01-01,Dia de Ano Novo,S,ABERTO
POR409,S - Almirante Reis ,2022-01-01,Dia de Ano Novo,S,ABERTO
POR421,S - Almirante Reis II,2022-01-01,Dia de Ano Novo,S,ABERTO
POR430,S - Amadora,2022-01-01,Dia de Ano Novo,S,ABERTO
POR413,S - Avenida Republica,2022-01-01,Dia de Ano Novo,S,ABERTO
POR411,S - Benfica,2022-01-01,Dia de Ano Novo,S,ABERTO
POR422,S - Benificiencia,2022-01-01,Dia de Ano Novo,S,ABERTO
POR420,S - Bobadela,2022-01-01,Dia de Ano Novo,S,ABERTO
POR436,S - Campo de Ourique,2022-01-01,Dia de Ano Novo,S,ABERTO
POR408,S - Campolide,2022-01-01,Dia de Ano Novo,S,ABERTO
POR429,S - Carnide,2022-01-01,Dia de Ano Novo,S,ABERTO
POR414,S - Columbano Bordalo Pinheiro,2022-01-01,Dia de Ano Novo,S,ABERTO
POR404,Up Duque Avila,2022-01-01,Dia de Ano Novo,S,ABERTO
POR427,S - Estrada de Benfica,2022-01-01,Dia de Ano Novo,S,ABERTO
POR019,Coina,2022-01-01,Dia de Ano Novo,S,ABERTO
POR417,S - Nuno Alvares Pereira,2022-01-01,Dia de Ano Novo,S,ABERTO
POR010,Viseu,2022-01-01,Dia de Ano Novo,S,ABERTO
POR054,Guarda,2022-01-01,Dia de Ano Novo,S,ABERTO
POR009,Coimbra,2022-01-01,Dia de Ano Novo,S,ABERTO
POR032,Aveiro,2022-01-01,Dia de Ano Novo,S,ABERTO
POR030,Santo Tirso,2022-01-01,Dia de Ano Novo,S,ABERTO
POR036,Vila Real,2022-01-01,Dia de Ano Novo,S,ABERTO
POR017,Guimarães,2022-01-01,Dia de Ano Novo,S,ABERTO
POR026,Maia,2022-01-01,Dia de Ano Novo,S,ABERTO
POR035,Gondomar,2022-01-01,Dia de Ano Novo,S,ABERTO
POR008,Gaia,2022-01-01,Dia de Ano Novo,S,ABERTO
POR065,Canidelo,2022-01-01,Dia de Ano Novo,S,ABERTO
POR016,Matosinhos,2022-01-01,Dia de Ano Novo,S,ABERTO
POR012,Almada Fórum,2022-01-01,Dia de Ano Novo,S,FECHADO
POR433,S - Oscar Monteiro,2022-01-01,Dia de Ano Novo,S,ABERTO
POR437,S - Pedro Nunes,2022-01-01,Dia de Ano Novo,S,ABERTO
POR410,S - Penha de Franca,2022-01-01,Dia de Ano Novo,S,ABERTO
POR407,S - Queluz,2022-01-01,Dia de Ano Novo,S,ABERTO
POR438,S - Rua Visconde Santarém,2022-01-01,Dia de Ano Novo,S,ABERTO
POR039,Vila do Conde,2022-01-01,Dia de Ano Novo,S,ABERTO
U0143,S - Ajuda,2022-01-01,Dia de Ano Novo,S,ABERTO
POR062,Eiras,2022-01-01,Ano Novo,S,ABERTO
U0142,S - Cacilhas,2022-01-01,Dia de Ano Novo,S,ABERTO
U0141,S - Vila Franca de Xira,2022-01-01,Dia de Ano Novo,S,ABERTO
POR445,S - Conde Redondo,2022-01-01,Dia de Ano Novo,S,ABERTO
POR454,,2022-01-01,Dia de Ano Novo,S,ABERTO
POR446,S - Bento Jesus,2022-01-01,Ano Novo,S,ABERTO
U0143,S - Ajuda,2022-04-07,Feriado aberto,S,ABERTO
POR031,Famalicão,2022-04-25,Dia da Liberdade,S,ABERTO
POR026,Maia,2022-04-25,Dia da Liberdade,S,ABERTO
POR039,Vila do Conde,2022-04-25,Dia da Liberdade,S,ABERTO
POR035,Gondomar,2022-04-25,Dia da Liberdade,S,ABERTO
U0141,S - Vila Franca de Xira,2022-04-25,Dia da Liberedade,S,ABERTO
POR405,S - Costa Caparica (Pescadores),2022-05-01,1º MAIO - FERIADO ABERTO,S,ABERTO
POR013,Torres Vedras,2022-05-01,Dia do Trabalhador,S,ABERTO
U0141,S - Vila Franca de Xira,2022-05-01,Dia do Trabalhador,S,ABERTO
POR032,Aveiro,2022-05-12,Feriado Cidade Aveiro,S,ABERTO
POR025,Alfragide,2022-06-07,Feriado Municipal de Oeiras,S,ABERTO
POR018,Paço de Arcos,2022-06-07,Feriado Municipal de Oeiras,S,ABERTO
POR035,Gondomar,2022-06-08,Corpo de Deus,S,ABERTO
U0141,S - Vila Franca de Xira,2022-06-08,Corpo de Deus,S,ABERTO
U0141,S - Vila Franca de Xira,2022-06-10,Dia de Portugal,S,ABERTO
POR436,S - Campo de Ourique,2022-06-13,Feriado Municipal de Lisboa,S,ABERTO
POR435,S - Jose Ricardo,2022-06-13,Feriado Municipal de Lisboa,S,ABERTO
POR437,S - Pedro Nunes,2022-06-13,Feriado Municipal de Lisboa,S,ABERTO
POR438,S - Rua Visconde Santarém,2022-06-13,Feriado Municipal de Lisboa,S,ABERTO
POR433,S - Oscar Monteiro,2022-06-13,Feriado Municipal de Lisboa,S,ABERTO
POR039,Vila do Conde,2022-06-24,Feriado Municipal,S,ABERTO
POR446,S - Bento Jesus,2022-06-24,Feriado Municipal de Vila Nova de Gaia ,S,ABERTO
POR420,S - Bobadela,2022-07-26,Feriado Municipal de Loures,S,ABERTO
U0143,S - Ajuda,2022-08-13,Feriado municipal,S,ABERTO
POR031,Famalicão,2022-08-15,Assunção de Maria,S,ABERTO
POR039,Vila do Conde,2022-08-15,Assunção de Maria,S,ABERTO
POR063,Lagoa,2022-09-08,Feriado Municipal de Lagoa,S,ABERTO
POR434,S - Av. D. João II,2022-09-15,Dia de Bocage (municipal),S,ABERTO
POR010,Viseu,2022-09-21,Feriado Cidade Viseu,S,ABERTO
POR031,Famalicão,2022-10-05,Implantação da República,S,ABERTO
POR039,Vila do Conde,2022-10-05,Implantação da República,S,ABERTO
POR034,Figueira da Foz,2022-10-05,Implantação da República,S,ABERTO
POR010,Viseu,2022-11-01,Feriado Dia de todos os Santos,S,ABERTO
POR416,S - Odivelas,2022-11-19,Feriado Municipal de Odivelas,S,ABERTO
POR031,Famalicão,2022-12-01,Restauração da Independência,S,ABERTO
POR039,Vila do Conde,2022-12-01,Restauração da Independência,S,ABERTO
POR035,Gondomar,2022-12-01,Restauração da Independência,S,ABERTO
POR010,Viseu,2022-12-01,Restauração da Independência,S,ABERTO
POR028,Castelo Branco,2022-12-08,Dia da Imaculada Conceição,S,ABERTO
POR029,Alverca,2022-12-08,Imaculada Conceição,S,ABERTO
POR062,Eiras,2022-12-25,Dia de natal,S,ABERTO
POR027,Setúbal,2022-12-25,Natal,S,ABERTO
POR434,S - Av. D. João II,2022-12-25,Natal,S,FECHADO
POR412,S - Gil Vicente,2022-12-25,Natal,S,FECHADO
POR021,Évora,2022-12-25,Dia de natal,S,FECHADO
POR009,Coimbra,2022-12-25,Natal,S,FECHADO
POR427,S - Estrada de Benfica,2022-12-25,Natal,S,ABERTO
POR406,S - Graça,2022-12-25,Natal,S,ABERTO
POR402,S - João XXI,2022-12-25,Natal,S,ABERTO
POR435,S - Jose Ricardo,2022-12-25,Natal,S,ABERTO
POR052,Caldas da Rainha,2022-12-25,Natal,S,ABERTO
POR057,Campera,2022-12-25,Natal,S,ABERTO
POR033,Faro,2022-12-25,Natal,S,FECHADO
POR063,Lagoa,2022-12-25,Natal,S,FECHADO
POR053,Olhão,2022-12-25,Natal,S,ABERTO
POR018,Paço de Arcos,2022-12-25,Natal,S,ABERTO
POR023,Portimão,2022-12-25,Natal,S,ABERTO
POR038,Sintra,2022-12-25,Natal,S,ABERTO
POR013,Torres Vedras,2022-12-25,Natal,S,ABERTO
POR025,Alfragide,2022-12-25,Natal,S,ABERTO
POR436,S - Campo de Ourique,2022-12-25,Natal,S,ABERTO
POR407,S - Queluz,2022-12-25,Natal,S,ABERTO
POR029,Alverca,2022-12-25,Natal,S,ABERTO
POR019,Coina,2022-12-25,Natal,S,ABERTO
POR425,S - R.Luis Queiroz,2022-12-25,Natal,S,ABERTO
POR028,Castelo Branco,2022-12-25,Natal,S,ABERTO
POR032,Aveiro,2022-12-25,Natal,S,ABERTO
POR034,Figueira da Foz,2022-12-25,Natal,S,ABERTO
POR030,Santo Tirso,2022-12-25,Natal,S,ABERTO
POR036,Vila Real,2022-12-25,Natal,S,ABERTO
POR017,Guimarães,2022-12-25,Natal,S,ABERTO
POR026,Maia,2022-12-25,Natal,S,ABERTO
POR035,Gondomar,2022-12-25,Natal,S,ABERTO
POR008,Gaia,2022-12-25,Natal,S,ABERTO
POR065,Canidelo,2022-12-25,Natal,S,ABERTO
POR016,Matosinhos,2022-12-25,Natal,S,ABERTO
POR012,Almada Fórum,2022-12-25,Natal,S,FECHADO
POR039,Vila do Conde,2022-12-25,Natal,S,ABERTO
POR446,S - Bento Jesus,2022-12-25,Natal,S,ABERTO
POR454,,2022-12-25,Natal,S,ABERTO
POR027,Setúbal,2023-01-01,Ano Novo,S,ABERTO
POR434,S - Av. D. João II,2023-01-01,Ano Novo,S,ABERTO
POR423,S - Bento Gonçalves,2023-01-01,Ano Novo,S,ABERTO
POR432,S - Costa Caparica (Navegantes),2023-01-01,Ano Novo,S,ABERTO
POR412,S - Gil Vicente,2023-01-01,Ano Novo,S,ABERTO
POR425,S - R.Luis Queiroz,2023-01-01,Ano Novo,S,ABERTO
POR021,Évora,2023-01-01,Ano Novo,S,FECHADO
POR031,Famalicão,2023-01-01,Dia de Ano Novo,S,ABERTO
POR034,Figueira da Foz,2023-01-01,Dia de Ano Novo,S,ABERTO
POR406,S - Graça,2023-01-01,Dia de Ano Novo,S,ABERTO
POR402,S - João XXI,2023-01-01,Dia de Ano Novo,S,ABERTO
POR435,S - Jose Ricardo,2023-01-01,Dia de Ano Novo,S,ABERTO
POR424,S - Lumiar,2023-01-01,Dia de Ano Novo,S,ABERTO
POR416,S - Odivelas,2023-01-01,Dia de Ano Novo,S,ABERTO
POR052,Caldas da Rainha,2023-01-01,Dia de Ano Novo,S,ABERTO
POR057,Campera,2023-01-01,Dia de Ano Novo,S,ABERTO
POR033,Faro,2023-01-01,Dia de Ano Novo,S,FECHADO
POR058,Faro Mercado,2023-01-01,Dia de Ano Novo,S,ABERTO
POR063,Lagoa,2023-01-01,Dia de Ano Novo,S,ABERTO
POR053,Olhão,2023-01-01,Dia de Ano Novo,S,ABERTO
POR018,Paço de Arcos,2023-01-01,Dia de Ano Novo,S,ABERTO
POR023,Portimão,2023-01-01,Dia de Ano Novo,S,FECHADO
POR038,Sintra,2023-01-01,Dia de Ano Novo,S,ABERTO
POR013,Torres Vedras,2023-01-01,Dia de Ano Novo,S,ABERTO
POR025,Alfragide,2023-01-01,passagem de ano,S,ABERTO
POR029,Alverca,2023-01-01,Dia de Ano Novo,S,ABERTO
POR419,S - Algés ,2023-01-01,Dia de Ano Novo,S,ABERTO
POR409,S - Almirante Reis ,2023-01-01,Dia de Ano Novo,S,ABERTO
POR421,S - Almirante Reis II,2023-01-01,Dia de Ano Novo,S,ABERTO
POR430,S - Amadora,2023-01-01,Dia de Ano Novo,S,ABERTO
POR413,S - Avenida Republica,2023-01-01,Dia de Ano Novo,S,ABERTO
POR411,S - Benfica,2023-01-01,Dia de Ano Novo,S,ABERTO
POR422,S - Benificiencia,2023-01-01,Dia de Ano Novo,S,ABERTO
POR420,S - Bobadela,2023-01-01,Dia de Ano Novo,S,ABERTO
POR436,S - Campo de Ourique,2023-01-01,Dia de Ano Novo,S,ABERTO
POR408,S - Campolide,2023-01-01,Dia de Ano Novo,S,ABERTO
POR429,S - Carnide,2023-01-01,Dia de Ano Novo,S,ABERTO
POR414,S - Columbano Bordalo Pinheiro,2023-01-01,Dia de Ano Novo,S,ABERTO
POR404,Up Duque Avila,2023-01-01,Dia de Ano Novo,S,ABERTO
POR427,S - Estrada de Benfica,2023-01-01,Dia de Ano Novo,S,ABERTO
POR019,Coina,2023-01-01,Dia de Ano Novo,S,ABERTO
POR417,S - Nuno Alvares Pereira,2023-01-01,Dia de Ano Novo,S,ABERTO
POR010,Viseu,2023-01-01,Dia de Ano Novo,S,ABERTO
POR054,Guarda,2023-01-01,Dia de Ano Novo,S,ABERTO
POR009,Coimbra,2023-01-01,Dia de Ano Novo,S,ABERTO
POR032,Aveiro,2023-01-01,Dia de Ano Novo,S,ABERTO
POR030,Santo Tirso,2023-01-01,Dia de Ano Novo,S,ABERTO
POR036,Vila Real,2023-01-01,Dia de Ano Novo,S,ABERTO
POR017,Guimarães,2023-01-01,Dia de Ano Novo,S,ABERTO
POR026,Maia,2023-01-01,Dia de Ano Novo,S,ABERTO
POR035,Gondomar,2023-01-01,Dia de Ano Novo,S,ABERTO
POR008,Gaia,2023-01-01,Dia de Ano Novo,S,ABERTO
POR065,Canidelo,2023-01-01,Dia de Ano Novo,S,ABERTO
POR016,Matosinhos,2023-01-01,Dia de Ano Novo,S,ABERTO
POR012,Almada Fórum,2023-01-01,Dia de Ano Novo,S,FECHADO
POR433,S - Oscar Monteiro,2023-01-01,Dia de Ano Novo,S,ABERTO
POR437,S - Pedro Nunes,2023-01-01,Dia de Ano Novo,S,ABERTO
POR410,S - Penha de Franca,2023-01-01,Dia de Ano Novo,S,ABERTO
POR407,S - Queluz,2023-01-01,Dia de Ano Novo,S,ABERTO
POR438,S - Rua Visconde Santarém,2023-01-01,Dia de Ano Novo,S,ABERTO
POR039,Vila do Conde,2023-01-01,Dia de Ano Novo,S,ABERTO
U0143,S - Ajuda,2023-01-01,Dia de Ano Novo,S,ABERTO
POR062,Eiras,2023-01-01,Ano Novo,S,ABERTO
U0142,S - Cacilhas,2023-01-01,Dia de Ano Novo,S,ABERTO
U0141,S - Vila Franca de Xira,2023-01-01,Dia de Ano Novo,S,ABERTO
POR445,S - Conde Redondo,2023-01-01,Dia de Ano Novo,S,ABERTO
POR454,,2023-01-01,Dia de Ano Novo,S,ABERTO
POR446,S - Bento Jesus,2023-01-01,Ano Novo,S,ABERTO
U0143,S - Ajuda,2023-04-07,Feriado aberto,S,ABERTO
POR031,Famalicão,2023-04-25,Dia da Liberdade,S,ABERTO
POR026,Maia,2023-04-25,Dia da Liberdade,S,ABERTO
POR039,Vila do Conde,2023-04-25,Dia da Liberdade,S,ABERTO
POR035,Gondomar,2023-04-25,Dia da Liberdade,S,ABERTO
U0141,S - Vila Franca de Xira,2023-04-25,Dia da Liberedade,S,ABERTO
POR405,S - Costa Caparica (Pescadores),2023-05-01,1º MAIO - FERIADO ABERTO,S,ABERTO
POR013,Torres Vedras,2023-05-01,Dia do Trabalhador,S,ABERTO
U0141,S - Vila Franca de Xira,2023-05-01,Dia do Trabalhador,S,ABERTO
POR032,Aveiro,2023-05-12,Feriado Cidade Aveiro,S,ABERTO
POR025,Alfragide,2023-06-07,Feriado Municipal de Oeiras,S,ABERTO
POR018,Paço de Arcos,2023-06-07,Feriado Municipal de Oeiras,S,ABERTO
POR035,Gondomar,2023-06-08,Corpo de Deus,S,ABERTO
U0141,S - Vila Franca de Xira,2023-06-08,Corpo de Deus,S,ABERTO
U0141,S - Vila Franca de Xira,2023-06-10,Dia de Portugal,S,ABERTO
POR436,S - Campo de Ourique,2023-06-13,Feriado Municipal de Lisboa,S,ABERTO
POR435,S - Jose Ricardo,2023-06-13,Feriado Municipal de Lisboa,S,ABERTO
POR437,S - Pedro Nunes,2023-06-13,Feriado Municipal de Lisboa,S,ABERTO
POR438,S - Rua Visconde Santarém,2023-06-13,Feriado Municipal de Lisboa,S,ABERTO
POR433,S - Oscar Monteiro,2023-06-13,Feriado Municipal de Lisboa,S,ABERTO
POR039,Vila do Conde,2023-06-24,Feriado Municipal,S,ABERTO
POR446,S - Bento Jesus,2023-06-24,Feriado Municipal de Vila Nova de Gaia ,S,ABERTO
POR420,S - Bobadela,2023-07-26,Feriado Municipal de Loures,S,ABERTO
U0143,S - Ajuda,2023-08-13,Feriado municipal,S,ABERTO
POR031,Famalicão,2023-08-15,Assunção de Maria,S,ABERTO
POR039,Vila do Conde,2023-08-15,Assunção de Maria,S,ABERTO
POR063,Lagoa,2023-09-08,Feriado Municipal de Lagoa,S,ABERTO
POR434,S - Av. D. João II,2023-09-15,Dia de Bocage (municipal),S,ABERTO
POR010,Viseu,2023-09-21,Feriado Cidade Viseu,S,ABERTO
POR031,Famalicão,2023-10-05,Implantação da República,S,ABERTO
POR039,Vila do Conde,2023-10-05,Implantação da República,S,ABERTO
POR034,Figueira da Foz,2023-10-05,Implantação da República,S,ABERTO
POR010,Viseu,2023-11-01,Feriado Dia de todos os Santos,S,ABERTO
POR416,S - Odivelas,2023-11-19,Feriado Municipal de Odivelas,S,ABERTO
POR031,Famalicão,2023-12-01,Restauração da Independência,S,ABERTO
POR039,Vila do Conde,2023-12-01,Restauração da Independência,S,ABERTO
POR035,Gondomar,2023-12-01,Restauração da Independência,S,ABERTO
POR010,Viseu,2023-12-01,Restauração da Independência,S,ABERTO
POR028,Castelo Branco,2023-12-08,Dia da Imaculada Conceição,S,ABERTO
POR029,Alverca,2023-12-08,Imaculada Conceição,S,ABERTO
POR062,Eiras,2023-12-25,Dia de natal,S,ABERTO
POR027,Setúbal,2023-12-25,Natal,S,ABERTO
POR434,S - Av. D. João II,2023-12-25,Natal,S,FECHADO
POR412,S - Gil Vicente,2023-12-25,Natal,S,FECHADO
POR021,Évora,2023-12-25,Dia de natal,S,FECHADO
POR009,Coimbra,2023-12-25,Natal,S,FECHADO
POR427,S - Estrada de Benfica,2023-12-25,Natal,S,ABERTO
POR406,S - Graça,2023-12-25,Natal,S,ABERTO
POR402,S - João XXI,2023-12-25,Natal,S,ABERTO
POR435,S - Jose Ricardo,2023-12-25,Natal,S,ABERTO
POR052,Caldas da Rainha,2023-12-25,Natal,S,ABERTO
POR057,Campera,2023-12-25,Natal,S,ABERTO
POR033,Faro,2023-12-25,Natal,S,FECHADO
POR063,Lagoa,2023-12-25,Natal,S,FECHADO
POR053,Olhão,2023-12-25,Natal,S,ABERTO
POR018,Paço de Arcos,2023-12-25,Natal,S,ABERTO
POR023,Portimão,2023-12-25,Natal,S,ABERTO
POR038,Sintra,2023-12-25,Natal,S,ABERTO
POR013,Torres Vedras,2023-12-25,Natal,S,ABERTO
POR025,Alfragide,2023-12-25,Natal,S,ABERTO
POR436,S - Campo de Ourique,2023-12-25,Natal,S,ABERTO
POR407,S - Queluz,2023-12-25,Natal,S,ABERTO
POR029,Alverca,2023-12-25,Natal,S,ABERTO
POR019,Coina,2023-12-25,Natal,S,ABERTO
POR425,S - R.Luis Queiroz,2023-12-25,Natal,S,ABERTO
POR028,Castelo Branco,2023-12-25,Natal,S,ABERTO
POR032,Aveiro,2023-12-25,Natal,S,ABERTO
POR034,Figueira da Foz,2023-12-25,Natal,S,ABERTO
POR030,Santo Tirso,2023-12-25,Natal,S,ABERTO
POR036,Vila Real,2023-12-25,Natal,S,ABERTO
POR017,Guimarães,2023-12-25,Natal,S,ABERTO
POR026,Maia,2023-12-25,Natal,S,ABERTO
POR035,Gondomar,2023-12-25,Natal,S,ABERTO
POR008,Gaia,2023-12-25,Natal,S,ABERTO
POR065,Canidelo,2023-12-25,Natal,S,ABERTO
POR016,Matosinhos,2023-12-25,Natal,S,ABERTO
POR012,Almada Fórum,2023-12-25,Natal,S,FECHADO
POR039,Vila do Conde,2023-12-25,Natal,S,ABERTO
POR446,S - Bento Jesus,2023-12-25,Natal,S,ABERTO
POR454,,2023-12-25,Natal,S,ABERTO
POR027,Setúbal,2024-01-01,Ano Novo,S,ABERTO
POR434,S - Av. D. João II,2024-01-01,Ano Novo,S,ABERTO
POR423,S - Bento Gonçalves,2024-01-01,Ano Novo,S,ABERTO
POR432,S - Costa Caparica (Navegantes),2024-01-01,Ano Novo,S,ABERTO
POR412,S - Gil Vicente,2024-01-01,Ano Novo,S,ABERTO
POR425,S - R.Luis Queiroz,2024-01-01,Ano Novo,S,ABERTO
POR021,Évora,2024-01-01,Ano Novo,S,FECHADO
POR031,Famalicão,2024-01-01,Dia de Ano Novo,S,ABERTO
POR034,Figueira da Foz,2024-01-01,Dia de Ano Novo,S,ABERTO
POR406,S - Graça,2024-01-01,Dia de Ano Novo,S,ABERTO
POR402,S - João XXI,2024-01-01,Dia de Ano Novo,S,ABERTO
POR435,S - Jose Ricardo,2024-01-01,Dia de Ano Novo,S,ABERTO
POR424,S - Lumiar,2024-01-01,Dia de Ano Novo,S,ABERTO
POR416,S - Odivelas,2024-01-01,Dia de Ano Novo,S,ABERTO
POR052,Caldas da Rainha,2024-01-01,Dia de Ano Novo,S,ABERTO
POR057,Campera,2024-01-01,Dia de Ano Novo,S,ABERTO
POR033,Faro,2024-01-01,Dia de Ano Novo,S,FECHADO
POR058,Faro Mercado,2024-01-01,Dia de Ano Novo,S,ABERTO
POR063,Lagoa,2024-01-01,Dia de Ano Novo,S,ABERTO
POR053,Olhão,2024-01-01,Dia de Ano Novo,S,ABERTO
POR018,Paço de Arcos,2024-01-01,Dia de Ano Novo,S,ABERTO
POR023,Portimão,2024-01-01,Dia de Ano Novo,S,FECHADO
POR038,Sintra,2024-01-01,Dia de Ano Novo,S,ABERTO
POR013,Torres Vedras,2024-01-01,Dia de Ano Novo,S,ABERTO
POR025,Alfragide,2024-01-01,passagem de ano,S,ABERTO
POR029,Alverca,2024-01-01,Dia de Ano Novo,S,ABERTO
POR419,S - Algés ,2024-01-01,Dia de Ano Novo,S,ABERTO
POR409,S - Almirante Reis ,2024-01-01,Dia de Ano Novo,S,ABERTO
POR421,S - Almirante Reis II,2024-01-01,Dia de Ano Novo,S,ABERTO
POR430,S - Amadora,2024-01-01,Dia de Ano Novo,S,ABERTO
POR413,S - Avenida Republica,2024-01-01,Dia de Ano Novo,S,ABERTO
POR411,S - Benfica,2024-01-01,Dia de Ano Novo,S,ABERTO
POR422,S - Benificiencia,2024-01-01,Dia de Ano Novo,S,ABERTO
POR420,S - Bobadela,2024-01-01,Dia de Ano Novo,S,ABERTO
POR436,S - Campo de Ourique,2024-01-01,Dia de Ano Novo,S,ABERTO
POR408,S - Campolide,2024-01-01,Dia de Ano Novo,S,ABERTO
POR429,S - Carnide,2024-01-01,Dia de Ano Novo,S,ABERTO
POR414,S - Columbano Bordalo Pinheiro,2024-01-01,Dia de Ano Novo,S,ABERTO
POR404,Up Duque Avila,2024-01-01,Dia de Ano Novo,S,ABERTO
POR427,S - Estrada de Benfica,2024-01-01,Dia de Ano Novo,S,ABERTO
POR019,Coina,2024-01-01,Dia de Ano Novo,S,ABERTO
POR417,S - Nuno Alvares Pereira,2024-01-01,Dia de Ano Novo,S,ABERTO
POR010,Viseu,2024-01-01,Dia de Ano Novo,S,ABERTO
POR054,Guarda,2024-01-01,Dia de Ano Novo,S,ABERTO
POR009,Coimbra,2024-01-01,Dia de Ano Novo,S,ABERTO
POR032,Aveiro,2024-01-01,Dia de Ano Novo,S,ABERTO
POR030,Santo Tirso,2024-01-01,Dia de Ano Novo,S,ABERTO
POR036,Vila Real,2024-01-01,Dia de Ano Novo,S,ABERTO
POR017,Guimarães,2024-01-01,Dia de Ano Novo,S,ABERTO
POR026,Maia,2024-01-01,Dia de Ano Novo,S,ABERTO
POR035,Gondomar,2024-01-01,Dia de Ano Novo,S,ABERTO
POR008,Gaia,2024-01-01,Dia de Ano Novo,S,ABERTO
POR065,Canidelo,2024-01-01,Dia de Ano Novo,S,ABERTO
POR016,Matosinhos,2024-01-01,Dia de Ano Novo,S,ABERTO
POR012,Almada Fórum,2024-01-01,Dia de Ano Novo,S,FECHADO
POR433,S - Oscar Monteiro,2024-01-01,Dia de Ano Novo,S,ABERTO
POR437,S - Pedro Nunes,2024-01-01,Dia de Ano Novo,S,ABERTO
POR410,S - Penha de Franca,2024-01-01,Dia de Ano Novo,S,ABERTO
POR407,S - Queluz,2024-01-01,Dia de Ano Novo,S,ABERTO
POR438,S - Rua Visconde Santarém,2024-01-01,Dia de Ano Novo,S,ABERTO
POR039,Vila do Conde,2024-01-01,Dia de Ano Novo,S,ABERTO
U0143,S - Ajuda,2024-01-01,Dia de Ano Novo,S,ABERTO
POR062,Eiras,2024-01-01,Ano Novo,S,ABERTO
U0142,S - Cacilhas,2024-01-01,Dia de Ano Novo,S,ABERTO
U0141,S - Vila Franca de Xira,2024-01-01,Dia de Ano Novo,S,ABERTO
POR445,S - Conde Redondo,2024-01-01,Dia de Ano Novo,S,ABERTO
POR454,,2024-01-01,Dia de Ano Novo,S,ABERTO
POR446,S - Bento Jesus,2024-01-01,Ano Novo,S,ABERTO
U0143,S - Ajuda,2024-04-07,Feriado aberto,S,ABERTO
POR031,Famalicão,2024-04-25,Dia da Liberdade,S,ABERTO
POR026,Maia,2024-04-25,Dia da Liberdade,S,ABERTO
POR039,Vila do Conde,2024-04-25,Dia da Liberdade,S,ABERTO
POR035,Gondomar,2024-04-25,Dia da Liberdade,S,ABERTO
U0141,S - Vila Franca de Xira,2024-04-25,Dia da Liberedade,S,ABERTO
POR405,S - Costa Caparica (Pescadores),2024-05-01,1º MAIO - FERIADO ABERTO,S,ABERTO
POR013,Torres Vedras,2024-05-01,Dia do Trabalhador,S,ABERTO
U0141,S - Vila Franca de Xira,2024-05-01,Dia do Trabalhador,S,ABERTO
POR032,Aveiro,2024-05-12,Feriado Cidade Aveiro,S,ABERTO
POR025,Alfragide,2024-06-07,Feriado Municipal de Oeiras,S,ABERTO
POR018,Paço de Arcos,2024-06-07,Feriado Municipal de Oeiras,S,ABERTO
POR035,Gondomar,2024-06-08,Corpo de Deus,S,ABERTO
U0141,S - Vila Franca de Xira,2024-06-08,Corpo de Deus,S,ABERTO
U0141,S - Vila Franca de Xira,2024-06-10,Dia de Portugal,S,ABERTO
POR436,S - Campo de Ourique,2024-06-13,Feriado Municipal de Lisboa,S,ABERTO
POR435,S - Jose Ricardo,2024-06-13,Feriado Municipal de Lisboa,S,ABERTO
POR437,S - Pedro Nunes,2024-06-13,Feriado Municipal de Lisboa,S,ABERTO
POR438,S - Rua Visconde Santarém,2024-06-13,Feriado Municipal de Lisboa,S,ABERTO
POR433,S - Oscar Monteiro,2024-06-13,Feriado Municipal de Lisboa,S,ABERTO
POR039,Vila do Conde,2024-06-24,Feriado Municipal,S,ABERTO
POR446,S - Bento Jesus,2024-06-24,Feriado Municipal de Vila Nova de Gaia ,S,ABERTO
POR420,S - Bobadela,2024-07-26,Feriado Municipal de Loures,S,ABERTO
U0143,S - Ajuda,2024-08-13,Feriado municipal,S,ABERTO
POR031,Famalicão,2024-08-15,Assunção de Maria,S,ABERTO
POR039,Vila do Conde,2024-08-15,Assunção de Maria,S,ABERTO
POR063,Lagoa,2024-09-08,Feriado Municipal de Lagoa,S,ABERTO
POR434,S - Av. D. João II,2024-09-15,Dia de Bocage (municipal),S,ABERTO
POR010,Viseu,2024-09-21,Feriado Cidade Viseu,S,ABERTO
POR031,Famalicão,2024-10-05,Implantação da República,S,ABERTO
POR039,Vila do Conde,2024-10-05,Implantação da República,S,ABERTO
POR034,Figueira da Foz,2024-10-05,Implantação da República,S,ABERTO
POR010,Viseu,2024-11-01,Feriado Dia de todos os Santos,S,ABERTO
POR416,S - Odivelas,2024-11-19,Feriado Municipal de Odivelas,S,ABERTO
POR031,Famalicão,2024-12-01,Restauração da Independência,S,ABERTO
POR039,Vila do Conde,2024-12-01,Restauração da Independência,S,ABERTO
POR035,Gondomar,2024-12-01,Restauração da Independência,S,ABERTO
POR010,Viseu,2024-12-01,Restauração da Independência,S,ABERTO
POR028,Castelo Branco,2024-12-08,Dia da Imaculada Conceição,S,ABERTO
POR029,Alverca,2024-12-08,Imaculada Conceição,S,ABERTO
POR062,Eiras,2024-12-25,Dia de natal,S,ABERTO
POR027,Setúbal,2024-12-25,Natal,S,ABERTO
POR434,S - Av. D. João II,2024-12-25,Natal,S,FECHADO
POR412,S - Gil Vicente,2024-12-25,Natal,S,FECHADO
POR021,Évora,2024-12-25,Dia de natal,S,FECHADO
POR009,Coimbra,2024-12-25,Natal,S,FECHADO
POR427,S - Estrada de Benfica,2024-12-25,Natal,S,ABERTO
POR406,S - Graça,2024-12-25,Natal,S,ABERTO
POR402,S - João XXI,2024-12-25,Natal,S,ABERTO
POR435,S - Jose Ricardo,2024-12-25,Natal,S,ABERTO
POR052,Caldas da Rainha,2024-12-25,Natal,S,ABERTO
POR057,Campera,2024-12-25,Natal,S,ABERTO
POR033,Faro,2024-12-25,Natal,S,FECHADO
POR063,Lagoa,2024-12-25,Natal,S,FECHADO
POR053,Olhão,2024-12-25,Natal,S,ABERTO
POR018,Paço de Arcos,2024-12-25,Natal,S,ABERTO
POR023,Portimão,2024-12-25,Natal,S,ABERTO
POR038,Sintra,2024-12-25,Natal,S,ABERTO
POR013,Torres Vedras,2024-12-25,Natal,S,ABERTO
POR025,Alfragide,2024-12-25,Natal,S,ABERTO
POR436,S - Campo de Ourique,2024-12-25,Natal,S,ABERTO
POR407,S - Queluz,2024-12-25,Natal,S,ABERTO
POR029,Alverca,2024-12-25,Natal,S,ABERTO
POR019,Coina,2024-12-25,Natal,S,ABERTO
POR425,S - R.Luis Queiroz,2024-12-25,Natal,S,ABERTO
POR028,Castelo Branco,2024-12-25,Natal,S,ABERTO
POR032,Aveiro,2024-12-25,Natal,S,ABERTO
POR034,Figueira da Foz,2024-12-25,Natal,S,ABERTO
POR030,Santo Tirso,2024-12-25,Natal,S,ABERTO
POR036,Vila Real,2024-12-25,Natal,S,ABERTO
POR017,Guimarães,2024-12-25,Natal,S,ABERTO
POR026,Maia,2024-12-25,Natal,S,ABERTO
POR035,Gondomar,2024-12-25,Natal,S,ABERTO
POR008,Gaia,2024-12-25,Natal,S,ABERTO
POR065,Canidelo,2024-12-25,Natal,S,ABERTO
POR016,Matosinhos,2024-12-25,Natal,S,ABERTO
POR012,Almada Fórum,2024-12-25,Natal,S,FECHADO
POR039,Vila do Conde,2024-12-25,Natal,S,ABERTO
POR446,S - Bento Jesus,2024-12-25,Natal,S,ABERTO
POR454,,2024-12-25,Natal,S,ABERTO
